entity,ean,description,gtin,width,height,length,net_weight,gross_weight,created_at,updated_at,release_date,price,avg_price,max_price,min_price,gtins[0].gtin,gtins[0].commercial_unit.type_packaging,gtins[0].commercial_unit.quantity_packaging,gtins[0].commercial_unit.ballast,gtins[0].commercial_unit.layer,origin,barcode_image,api_status,thumbnail,brand.name,brand.picture,ncm.code,ncm.description,ncm.full_description,ncm.ex,gtins[1].gtin,gtins[1].commercial_unit.type_packaging,gtins[1].commercial_unit.quantity_packaging,gtins[1].commercial_unit.ballast,gtins[1].commercial_unit.layer,category.id,category.description,category.parent_id,cest.id,cest.code,cest.description,cest.parent_id,gtins[2].gtin,gtins[2].commercial_unit.type_packaging,gtins[2].commercial_unit.quantity_packaging,gtins[2].commercial_unit.ballast,gtins[2].commercial_unit.layer
Air Fryer,0618231568338,FRITADEIRA AIR FRYER,618231568338,,,,,,2023-05-07T17:00:23.000-03:00,2023-05-07T17:00:24.000-03:00,,,,0,0,618231568338,Unidade,1,,,COSMOS,https://cosmos.bluesoft.com.br/products/barcode/78746D3F49921C0B925A42EDF7181AA9.png,,,,,,,,,,,,,,,,,,,,,,,,,
Air Fryer,0618231568550,,,,,,,,,,,,,,,,,,,,,,Não encontrado,,,,,,,,,,,,,,,,,,,,,,,,
Air Fryer,0618341418264,AIR FRYER DUPLA LABR,618341418264,,,,,,2023-06-12T09:13:31.000-03:00,2024-10-07T10:25:58.000-03:00,,,,0,0,618341418264,Unidade,1,,,COSMOS,https://cosmos.bluesoft.com.br/products/barcode/C61BF4573474CE84B2F1308DB594E6B9.png,,,,,,,,,,,,,,,,,,,,,,,,,
Air Fryer,0622356559133,,,,,,,,,,,,,,,,,,,,,,Não encontrado,,,,,,,,,,,,,,,,,,,,,,,,
Air Fryer,0622356635042,NINJA - AIR FRYER PRO 4-IN-1 WITH 5 QT CAPACITY - GRAY,622356635042,26.3906,26.3906,,,,2026-03-21T08:37:03.000-03:00,2026-03-21T08:37:05.000-03:00,,,,0,0,622356635042,Unidade,1,,,COSMOS,https://cosmos.bluesoft.com.br/products/barcode/CCF2700C27C353485F85D55FEE352A5B.png,,https://cdn-cosmos.bluesoft.com.br/products/622356635042,NINJA,/assets/brand-placeholder-7080174fbd24025783105a607811edad.png,,,,,,,,,,,,,,,,,,,,,
Air Fryer,0630941399200,,,,,,,,,,,,,,,,,,,,,,Não encontrado,,,,,,,,,,,,,,,,,,,,,,,,
Air Fryer,0652185374027,,,,,,,,,,,,,,,,,,,,,,Não encontrado,,,,,,,,,,,,,,,,,,,,,,,,
Air Fryer,0723509817732,,,,,,,,,,,,,,,,,,,,,,Não encontrado,,,,,,,,,,,,,,,,,,,,,,,,
Air Fryer,0810002863592,,,,,,,,,,,,,,,,,,,,,,Não encontrado,,,,,,,,,,,,,,,,,,,,,,,,
Air Fryer,2504956166684,,,,,,,,,,,,,,,,,,,,,,Não encontrado,,,,,,,,,,,,,,,,,,,,,,,,
Air Fryer,3016661156960,FRITADEIRA ELETRICA S/OLEO AIRFRY MODERNA EY1208B1/PZO-3519 ARNO,3016661156960,,,,,,2020-11-18T19:28:09.000-03:00,2024-11-18T20:31:19.000-03:00,,,,0,0,3016661156960,Unidade,1,,,COSMOS,https://cosmos.bluesoft.com.br/products/barcode/7651862CFC686D31AE0A6AEFE97089B6.png,,,,,85167920,Fritadoras,"Máquinas, aparelhos e materiais elétricos, e suas partes; aparelhos de gravação ou de reprodução de som, aparelhos de gravação ou de reprodução de imagens e de som em televisão, e suas partes e acessórios - Aquecedores elétricos de água, incluindo os de imersão; aparelhos elétricos para aquecimentodeambientes,dosoloouparausossemelhantes;aparelhos eletrotérmicos para arranjos do cabelo (por exemplo, secadores de cabelo, frisadores, aquecedores de ferros de frisar) ou para secar as mãos; ferros elétricos de passar; outros aparelhos eletrotérmicos de uso doméstico; resistências de aquecimento, exceto as da posição 85.45. - Outros aparelhos eletrotérmicos: - Outros - Fritadoras",,,,,,,,,,,,,,,,,,
Air Fryer,3045387297206,,,,,,,,,,,,,,,,,,,,,,Não encontrado,,,,,,,,,,,,,,,,,,,,,,,,
Air Fryer,4722879710359,,,,,,,,,,,,,,,,,,,,,,Não encontrado,,,,,,,,,,,,,,,,,,,,,,,,
Air Fryer,4897121005160,"FRITADEIRA ELETRICA GAABOR SEM OLEO DIGITAL 3,5L AIR FRYER 127V 220V",4897121005160,,,,,,2025-04-26T13:30:03.000-03:00,2026-09-09T15:48:29.000-03:00,,,,0,0,4897121005160,Unidade,1,,,COSMOS,https://cosmos.bluesoft.com.br/products/barcode/45C21792ADBCA68297BD267C7B3A87CD.png,,,,,,,,,,,,,,,,,,,,,,,,,
Air Fryer,7798357873561,,,,,,,,,,,,,,,,,,,,,,Não encontrado,,,,,,,,,,,,,,,,,,,,,,,,
Air Fryer,7799254027972,,,,,,,,,,,,,,,,,,,,,,Não encontrado,,,,,,,,,,,,,,,,,,,,,,,,
Air Fryer,7842714006410,,,,,,,,,,,,,,,,,,,,,,Não encontrado,,,,,,,,,,,,,,,,,,,,,,,,
Air Fryer,7891356081118,FRITAD BRITANIA AIR 3.5L PT 220V BRF10P,7891356081118,,,,,,2021-05-17T12:02:53.000-03:00,2023-03-15T01:03:38.000-03:00,,,,0,0,7891356081118,Unidade,1,,,COSMOS,https://cosmos.bluesoft.com.br/products/barcode/7273861E81AD72DA3D9ADECE1BF93D29.png,,,,,85167910,Panelas,"Máquinas, aparelhos e materiais elétricos, e suas partes; aparelhos de gravação ou de reprodução de som, aparelhos de gravação ou de reprodução de imagens e de som em televisão, e suas partes e acessórios - Aquecedores elétricos de água, incluindo os de imersão; aparelhos elétricos para aquecimentodeambientes,dosoloouparausossemelhantes;aparelhos eletrotérmicos para arranjos do cabelo (por exemplo, secadores de cabelo, frisadores, aquecedores de ferros de frisar) ou para secar as mãos; ferros elétricos de passar; outros aparelhos eletrotérmicos de uso doméstico; resistências de aquecimento, exceto as da posição 85.45. - Outros aparelhos eletrotérmicos: - Outros - Panelas",,,,,,,,,,,,,,,,,,
Air Fryer,7891356083587,FRIT AIR FRY BRITANIA C TRIB 41 53%,7891356083587,,,,,,2021-01-19T16:27:33.000-03:00,2025-12-01T19:55:39.000-03:00,,,,0,0,7891356083587,Unidade,1,,,COSMOS,https://cosmos.bluesoft.com.br/products/barcode/7273861E81AD72DA06E124616EF8B19A.png,,,,,85167920,Fritadoras,"Máquinas, aparelhos e materiais elétricos, e suas partes; aparelhos de gravação ou de reprodução de som, aparelhos de gravação ou de reprodução de imagens e de som em televisão, e suas partes e acessórios - Aquecedores elétricos de água, incluindo os de imersão; aparelhos elétricos para aquecimentodeambientes,dosoloouparausossemelhantes;aparelhos eletrotérmicos para arranjos do cabelo (por exemplo, secadores de cabelo, frisadores, aquecedores de ferros de frisar) ou para secar as mãos; ferros elétricos de passar; outros aparelhos eletrotérmicos de uso doméstico; resistências de aquecimento, exceto as da posição 85.45. - Outros aparelhos eletrotérmicos: - Outros - Fritadoras",,,,,,,,,,,,,,,,,,
Air Fryer,7891356086649,FRITADEIRA AIR FRY BFR10VI BRITANIA VERMELHO 110V,7891356086649,,,,,,2020-10-14T05:54:33.000-03:00,2023-02-02T14:15:45.000-03:00,,,,0,0,7891356086649,Unidade,1,,,COSMOS,https://cosmos.bluesoft.com.br/products/barcode/7273861E81AD72DA4F08CAB5FBCDCE49.png,,,,,85167920,Fritadoras,"Máquinas, aparelhos e materiais elétricos, e suas partes; aparelhos de gravação ou de reprodução de som, aparelhos de gravação ou de reprodução de imagens e de som em televisão, e suas partes e acessórios - Aquecedores elétricos de água, incluindo os de imersão; aparelhos elétricos para aquecimentodeambientes,dosoloouparausossemelhantes;aparelhos eletrotérmicos para arranjos do cabelo (por exemplo, secadores de cabelo, frisadores, aquecedores de ferros de frisar) ou para secar as mãos; ferros elétricos de passar; outros aparelhos eletrotérmicos de uso doméstico; resistências de aquecimento, exceto as da posição 85.45. - Outros aparelhos eletrotérmicos: - Outros - Fritadoras",,,,,,,,,,,,,,,,,,
Air Fryer,7891356093241,FRIT BRITANIA OVEN BFR2100P 2EM1 12L PT 220V,7891356093241,,,,,,2021-10-30T00:36:26.000-03:00,2026-01-11T10:56:32.000-03:00,,,,0,0,7891356093241,Unidade,1,,,COSMOS,https://cosmos.bluesoft.com.br/products/barcode/7273861E81AD72DABD893BEE03D6C9C5.png,,,,,85167920,Fritadoras,"Máquinas, aparelhos e materiais elétricos, e suas partes; aparelhos de gravação ou de reprodução de som, aparelhos de gravação ou de reprodução de imagens e de som em televisão, e suas partes e acessórios - Aquecedores elétricos de água, incluindo os de imersão; aparelhos elétricos para aquecimentodeambientes,dosoloouparausossemelhantes;aparelhos eletrotérmicos para arranjos do cabelo (por exemplo, secadores de cabelo, frisadores, aquecedores de ferros de frisar) ou para secar as mãos; ferros elétricos de passar; outros aparelhos eletrotérmicos de uso doméstico; resistências de aquecimento, exceto as da posição 85.45. - Outros aparelhos eletrotérmicos: - Outros - Fritadoras",,,,,,,,,,,,,,,,,,
Air Fryer,7891356093302,FRITADEIRA AIR FRY PFR18TI 127V TITANIUM,7891356093302,2900,3350,3300,1000,4870,2022-01-04T00:15:48.000-03:00,2025-10-31T12:03:53.000-03:00,,,,0,0,7891356093302,Unidade,1,,,COSMOS,https://cosmos.bluesoft.com.br/products/barcode/7273861E81AD72DA6A62429449A57FD1.png,,https://cdn-cosmos.bluesoft.com.br/products/7891356093302,,,85167920,Fritadoras,"Máquinas, aparelhos e materiais elétricos, e suas partes; aparelhos de gravação ou de reprodução de som, aparelhos de gravação ou de reprodução de imagens e de som em televisão, e suas partes e acessórios - Aquecedores elétricos de água, incluindo os de imersão; aparelhos elétricos para aquecimentodeambientes,dosoloouparausossemelhantes;aparelhos eletrotérmicos para arranjos do cabelo (por exemplo, secadores de cabelo, frisadores, aquecedores de ferros de frisar) ou para secar as mãos; ferros elétricos de passar; outros aparelhos eletrotérmicos de uso doméstico; resistências de aquecimento, exceto as da posição 85.45. - Outros aparelhos eletrotérmicos: - Outros - Fritadoras",,,,,,,,,,,,,,,,,,
Air Fryer,7891356094064,"FRITADEIRA AIR FRY DIGITAL INOX BFR20PI, BRITÂNIA, 220V",7891356094064,,,,,,2021-06-18T08:17:14.000-03:00,2022-12-22T15:39:10.000-03:00,,,,0,0,7891356094064,Unidade,1,,,COSMOS,https://cosmos.bluesoft.com.br/products/barcode/7273861E81AD72DA3527A931756CC560.png,,https://cdn-cosmos.bluesoft.com.br/products/7891356094064,BRITÂNIA,/assets/brand-placeholder-7080174fbd24025783105a607811edad.png,85167920,Fritadoras,"Máquinas, aparelhos e materiais elétricos, e suas partes; aparelhos de gravação ou de reprodução de som, aparelhos de gravação ou de reprodução de imagens e de som em televisão, e suas partes e acessórios - Aquecedores elétricos de água, incluindo os de imersão; aparelhos elétricos para aquecimentodeambientes,dosoloouparausossemelhantes;aparelhos eletrotérmicos para arranjos do cabelo (por exemplo, secadores de cabelo, frisadores, aquecedores de ferros de frisar) ou para secar as mãos; ferros elétricos de passar; outros aparelhos eletrotérmicos de uso doméstico; resistências de aquecimento, exceto as da posição 85.45. - Outros aparelhos eletrotérmicos: - Outros - Fritadoras",,,,,,,,,,,,,,,,,,
Air Fryer,7891356095986,FRITADEIRA AIR FRY BFR21P 220V,7891356095986,,,,,,2021-05-20T15:41:00.000-03:00,2023-05-18T20:27:55.000-03:00,,,,0,0,7891356095986,Unidade,1,,,COSMOS,https://cosmos.bluesoft.com.br/products/barcode/7273861E81AD72DA0123B91009700E43.png,,https://cdn-cosmos.bluesoft.com.br/products/7891356095986,,,85167920,Fritadoras,"Máquinas, aparelhos e materiais elétricos, e suas partes; aparelhos de gravação ou de reprodução de som, aparelhos de gravação ou de reprodução de imagens e de som em televisão, e suas partes e acessórios - Aquecedores elétricos de água, incluindo os de imersão; aparelhos elétricos para aquecimentodeambientes,dosoloouparausossemelhantes;aparelhos eletrotérmicos para arranjos do cabelo (por exemplo, secadores de cabelo, frisadores, aquecedores de ferros de frisar) ou para secar as mãos; ferros elétricos de passar; outros aparelhos eletrotérmicos de uso doméstico; resistências de aquecimento, exceto as da posição 85.45. - Outros aparelhos eletrotérmicos: - Outros - Fritadoras",,17891356095983,Caixa,6,0,0,,,,,,,,,,,,
Air Fryer,7891356097782,FRIT PHILCO GOURMET PFR15P BLACK GOLD 4L 220V.,7891356097782,,,,,,2022-01-18T04:51:49.000-03:00,2025-03-05T00:23:58.000-03:00,,,,0,0,7891356097782,Unidade,1,,,COSMOS,https://cosmos.bluesoft.com.br/products/barcode/7273861E81AD72DAC637128B4D4D28E9.png,,,,,,,,,,,,,,,,,,,,,,,,,
Air Fryer,7891356100390,FRIT ELET AIR FRY FAMA FFR23PP 4L PT 110V,7891356100390,,,,,,2021-12-13T03:16:38.000-03:00,2022-03-21T06:14:59.000-03:00,,,,0,0,7891356100390,Unidade,1,,,COSMOS,https://cosmos.bluesoft.com.br/products/barcode/F6328E5D08A10381383BBCF1668AD3E3.png,,,,,,,,,,,,,,,,,,,,,,,,,
Air Fryer,7891356102479,FFR27 FRITADEIRA ELET 3L AIR FRY FAMA TRIBUTOS APROXIMADOS FED R 37 00 9 25 EST R 57 88 14 47 MUN R 0 00 0,7891356102479,,,,,,2022-05-25T09:49:36.000-03:00,2026-02-22T18:13:26.000-03:00,,,,0,0,7891356102479,Unidade,1,,,COSMOS,https://cosmos.bluesoft.com.br/products/barcode/F6328E5D08A10381834D3F68A0E59D97.png,,,,,85167920,Fritadoras,"Máquinas, aparelhos e materiais elétricos, e suas partes; aparelhos de gravação ou de reprodução de som, aparelhos de gravação ou de reprodução de imagens e de som em televisão, e suas partes e acessórios - Aquecedores elétricos de água, incluindo os de imersão; aparelhos elétricos para aquecimentodeambientes,dosoloouparausossemelhantes;aparelhos eletrotérmicos para arranjos do cabelo (por exemplo, secadores de cabelo, frisadores, aquecedores de ferros de frisar) ou para secar as mãos; ferros elétricos de passar; outros aparelhos eletrotérmicos de uso doméstico; resistências de aquecimento, exceto as da posição 85.45. - Outros aparelhos eletrotérmicos: - Outros - Fritadoras",,,,,,,,,,,,,,,,,,
Air Fryer,7891356105456,FRITADEIRA AIR FRY BRITANIA OVEN BFR2300P 1800W 12L PTO 110V,7891356105456,,,,,,2023-03-18T16:02:43.000-03:00,2026-06-10T11:16:14.000-03:00,,,,0,0,7891356105456,Unidade,1,,,COSMOS,https://cosmos.bluesoft.com.br/products/barcode/F6328E5D08A10381231E9899289C4736.png,,,,,,,,,,,,,,,,,,,,,,,,,
Air Fryer,7891356107559,FRITADEIRA BELLA CUCCINA BCFR02P 127V BRITANIA,7891356107559,,,,,,2023-03-18T16:02:47.000-03:00,2025-07-28T17:36:26.000-03:00,,,,0,0,7891356107559,Unidade,1,,,COSMOS,https://cosmos.bluesoft.com.br/products/barcode/F6328E5D08A1038176FA5C2DFD382E90.png,,,,,,,,,,,,,,,,,,,,,,,,,
Air Fryer,7891356117244,FRITADEIRA 12L BELLA CUCCINBCFR05 PT220V,7891356117244,,,,,,2024-05-12T16:43:42.000-03:00,2025-12-18T12:50:17.000-03:00,,,,0,0,7891356117244,Unidade,1,,,COSMOS,https://cosmos.bluesoft.com.br/products/barcode/F6328E5D08A103816CA84901C4C053E1.png,,,,,85166000,"Outros fornos; fogões de cozinha, fogareiros (incluindo as chapas de cocção), grelhas e assadeiras","Máquinas, aparelhos e materiais elétricos, e suas partes; aparelhos de gravação ou de reprodução de som, aparelhos de gravação ou de reprodução de imagens e de som em televisão, e suas partes e acessórios - Aquecedores elétricos de água, incluindo os de imersão; aparelhos elétricos para aquecimentodeambientes,dosoloouparausossemelhantes;aparelhos eletrotérmicos para arranjos do cabelo (por exemplo, secadores de cabelo, frisadores, aquecedores de ferros de frisar) ou para secar as mãos; ferros elétricos de passar; outros aparelhos eletrotérmicos de uso doméstico; resistências de aquecimento, exceto as da posição 85.45. - Outros fornos; fogões de cozinha, fogareiros (incluindo as chapas de cocção), grelhas e assadeiras",,,,,,,,,,,,,,,,,,
Air Fryer,7891356118128,FRITADEIRA A.FRYER BRITANIA BFR31 127V,7891356118128,,,,,,2024-05-11T15:22:05.000-03:00,2026-02-12T17:48:27.000-03:00,,,,0,0,7891356118128,Unidade,1,,,COSMOS,https://cosmos.bluesoft.com.br/products/barcode/F6328E5D08A1038183E90AC5F9CB1DD6.png,,,,,85166000,"Outros fornos; fogões de cozinha, fogareiros (incluindo as chapas de cocção), grelhas e assadeiras","Máquinas, aparelhos e materiais elétricos, e suas partes; aparelhos de gravação ou de reprodução de som, aparelhos de gravação ou de reprodução de imagens e de som em televisão, e suas partes e acessórios - Aquecedores elétricos de água, incluindo os de imersão; aparelhos elétricos para aquecimentodeambientes,dosoloouparausossemelhantes;aparelhos eletrotérmicos para arranjos do cabelo (por exemplo, secadores de cabelo, frisadores, aquecedores de ferros de frisar) ou para secar as mãos; ferros elétricos de passar; outros aparelhos eletrotérmicos de uso doméstico; resistências de aquecimento, exceto as da posição 85.45. - Outros fornos; fogões de cozinha, fogareiros (incluindo as chapas de cocção), grelhas e assadeiras",,,,,,,,,,,,,,,,,,
Air Fryer,7891356118197,"FRIT BRITA 5,5L 220",7891356118197,,,,,,2024-05-27T17:21:18.000-03:00,2026-07-24T12:02:20.000-03:00,,,,0,0,7891356118197,Unidade,1,,,COSMOS,https://cosmos.bluesoft.com.br/products/barcode/F6328E5D08A10381AB730B9BBFB2636C.png,,,,,85166000,"Outros fornos; fogões de cozinha, fogareiros (incluindo as chapas de cocção), grelhas e assadeiras","Máquinas, aparelhos e materiais elétricos, e suas partes; aparelhos de gravação ou de reprodução de som, aparelhos de gravação ou de reprodução de imagens e de som em televisão, e suas partes e acessórios - Aquecedores elétricos de água, incluindo os de imersão; aparelhos elétricos para aquecimentodeambientes,dosoloouparausossemelhantes;aparelhos eletrotérmicos para arranjos do cabelo (por exemplo, secadores de cabelo, frisadores, aquecedores de ferros de frisar) ou para secar as mãos; ferros elétricos de passar; outros aparelhos eletrotérmicos de uso doméstico; resistências de aquecimento, exceto as da posição 85.45. - Outros fornos; fogões de cozinha, fogareiros (incluindo as chapas de cocção), grelhas e assadeiras",,,,,,,,,,,,,,,,,,
Air Fryer,7891356119996,"FRITADEIRA AIR FRYER PAF55A 5,5LTS 1500W 220V PRETO PHILCO",7891356119996,,,,,,2025-02-12T20:47:14.000-03:00,2025-02-12T20:47:15.000-03:00,,,,0,0,7891356119996,Unidade,1,,,COSMOS,https://cosmos.bluesoft.com.br/products/barcode/F6328E5D08A10381D55F04FACF9CCE6E.png,,,,,,,,,,,,,,,,,,,,,,,,,
Air Fryer,7891356121074,FRITADEIRA AIRFRYER OVEN 15L PAF15A PHILCO,7891356121074,,,,,,2025-03-27T19:27:02.000-03:00,2026-07-16T15:29:42.000-03:00,,,,0,0,7891356121074,Unidade,1,,,COSMOS,https://cosmos.bluesoft.com.br/products/barcode/F6328E5D08A103810A4C0961930D329A.png,,,,,,,,,,,,,,,,,,,,,,,,,
Air Fryer,7891356121081,FRITADEIRA AIR,7891356121081,,,,,,2025-03-27T19:31:52.000-03:00,2025-11-17T13:52:36.000-03:00,,,,0,0,7891356121081,Unidade,1,,,COSMOS,https://cosmos.bluesoft.com.br/products/barcode/F6328E5D08A103817CB53FE8597FCC75.png,,,,,,,,,,,,,,,,,,,,,,,,,
Air Fryer,7891356122729,FRITADEIRA AIR,7891356122729,,,,,,2025-05-24T19:06:47.000-03:00,2026-04-04T20:07:01.000-03:00,,,,0,0,7891356122729,Unidade,1,,,COSMOS,https://cosmos.bluesoft.com.br/products/barcode/F6328E5D08A103815677C4E78CD935AB.png,,,,,,,,,,,,,,,,,,,,,,,,,
Air Fryer,7891356122750,FRITADEIRA AIR FRYER PAF90B 127V,7891356122750,,,,,,2025-05-08T18:56:00.000-03:00,2025-05-08T18:56:01.000-03:00,,,,0,0,7891356122750,Unidade,1,,,COSMOS,https://cosmos.bluesoft.com.br/products/barcode/F6328E5D08A1038151C4892FDA98B51C.png,,,,,,,,,,,,,,,,,,,,,,,,,
Air Fryer,7891356123931,FRITADEIRA ELÉTRICA SEM ÓLEO AIR FRYER 4 LITROS PHILCO PAF40A 127V,7891356123931,,,,,,2025-03-27T19:26:18.000-03:00,2026-05-12T18:12:03.000-03:00,,,,0,0,7891356123931,Unidade,1,,,COSMOS,https://cosmos.bluesoft.com.br/products/barcode/F6328E5D08A10381EDCADC81E5BCCC0B.png,,,,,,,,,,,,,,,,,,,,,,,,,
Air Fryer,7891356126222,FRITADEIRA AIRFRYER OVEN 15L PAF15B PHILCO,7891356126222,,,,,,2025-12-22T18:52:07.000-03:00,2025-12-22T18:52:08.000-03:00,,,,0,0,7891356126222,Unidade,1,,,COSMOS,https://cosmos.bluesoft.com.br/products/barcode/F6328E5D08A10381ECE4FA1BE05B2022.png,,,,,,,,,,,,,,,,,,,,,,,,,
Air Fryer,7892946431337,"AIR FRYER MID DIGITAL 3,7L 127V PRETA",7892946431337,,,,,,2023-12-03T17:42:22.000-03:00,2024-09-22T18:22:26.000-03:00,,,,0,0,7892946431337,Unidade,1,,,COSMOS,https://cosmos.bluesoft.com.br/products/barcode/83E18AA7C0E68D5395418689675670B6.png,,,,,,,,,,,,,,,,,,,,,,,,,
Air Fryer,7892946463239,FRITADEIRA ELET ITATIAIA AFITA,7892946463239,,,,,,2025-12-11T11:03:16.000-03:00,2025-12-11T11:03:17.000-03:00,,,,0,0,7892946463239,Unidade,1,,,COSMOS,https://cosmos.bluesoft.com.br/products/barcode/83E18AA7C0E68D534E3098D3965F98AA.png,,,,,,,,,,,,,,,,,,,,,,,,,
Air Fryer,7893428189036,,,,,,,,,,,,,,,,,,,,,,Não encontrado,,,,,,,,,,,,,,,,,,,,,,,,
Air Fryer,7895373823256,,,,,,,,,,,,,,,,,,,,,,Não encontrado,,,,,,,,,,,,,,,,,,,,,,,,
Air Fryer,7896098864593,,,,,,,,,,,,,,,,,,,,,,Não encontrado,,,,,,,,,,,,,,,,,,,,,,,,
Air Fryer,7896347181631,FRIT ELECTRO EAF10,7896347181631,,,,,,2021-11-16T16:26:17.000-03:00,2025-11-08T20:04:24.000-03:00,,,,0,0,7896347181631,Unidade,1,,,COSMOS,https://cosmos.bluesoft.com.br/products/barcode/A36B4930039BEB0A395EBD7512977307.png,,,,,,,,,,,,,,,,,,,,,,,,,
Air Fryer,7896347195867,AIRFRYER OVEN DIGITAL 12L RITALOBO EAF90 GRAFITE 110V,7896347195867,,,,,,2023-04-24T01:12:41.000-03:00,2025-11-24T10:10:51.000-03:00,,,,0,0,7896347195867,Unidade,1,,,COSMOS,https://cosmos.bluesoft.com.br/products/barcode/A36B4930039BEB0A7092A5D30DB593BE.png,,,,,85166000,"Outros fornos; fogões de cozinha, fogareiros (incluindo as chapas de cocção), grelhas e assadeiras","Máquinas, aparelhos e materiais elétricos, e suas partes; aparelhos de gravação ou de reprodução de som, aparelhos de gravação ou de reprodução de imagens e de som em televisão, e suas partes e acessórios - Aquecedores elétricos de água, incluindo os de imersão; aparelhos elétricos para aquecimentodeambientes,dosoloouparausossemelhantes;aparelhos eletrotérmicos para arranjos do cabelo (por exemplo, secadores de cabelo, frisadores, aquecedores de ferros de frisar) ou para secar as mãos; ferros elétricos de passar; outros aparelhos eletrotérmicos de uso doméstico; resistências de aquecimento, exceto as da posição 85.45. - Outros fornos; fogões de cozinha, fogareiros (incluindo as chapas de cocção), grelhas e assadeiras",,,,,,,,,,,,,,,,,,
Air Fryer,7896347196048,"FRITADEIRA ELETRICA 3,2 LITROS EAF15",7896347196048,,,,,,2023-11-11T19:29:15.000-03:00,2026-08-21T07:30:40.000-03:00,,,,0,0,7896347196048,Unidade,1,,,COSMOS,https://cosmos.bluesoft.com.br/products/barcode/A36B4930039BEB0ABA1E05404508EE0A.png,,,,,,,,,,,,,,,,,,,,,,,,,
Air Fryer,7896513323162,,,,,,,,,,,,,,,,,,,,,,Não encontrado,,,,,,,,,,,,,,,,,,,,,,,,
Air Fryer,7896513323179,AIR FRYER PRETA 6L FISCHER PRIME DIGITAL 127V,7896513323179,,,,,,2025-03-01T01:01:23.000-03:00,2025-03-01T01:01:23.000-03:00,,,,0,0,7896513323179,Unidade,1,,,COSMOS,https://cosmos.bluesoft.com.br/products/barcode/5AF1541147F63A318F2859BAB77A7244.png,,,,,85166000,"Outros fornos; fogões de cozinha, fogareiros (incluindo as chapas de cocção), grelhas e assadeiras","Máquinas, aparelhos e materiais elétricos, e suas partes; aparelhos de gravação ou de reprodução de som, aparelhos de gravação ou de reprodução de imagens e de som em televisão, e suas partes e acessórios - Aquecedores elétricos de água, incluindo os de imersão; aparelhos elétricos para aquecimentodeambientes,dosoloouparausossemelhantes;aparelhos eletrotérmicos para arranjos do cabelo (por exemplo, secadores de cabelo, frisadores, aquecedores de ferros de frisar) ou para secar as mãos; ferros elétricos de passar; outros aparelhos eletrotérmicos de uso doméstico; resistências de aquecimento, exceto as da posição 85.45. - Outros fornos; fogões de cozinha, fogareiros (incluindo as chapas de cocção), grelhas e assadeiras",,,,,,,,,,,,,,,,,,
Air Fryer,7897016840866,,,,,,,,,,,,,,,,,,,,,,Não encontrado,,,,,,,,,,,,,,,,,,,,,,,,
Air Fryer,7897405000697,,,,,,,,,,,,,,,,,,,,,,Não encontrado,,,,,,,,,,,,,,,,,,,,,,,,
Air Fryer,7898461969300,"FRITADEIRA SUPREMMA FES02 PR 3,6L 220V",7898461969300,,,,,,2021-04-21T22:22:30.000-03:00,2025-10-07T13:58:29.000-03:00,,,,0,0,7898461969300,Unidade,1,,,COSMOS,https://cosmos.bluesoft.com.br/products/barcode/A4E22137D0BC449A3408CA8452A1D1D9.png,,,,,85166000,"Outros fornos; fogões de cozinha, fogareiros (incluindo as chapas de cocção), grelhas e assadeiras","Máquinas, aparelhos e materiais elétricos, e suas partes; aparelhos de gravação ou de reprodução de som, aparelhos de gravação ou de reprodução de imagens e de som em televisão, e suas partes e acessórios - Aquecedores elétricos de água, incluindo os de imersão; aparelhos elétricos para aquecimentodeambientes,dosoloouparausossemelhantes;aparelhos eletrotérmicos para arranjos do cabelo (por exemplo, secadores de cabelo, frisadores, aquecedores de ferros de frisar) ou para secar as mãos; ferros elétricos de passar; outros aparelhos eletrotérmicos de uso doméstico; resistências de aquecimento, exceto as da posição 85.45. - Outros fornos; fogões de cozinha, fogareiros (incluindo as chapas de cocção), grelhas e assadeiras",,,,,,,,,,,,,,,,,,
Air Fryer,7898461969324,FRIT AGRATTO 220V UN,7898461969324,,,,,,2021-05-13T21:09:52.000-03:00,2021-06-12T20:29:47.000-03:00,,,,0,0,7898461969324,Unidade,1,,,COSMOS,https://cosmos.bluesoft.com.br/products/barcode/A4E22137D0BC449A5D870F93EED72B55.png,,,,,,,,,,,,,,,,,,,,,,,,,
Air Fryer,7898461972157,"FRITADEIRA SUPREMMA FESV01 VM 3,6L 127V",7898461972157,,,,,,2021-05-18T21:14:30.000-03:00,2025-07-28T18:01:57.000-03:00,,,,0,0,7898461972157,Unidade,1,,,COSMOS,https://cosmos.bluesoft.com.br/products/barcode/A4E22137D0BC449A5643E22922795971.png,,,,,85167920,Fritadoras,"Máquinas, aparelhos e materiais elétricos, e suas partes; aparelhos de gravação ou de reprodução de som, aparelhos de gravação ou de reprodução de imagens e de som em televisão, e suas partes e acessórios - Aquecedores elétricos de água, incluindo os de imersão; aparelhos elétricos para aquecimentodeambientes,dosoloouparausossemelhantes;aparelhos eletrotérmicos para arranjos do cabelo (por exemplo, secadores de cabelo, frisadores, aquecedores de ferros de frisar) ou para secar as mãos; ferros elétricos de passar; outros aparelhos eletrotérmicos de uso doméstico; resistências de aquecimento, exceto as da posição 85.45. - Outros aparelhos eletrotérmicos: - Outros - Fritadoras",,,,,,,,,,,,,,,,,,
Air Fryer,7898461976476,,,,,,,,,,,,,,,,,,,,,,Não encontrado,,,,,,,,,,,,,,,,,,,,,,,,
Air Fryer,7898461976667,,,,,,,,,,,,,,,,,,,,,,Não encontrado,,,,,,,,,,,,,,,,,,,,,,,,
Air Fryer,7898461976674,"FRITADEIRA AGRATTO SUPREMMA 7,5L VM 127V",7898461976674,,,,,,2025-12-11T20:03:13.000-03:00,2025-12-11T20:03:14.000-03:00,,,,0,0,7898461976674,Unidade,1,,,COSMOS,https://cosmos.bluesoft.com.br/products/barcode/A4E22137D0BC449A7DEB901321D2C881.png,,,,,,,,,,,,,,,,,,,,,,,,,
Air Fryer,7898461978135,FRITADEIRA AIR FRY 4L 220V SUPREM UN AFSC01L,7898461978135,,,,,,2025-12-11T20:47:29.000-03:00,2025-12-11T20:47:29.000-03:00,,,,0,0,7898461978135,Unidade,1,,,COSMOS,https://cosmos.bluesoft.com.br/products/barcode/A4E22137D0BC449A6220BCB0C32EF856.png,,,,,,,,,,,,,,,,,,,,,,,,,
Air Fryer,7898530190642,,,,,,,,,,,,,,,,,,,,,,Não encontrado,,,,,,,,,,,,,,,,,,,,,,,,
Air Fryer,7898565576725,,,,,,,,,,,,,,,,,,,,,,Não encontrado,,,,,,,,,,,,,,,,,,,,,,,,
Air Fryer,7898578150493,MONDIAL FRITADEIRA MONDIAL AF31 220V,7898578150493,,,,,,2023-03-19T05:38:14.000-03:00,2026-07-05T13:30:41.000-03:00,,,,0,0,7898578150493,Unidade,1,,,COSMOS,https://cosmos.bluesoft.com.br/products/barcode/894472800AFEE08503CBD807AD14FFD8.png,,https://cdn-cosmos.bluesoft.com.br/products/7898578150493,,,85166000,"Outros fornos; fogões de cozinha, fogareiros (incluindo as chapas de cocção), grelhas e assadeiras","Máquinas, aparelhos e materiais elétricos, e suas partes; aparelhos de gravação ou de reprodução de som, aparelhos de gravação ou de reprodução de imagens e de som em televisão, e suas partes e acessórios - Aquecedores elétricos de água, incluindo os de imersão; aparelhos elétricos para aquecimentodeambientes,dosoloouparausossemelhantes;aparelhos eletrotérmicos para arranjos do cabelo (por exemplo, secadores de cabelo, frisadores, aquecedores de ferros de frisar) ou para secar as mãos; ferros elétricos de passar; outros aparelhos eletrotérmicos de uso doméstico; resistências de aquecimento, exceto as da posição 85.45. - Outros fornos; fogões de cozinha, fogareiros (incluindo as chapas de cocção), grelhas e assadeiras",,17898578150490,Caixa,2,0,0,,,,,,,,,,,,
Air Fryer,7898578150509,"FRITADEIRA ELETRICA SEM OLEO AIR FRYER MONDIAL AF34 3,2L 1270W PRETA 110V",7898578150509,,,,,,2023-03-13T07:11:46.000-03:00,2025-11-09T16:17:34.000-03:00,,,,0,0,7898578150509,Unidade,1,,,COSMOS,https://cosmos.bluesoft.com.br/products/barcode/894472800AFEE085C4019BDD069D6C0C.png,,,,,,,,,,,,,,,,,,,,,,,,,
Air Fryer,7898578155115,FRITAD.A.FRYER LAR.DIG.5L PT.2000W 127V AF50DV MONDIAL,7898578155115,,,,,,2025-05-05T00:33:44.000-03:00,2025-05-05T00:33:44.000-03:00,,,,0,0,7898578155115,Unidade,1,,,COSMOS,https://cosmos.bluesoft.com.br/products/barcode/894472800AFEE08526B7734A50133346.png,,,,,85166000,"Outros fornos; fogões de cozinha, fogareiros (incluindo as chapas de cocção), grelhas e assadeiras","Máquinas, aparelhos e materiais elétricos, e suas partes; aparelhos de gravação ou de reprodução de som, aparelhos de gravação ou de reprodução de imagens e de som em televisão, e suas partes e acessórios - Aquecedores elétricos de água, incluindo os de imersão; aparelhos elétricos para aquecimentodeambientes,dosoloouparausossemelhantes;aparelhos eletrotérmicos para arranjos do cabelo (por exemplo, secadores de cabelo, frisadores, aquecedores de ferros de frisar) ou para secar as mãos; ferros elétricos de passar; outros aparelhos eletrotérmicos de uso doméstico; resistências de aquecimento, exceto as da posição 85.45. - Outros fornos; fogões de cozinha, fogareiros (incluindo as chapas de cocção), grelhas e assadeiras",,,,,,,,,,,,,,,,,,
Air Fryer,7898589672076,"FRITADEIRA ELETRICA S/OLEO 3,5L BEST 127V",7898589672076,,,,,,2023-05-28T00:52:44.000-03:00,2023-05-28T00:52:45.000-03:00,,,,0,0,7898589672076,Unidade,1,,,COSMOS,https://cosmos.bluesoft.com.br/products/barcode/D49CC74383E372191C0466A7A6F10C22.png,,,,,,,,,,,,,,,,,,,,,,,,,
Air Fryer,7898589674179,,,,,,,,,,,,,,,,,,,,,,Não encontrado,,,,,,,,,,,,,,,,,,,,,,,,
Air Fryer,7898615985576,FRITADEIRA CADENCE FRT525 127V S/ OLEO,7898615985576,,,,,,2019-10-02T17:44:33.000-03:00,2026-08-03T01:58:51.000-03:00,,,,0,0,7898615985576,Unidade,1,,,COSMOS,https://cosmos.bluesoft.com.br/products/barcode/D07F69E83BBBEC82B2B7321BC5B3A79D.png,,https://cdn-cosmos.bluesoft.com.br/products/7898615985576,,,85167920,Fritadoras,"Máquinas, aparelhos e materiais elétricos, e suas partes; aparelhos de gravação ou de reprodução de som, aparelhos de gravação ou de reprodução de imagens e de som em televisão, e suas partes e acessórios - Aquecedores elétricos de água, incluindo os de imersão; aparelhos elétricos para aquecimentodeambientes,dosoloouparausossemelhantes;aparelhos eletrotérmicos para arranjos do cabelo (por exemplo, secadores de cabelo, frisadores, aquecedores de ferros de frisar) ou para secar as mãos; ferros elétricos de passar; outros aparelhos eletrotérmicos de uso doméstico; resistências de aquecimento, exceto as da posição 85.45. - Outros aparelhos eletrotérmicos: - Outros - Fritadoras",,17898615985573,Caixa,2,9,9,,,,,,,,,,,,
Air Fryer,7898645690013,"AIR FRYER NELL TIMER 2,4L PRETO 110V",7898645690013,,,,,,2020-10-14T18:50:31.000-03:00,2026-07-14T09:24:22.000-03:00,,,,0,0,7898645690013,Unidade,1,,,COSMOS,https://cosmos.bluesoft.com.br/products/barcode/A472579CCC8D78623A0E36C8491D539C.png,,https://cdn-cosmos.bluesoft.com.br/products/7898645690013,,,85167910,Panelas,"Máquinas, aparelhos e materiais elétricos, e suas partes; aparelhos de gravação ou de reprodução de som, aparelhos de gravação ou de reprodução de imagens e de som em televisão, e suas partes e acessórios - Aquecedores elétricos de água, incluindo os de imersão; aparelhos elétricos para aquecimentodeambientes,dosoloouparausossemelhantes;aparelhos eletrotérmicos para arranjos do cabelo (por exemplo, secadores de cabelo, frisadores, aquecedores de ferros de frisar) ou para secar as mãos; ferros elétricos de passar; outros aparelhos eletrotérmicos de uso doméstico; resistências de aquecimento, exceto as da posição 85.45. - Outros aparelhos eletrotérmicos: - Outros - Panelas",,,,,,,,,,,,,,,,,,
Air Fryer,7898648178839,,,,,,,,,,,,,,,,,,,,,,Não encontrado,,,,,,,,,,,,,,,,,,,,,,,,
Air Fryer,7898649371871,FRITADEIRA AMVOX AIR FRY OVEN 12L PRETO 220V,7898649371871,,,,,,2023-05-07T01:34:35.000-03:00,2025-02-28T08:37:11.000-03:00,,,,0,0,7898649371871,Unidade,1,,,COSMOS,https://cosmos.bluesoft.com.br/products/barcode/766DA997D9EDDEB52B849D96F9891132.png,,,,,,,,,,,,,,,,,,,,,,,,,
Air Fryer,7898649372120,AMVOX SKD AIR FRYER ARF 1250 5L 220V,7898649372120,,,,,,2024-05-17T10:55:39.000-03:00,2024-05-17T10:55:41.000-03:00,,,,0,0,7898649372120,Unidade,1,,,COSMOS,https://cosmos.bluesoft.com.br/products/barcode/766DA997D9EDDEB5A31D6FAB1788D901.png,,,,,,,,,,,,,,,,,,,,,,,,,
Air Fryer,7898649372472,,,,,,,,,,,,,,,,,,,,,,Não encontrado,,,,,,,,,,,,,,,,,,,,,,,,
Air Fryer,7898649372670,,,,,,,,,,,,,,,,,,,,,,Não encontrado,,,,,,,,,,,,,,,,,,,,,,,,
Air Fryer,7898700212112,,,,,,,,,,,,,,,,,,,,,,Não encontrado,,,,,,,,,,,,,,,,,,,,,,,,
Air Fryer,7898735580262,AIRFRYER 360 DIG+VISOR B LACK+DECKER AFMDV360-B2,7898735580262,,,,,,2024-05-02T11:35:19.000-03:00,2024-05-02T11:35:20.000-03:00,,,,0,0,7898735580262,Unidade,1,,,COSMOS,https://cosmos.bluesoft.com.br/products/barcode/0FBC2E9F82B8493EA509DA7882413151.png,,,,,85166000,"Outros fornos; fogões de cozinha, fogareiros (incluindo as chapas de cocção), grelhas e assadeiras","Máquinas, aparelhos e materiais elétricos, e suas partes; aparelhos de gravação ou de reprodução de som, aparelhos de gravação ou de reprodução de imagens e de som em televisão, e suas partes e acessórios - Aquecedores elétricos de água, incluindo os de imersão; aparelhos elétricos para aquecimentodeambientes,dosoloouparausossemelhantes;aparelhos eletrotérmicos para arranjos do cabelo (por exemplo, secadores de cabelo, frisadores, aquecedores de ferros de frisar) ou para secar as mãos; ferros elétricos de passar; outros aparelhos eletrotérmicos de uso doméstico; resistências de aquecimento, exceto as da posição 85.45. - Outros fornos; fogões de cozinha, fogareiros (incluindo as chapas de cocção), grelhas e assadeiras",,,,,,,,,,,,,,,,,,
Air Fryer,7898742840298,VELA ANIV PALHACO JUJUBA JUNCO,7898742840298,,,,,,2025-09-05T04:06:35.000-03:00,2026-01-18T23:39:36.000-03:00,,,,0,0,7898742840298,Unidade,1,,,COSMOS,https://cosmos.bluesoft.com.br/products/barcode/1A691C2462C40DBEF6CB6C8A91AE7453.png,,,,,85166000,"Outros fornos; fogões de cozinha, fogareiros (incluindo as chapas de cocção), grelhas e assadeiras","Máquinas, aparelhos e materiais elétricos, e suas partes; aparelhos de gravação ou de reprodução de som, aparelhos de gravação ou de reprodução de imagens e de som em televisão, e suas partes e acessórios - Aquecedores elétricos de água, incluindo os de imersão; aparelhos elétricos para aquecimentodeambientes,dosoloouparausossemelhantes;aparelhos eletrotérmicos para arranjos do cabelo (por exemplo, secadores de cabelo, frisadores, aquecedores de ferros de frisar) ou para secar as mãos; ferros elétricos de passar; outros aparelhos eletrotérmicos de uso doméstico; resistências de aquecimento, exceto as da posição 85.45. - Outros fornos; fogões de cozinha, fogareiros (incluindo as chapas de cocção), grelhas e assadeiras",,,,,,,,,,,,,,,,,,
Air Fryer,7898742841295,FRITAD OVEN 9L CADEN,7898742841295,,,,,,2026-01-09T01:25:43.000-03:00,2026-01-09T01:25:44.000-03:00,,,,0,0,7898742841295,Unidade,1,,,COSMOS,https://cosmos.bluesoft.com.br/products/barcode/1A691C2462C40DBE20E9BBC463348117.png,,,,,,,,,,,,,,,,,,,,,,,,,
Air Fryer,7898742841318,FRITADEIRA ELÉTRICA AIR FRYER PAINEL DIGITAL OFRT930 INOX 5 LITROS 1700W 127V OFRT930127 OSTER,7898742841318,,,,,,2025-09-05T03:23:48.000-03:00,2025-09-05T03:23:48.000-03:00,,,,0,0,7898742841318,Unidade,1,,,COSMOS,https://cosmos.bluesoft.com.br/products/barcode/1A691C2462C40DBE89665C45AA16AB22.png,,,,,,,,,,,,,,,,,,,,,,,,,
Air Fryer,7898946069099,,,,,,,,,,,,,,,,,,,,,,Não encontrado,,,,,,,,,,,,,,,,,,,,,,,,
Air Fryer,7898971918379,,,,,,,,,,,,,,,,,,,,,,Não encontrado,,,,,,,,,,,,,,,,,,,,,,,,
Air Fryer,7898971918386,,,,,,,,,,,,,,,,,,,,,,Não encontrado,,,,,,,,,,,,,,,,,,,,,,,,
Air Fryer,7898971918461,,,,,,,,,,,,,,,,,,,,,,Não encontrado,,,,,,,,,,,,,,,,,,,,,,,,
Air Fryer,7898976930147,,,,,,,,,,,,,,,,,,,,,,Não encontrado,,,,,,,,,,,,,,,,,,,,,,,,
Air Fryer,7898976930154,,,,,,,,,,,,,,,,,,,,,,Não encontrado,,,,,,,,,,,,,,,,,,,,,,,,
Air Fryer,7899497635269,FRITAD 7L B&D AFRYER AFD7Q PT 220V,7899497635269,,,,,,2023-05-07T05:15:35.000-03:00,2024-10-29T21:02:47.000-03:00,,,,0,0,7899497635269,Unidade,1,,,COSMOS,https://cosmos.bluesoft.com.br/products/barcode/A00EE114BB6B8FE5400025FE851B13FA.png,,,,,85166000,"Outros fornos; fogões de cozinha, fogareiros (incluindo as chapas de cocção), grelhas e assadeiras","Máquinas, aparelhos e materiais elétricos, e suas partes; aparelhos de gravação ou de reprodução de som, aparelhos de gravação ou de reprodução de imagens e de som em televisão, e suas partes e acessórios - Aquecedores elétricos de água, incluindo os de imersão; aparelhos elétricos para aquecimentodeambientes,dosoloouparausossemelhantes;aparelhos eletrotérmicos para arranjos do cabelo (por exemplo, secadores de cabelo, frisadores, aquecedores de ferros de frisar) ou para secar as mãos; ferros elétricos de passar; outros aparelhos eletrotérmicos de uso doméstico; resistências de aquecimento, exceto as da posição 85.45. - Outros fornos; fogões de cozinha, fogareiros (incluindo as chapas de cocção), grelhas e assadeiras",,,,,,,,,,,,,,,,,,
Air Fryer,7899497699902,AIRFRYER DIGITAL C VISOR BLACK%DECK 220V,7899497699902,,,,,,2026-01-01T03:50:14.000-03:00,2026-01-01T03:50:15.000-03:00,,,,0,0,7899497699902,Unidade,1,,,COSMOS,https://cosmos.bluesoft.com.br/products/barcode/A00EE114BB6B8FE5A5360E7922F262B1.png,,,,,,,,,,,,,,,,,,,,,,,,,
Air Fryer,7899552102767,,,,,,,,,,,,,,,,,,,,,,Não encontrado,,,,,,,,,,,,,,,,,,,,,,,,
Air Fryer,7899710022227,AIR FRYER 3.5L 1500W PT 127V AF-102 KIAN,7899710022227,0,0,0,1,1,2025-07-14T20:21:00.000-03:00,2026-04-17T18:05:32.000-03:00,,,,0,0,7899710022227,Unidade,1,,,COSMOS,https://cosmos.bluesoft.com.br/products/barcode/2DBBF78F72917F11F549D7CFF30FCA78.png,,https://cdn-cosmos.bluesoft.com.br/products/7899710022227,,,85167920,Fritadoras,"Máquinas, aparelhos e materiais elétricos, e suas partes; aparelhos de gravação ou de reprodução de som, aparelhos de gravação ou de reprodução de imagens e de som em televisão, e suas partes e acessórios - Aquecedores elétricos de água, incluindo os de imersão; aparelhos elétricos para aquecimentodeambientes,dosoloouparausossemelhantes;aparelhos eletrotérmicos para arranjos do cabelo (por exemplo, secadores de cabelo, frisadores, aquecedores de ferros de frisar) ou para secar as mãos; ferros elétricos de passar; outros aparelhos eletrotérmicos de uso doméstico; resistências de aquecimento, exceto as da posição 85.45. - Outros aparelhos eletrotérmicos: - Outros - Fritadoras",,,,,,,,,,,,,,,,,,
Air Fryer,7899710022272,"FRITADEIRA AIR FRYER KIAN R24277 4,2L 220V",7899710022272,,,,,,2025-07-22T14:59:21.000-03:00,2025-11-19T20:27:45.000-03:00,,,,0,0,7899710022272,Unidade,1,,,COSMOS,https://cosmos.bluesoft.com.br/products/barcode/2DBBF78F72917F112943B9069A1E8B4C.png,,,,,73211200,A combustíveis líquidos,"Obras de ferro fundido, ferro ou aço - Aquecedores de ambiente (fogões de sala), caldeiras de fornalha, fogões de cozinha (incluindo os que possam ser utilizados acessoriamente no aquecimento central), churrasqueiras (grelhadores), braseiras, fogareiros a gás, aquecedores de pratos, e aparelhos não elétricos semelhantes, de uso doméstico, e suas partes, de ferro fundido, ferro ou aço. - Aparelhos para cozinhar e aquecedores de pratos: - A combustíveis líquidos",,,,,,,,,,,,,,,,,,
Air Fryer,7899710024245,FRITADEIRA 220V BONIFICAÇÃO,7899710024245,,,,,,2025-12-24T11:50:56.000-03:00,2026-07-10T18:59:24.000-03:00,,,,0,0,7899710024245,Unidade,1,,,COSMOS,https://cosmos.bluesoft.com.br/products/barcode/2DBBF78F72917F1121BF85C5F5087D6A.png,,,,,73211200,A combustíveis líquidos,"Obras de ferro fundido, ferro ou aço - Aquecedores de ambiente (fogões de sala), caldeiras de fornalha, fogões de cozinha (incluindo os que possam ser utilizados acessoriamente no aquecimento central), churrasqueiras (grelhadores), braseiras, fogareiros a gás, aquecedores de pratos, e aparelhos não elétricos semelhantes, de uso doméstico, e suas partes, de ferro fundido, ferro ou aço. - Aparelhos para cozinhar e aquecedores de pratos: - A combustíveis líquidos",,,,,,,,,,,,,,,,,,
Air Fryer,7899710024733,"FRITADEIRA ELÉTRICA AIR FRYER AF103S PRETA 4,2 LITROS 1650W 127V 24274 KIAN",7899710024733,,,,,,2025-12-01T01:53:24.000-03:00,2025-12-01T01:53:25.000-03:00,,,,0,0,7899710024733,Unidade,1,,,COSMOS,https://cosmos.bluesoft.com.br/products/barcode/2DBBF78F72917F11F263273D9F5838E2.png,,,,,,,,,,,,,,,,,,,,,,,,,
Air Fryer,7899710024740,,,,,,,,,,,,,,,,,,,,,,Não encontrado,,,,,,,,,,,,,,,,,,,,,,,,
Air Fryer,7899710026409,,,,,,,,,,,,,,,,,,,,,,Não encontrado,,,,,,,,,,,,,,,,,,,,,,,,
Air Fryer,7899710026416,,,,,,,,,,,,,,,,,,,,,,Não encontrado,,,,,,,,,,,,,,,,,,,,,,,,
Air Fryer,7899710026423,,,,,,,,,,,,,,,,,,,,,,Não encontrado,,,,,,,,,,,,,,,,,,,,,,,,
Air Fryer,7899710028205,,,,,,,,,,,,,,,,,,,,,,Não encontrado,,,,,,,,,,,,,,,,,,,,,,,,
Air Fryer,7899710028212,,,,,,,,,,,,,,,,,,,,,,Não encontrado,,,,,,,,,,,,,,,,,,,,,,,,
Air Fryer,7899831312740,FRITADEIRA ELET,7899831312740,,,,,,2023-12-12T00:18:25.000-03:00,2026-09-04T15:09:29.000-03:00,,,,0,0,7899831312740,Unidade,1,,,COSMOS,https://cosmos.bluesoft.com.br/products/barcode/37567BDB0B740A5885B14157CDFA6EB5.png,,,,,,,,,,,,,,,,,,,,,,,,,
Air Fryer,7899831312771,"FRITADEIRA ELETRICA WAP AIRFRY MEGA FAMILY 7,1L 1700W 220V",7899831312771,,,,,,2025-09-07T06:53:47.000-03:00,2025-09-07T06:53:48.000-03:00,,,,0,0,7899831312771,Unidade,1,,,COSMOS,https://cosmos.bluesoft.com.br/products/barcode/37567BDB0B740A5838A0B79CDEB4F148.png,,,,,,,,,,,,,,,,,,,,,,,,,
Air Fryer,7899831312788,WAP FRITADEIRA ELETRICA AIR FRYER OVEN DIGITAL 12 LITROS SEM OLEO 10 FUNCOES TIMER DE 24H AVISO SONORO 1800W ANTIADERENT,7899831312788,,,,,,2024-01-22T22:34:27.000-03:00,2024-01-22T22:34:28.000-03:00,,,,0,0,7899831312788,Unidade,1,,,COSMOS,https://cosmos.bluesoft.com.br/products/barcode/37567BDB0B740A581BA9313E580120E3.png,,,,,,,,,,,,,,,,,,,,,,,,,
Air Fryer,7899831331802,WAP AIRFRY FAMILY 4L PRETA WAFF2 P 220V,7899831331802,,,,,,2025-09-07T06:53:40.000-03:00,2025-09-07T06:53:41.000-03:00,,,,0,0,7899831331802,Unidade,1,,,COSMOS,https://cosmos.bluesoft.com.br/products/barcode/37567BDB0B740A58637948939595F427.png,,,,,,,,,,,,,,,,,,,,,,,,,
Air Fryer,7899831336838,FRITADEIRA ELETRICA AIR FRYER WAP WAFM9 9L,7899831336838,,,,,,2025-10-26T09:40:29.000-03:00,2025-10-26T09:40:30.000-03:00,,,,0,0,7899831336838,Unidade,1,,,COSMOS,https://cosmos.bluesoft.com.br/products/barcode/37567BDB0B740A58123EC41E283E9BF2.png,,,,,,,,,,,,,,,,,,,,,,,,,
Air Fryer,7899831345427,,,,,,,,,,,,,,,,,,,,,,Não encontrado,,,,,,,,,,,,,,,,,,,,,,,,
Air Fryer,7899831345779,,,,,,,,,,,,,,,,,,,,,,Não encontrado,,,,,,,,,,,,,,,,,,,,,,,,
Air Fryer,7899838858852,AIR FRYER 4L CE083 MULTILASER,7899838858852,,,,,,2020-11-20T06:07:46.000-03:00,2024-10-26T04:19:52.000-03:00,,,,0,0,7899838858852,Unidade,1,,,COSMOS,https://cosmos.bluesoft.com.br/products/barcode/9D287CA8F08B71AAABA98245CACA9697.png,,,,,85167920,Fritadoras,"Máquinas, aparelhos e materiais elétricos, e suas partes; aparelhos de gravação ou de reprodução de som, aparelhos de gravação ou de reprodução de imagens e de som em televisão, e suas partes e acessórios - Aquecedores elétricos de água, incluindo os de imersão; aparelhos elétricos para aquecimentodeambientes,dosoloouparausossemelhantes;aparelhos eletrotérmicos para arranjos do cabelo (por exemplo, secadores de cabelo, frisadores, aquecedores de ferros de frisar) ou para secar as mãos; ferros elétricos de passar; outros aparelhos eletrotérmicos de uso doméstico; resistências de aquecimento, exceto as da posição 85.45. - Outros aparelhos eletrotérmicos: - Outros - Fritadoras",,,,,,,,,,,,,,,,,,
Air Fryer,7899838858869,FRITADEIRA MULTILASER AIR FR.SEM OLEO CE084,7899838858869,,,,,,2020-08-08T20:14:43.000-03:00,2023-03-16T00:12:18.000-03:00,,,,0,0,7899838858869,Unidade,1,,,COSMOS,https://cosmos.bluesoft.com.br/products/barcode/9D287CA8F08B71AAF1D5A748C8BBCE7F.png,,,,,,,,,,,,,,,,,,,,,,,,,
Air Fryer,7899882308853,FRITAD.ELET.3.5L AIR FRY AF31 M220 MONDIAL,7899882308853,,,,,,2020-11-20T08:33:50.000-03:00,2024-05-24T14:08:08.000-03:00,,,,0,0,7899882308853,Unidade,1,,,COSMOS,https://cosmos.bluesoft.com.br/products/barcode/CB4AAE86613B037916DAE72FC34E11AB.png,,https://cdn-cosmos.bluesoft.com.br/products/7899882308853,,,85166000,"Outros fornos; fogões de cozinha, fogareiros (incluindo as chapas de cocção), grelhas e assadeiras","Máquinas, aparelhos e materiais elétricos, e suas partes; aparelhos de gravação ou de reprodução de som, aparelhos de gravação ou de reprodução de imagens e de som em televisão, e suas partes e acessórios - Aquecedores elétricos de água, incluindo os de imersão; aparelhos elétricos para aquecimentodeambientes,dosoloouparausossemelhantes;aparelhos eletrotérmicos para arranjos do cabelo (por exemplo, secadores de cabelo, frisadores, aquecedores de ferros de frisar) ou para secar as mãos; ferros elétricos de passar; outros aparelhos eletrotérmicos de uso doméstico; resistências de aquecimento, exceto as da posição 85.45. - Outros fornos; fogões de cozinha, fogareiros (incluindo as chapas de cocção), grelhas e assadeiras",,17899882308850,Caixa,2,30,5,,,,,,,,,,,,
Air Fryer,7899882308907,"AIR FRYER MONDIAL AF30 DIGITAL 3,6L PRETO/INOX 110V",7899882308907,320,350,320,,,2020-11-20T06:36:49.000-03:00,2023-03-16T00:13:21.000-03:00,,,,0,0,7899882308907,Unidade,1,,,COSMOS,https://cosmos.bluesoft.com.br/products/barcode/CB4AAE86613B0379F34FA9CE753D7841.png,,https://cdn-cosmos.bluesoft.com.br/products/7899882308907,,,85166000,"Outros fornos; fogões de cozinha, fogareiros (incluindo as chapas de cocção), grelhas e assadeiras","Máquinas, aparelhos e materiais elétricos, e suas partes; aparelhos de gravação ou de reprodução de som, aparelhos de gravação ou de reprodução de imagens e de som em televisão, e suas partes e acessórios - Aquecedores elétricos de água, incluindo os de imersão; aparelhos elétricos para aquecimentodeambientes,dosoloouparausossemelhantes;aparelhos eletrotérmicos para arranjos do cabelo (por exemplo, secadores de cabelo, frisadores, aquecedores de ferros de frisar) ou para secar as mãos; ferros elétricos de passar; outros aparelhos eletrotérmicos de uso doméstico; resistências de aquecimento, exceto as da posição 85.45. - Outros fornos; fogões de cozinha, fogareiros (incluindo as chapas de cocção), grelhas e assadeiras",,,,,,,,,,,,,,,,,,
Air Fryer,7899882308914,"AIR FRYER MONDIAL AF30 DIGITAL 3,6L PRETO/INOX 220V",7899882308914,,,,,,2020-11-20T06:17:16.000-03:00,2023-03-16T00:13:22.000-03:00,,,,0,0,7899882308914,Unidade,1,,,COSMOS,https://cosmos.bluesoft.com.br/products/barcode/CB4AAE86613B0379B2C46F8EB7130A61.png,,,,,,,,,,,,,,,,,,,,,,,,,
Air Fryer,7899882308921,FRITAD MONDIAL AIRFRY 3.5L PT/I 127 AF30,7899882308921,,,,,,2020-08-16T01:47:56.000-03:00,2026-02-15T20:04:49.000-03:00,,,,0,0,7899882308921,Unidade,1,,,COSMOS,https://cosmos.bluesoft.com.br/products/barcode/CB4AAE86613B03792713EBE52CAE10BA.png,,https://cdn-cosmos.bluesoft.com.br/products/7899882308921,,,85167920,Fritadoras,"Máquinas, aparelhos e materiais elétricos, e suas partes; aparelhos de gravação ou de reprodução de som, aparelhos de gravação ou de reprodução de imagens e de som em televisão, e suas partes e acessórios - Aquecedores elétricos de água, incluindo os de imersão; aparelhos elétricos para aquecimentodeambientes,dosoloouparausossemelhantes;aparelhos eletrotérmicos para arranjos do cabelo (por exemplo, secadores de cabelo, frisadores, aquecedores de ferros de frisar) ou para secar as mãos; ferros elétricos de passar; outros aparelhos eletrotérmicos de uso doméstico; resistências de aquecimento, exceto as da posição 85.45. - Outros aparelhos eletrotérmicos: - Outros - Fritadoras",,17899882308928,Caixa,2,4,3,,,,,,,,,,,,
Air Fryer,7899882309270,FRITADEIRA AIR FRYER AF-32 110V MONDIAL,7899882309270,,,,,,2020-11-20T08:33:48.000-03:00,2026-07-01T02:28:48.000-03:00,,,,0,0,7899882309270,Unidade,1,,,COSMOS,https://cosmos.bluesoft.com.br/products/barcode/CB4AAE86613B03795DFAB0572711FD59.png,,,,,85166000,"Outros fornos; fogões de cozinha, fogareiros (incluindo as chapas de cocção), grelhas e assadeiras","Máquinas, aparelhos e materiais elétricos, e suas partes; aparelhos de gravação ou de reprodução de som, aparelhos de gravação ou de reprodução de imagens e de som em televisão, e suas partes e acessórios - Aquecedores elétricos de água, incluindo os de imersão; aparelhos elétricos para aquecimentodeambientes,dosoloouparausossemelhantes;aparelhos eletrotérmicos para arranjos do cabelo (por exemplo, secadores de cabelo, frisadores, aquecedores de ferros de frisar) ou para secar as mãos; ferros elétricos de passar; outros aparelhos eletrotérmicos de uso doméstico; resistências de aquecimento, exceto as da posição 85.45. - Outros fornos; fogões de cozinha, fogareiros (incluindo as chapas de cocção), grelhas e assadeiras",,17899882309277,Caixa,2,0,0,,,,,,,,,,,,
Air Fryer,7899882314632,FRIT. MONDIAL AFN,7899882314632,,,,,,2022-04-21T18:25:54.000-03:00,2025-12-06T11:06:21.000-03:00,,,,0,0,7899882314632,Unidade,1,,,COSMOS,https://cosmos.bluesoft.com.br/products/barcode/CB4AAE86613B03798F0585863B40F687.png,,,,,,,,,,,,,,,,,,,,,,,,,
Air Fryer,7899882315738,FRITADEIRA S/OLEO MONDIAL AIR FRYER AFN-40-BFS 220V,7899882315738,,,,,,2022-07-21T15:22:04.000-03:00,2024-12-28T01:14:48.000-03:00,,,,0,0,7899882315738,Unidade,1,,,COSMOS,https://cosmos.bluesoft.com.br/products/barcode/CB4AAE86613B0379F7C82435C27892B4.png,,https://cdn-cosmos.bluesoft.com.br/products/7899882315738,,,85166000,"Outros fornos; fogões de cozinha, fogareiros (incluindo as chapas de cocção), grelhas e assadeiras","Máquinas, aparelhos e materiais elétricos, e suas partes; aparelhos de gravação ou de reprodução de som, aparelhos de gravação ou de reprodução de imagens e de som em televisão, e suas partes e acessórios - Aquecedores elétricos de água, incluindo os de imersão; aparelhos elétricos para aquecimentodeambientes,dosoloouparausossemelhantes;aparelhos eletrotérmicos para arranjos do cabelo (por exemplo, secadores de cabelo, frisadores, aquecedores de ferros de frisar) ou para secar as mãos; ferros elétricos de passar; outros aparelhos eletrotérmicos de uso doméstico; resistências de aquecimento, exceto as da posição 85.45. - Outros fornos; fogões de cozinha, fogareiros (incluindo as chapas de cocção), grelhas e assadeiras",,17899882315735,Caixa,2,4,3,,,,,,,,,,,,
Air Fryer,7899882315776,FRITADEIRA MONDIAL MEGA FAMILY 8L VERM.,7899882315776,,,,,,2023-05-22T07:38:09.000-03:00,2023-05-22T07:38:10.000-03:00,,,,0,0,7899882315776,Unidade,1,,,COSMOS,https://cosmos.bluesoft.com.br/products/barcode/CB4AAE86613B03793BFBADEBE528E734.png,,,,,,,,,,,,,,,,,,,,,,,,,
Air Fryer,7899882315820,FRITADEIRA MONDIAL AFN40PI 220V,7899882315820,,,,,,2023-05-07T06:51:14.000-03:00,2023-10-31T11:20:14.000-03:00,,,,0,0,7899882315820,Unidade,1,,,COSMOS,https://cosmos.bluesoft.com.br/products/barcode/CB4AAE86613B0379E55144DE1C5DE92C.png,,,,,,,,,,,,,,,,,,,,,,,,,
Air Fryer,7899882316537,FRITADEIRA MONDIAL AIR FRY 8L PRETA 220V,7899882316537,,,,,,2023-11-26T12:15:51.000-03:00,2023-11-26T12:15:52.000-03:00,,,,0,0,7899882316537,Unidade,1,,,COSMOS,https://cosmos.bluesoft.com.br/products/barcode/CB4AAE86613B0379C1D7108E51CCEBD8.png,,,,,,,,,,,,,,,,,,,,,,,,,
Air Fryer,7899882317312,FRITADEIRA AIRFRYER AFON12LAB 12L PT127,7899882317312,0,0,0,,,2025-09-07T06:41:09.000-03:00,2026-08-01T09:50:30.000-03:00,,,,0,0,7899882317312,Unidade,1,,,COSMOS,https://cosmos.bluesoft.com.br/products/barcode/CB4AAE86613B0379DBBE8073E5D399DE.png,,https://cdn-cosmos.bluesoft.com.br/products/7899882317312,,,85166000,"Outros fornos; fogões de cozinha, fogareiros (incluindo as chapas de cocção), grelhas e assadeiras","Máquinas, aparelhos e materiais elétricos, e suas partes; aparelhos de gravação ou de reprodução de som, aparelhos de gravação ou de reprodução de imagens e de som em televisão, e suas partes e acessórios - Aquecedores elétricos de água, incluindo os de imersão; aparelhos elétricos para aquecimentodeambientes,dosoloouparausossemelhantes;aparelhos eletrotérmicos para arranjos do cabelo (por exemplo, secadores de cabelo, frisadores, aquecedores de ferros de frisar) ou para secar as mãos; ferros elétricos de passar; outros aparelhos eletrotérmicos de uso doméstico; resistências de aquecimento, exceto as da posição 85.45. - Outros fornos; fogões de cozinha, fogareiros (incluindo as chapas de cocção), grelhas e assadeiras",,,,,,,,,,,,,,,,,,
Air Fryer,7899882317329,,,,,,,,,,,,,,,,,,,,,,Não encontrado,,,,,,,,,,,,,,,,,,,,,,,,
Air Fryer,7899882319835,,,,,,,,,,,,,,,,,,,,,,Não encontrado,,,,,,,,,,,,,,,,,,,,,,,,
Air Fryer,7899882320176,,,,,,,,,,,,,,,,,,,,,,Não encontrado,,,,,,,,,,,,,,,,,,,,,,,,
Air Fryer,7899904964043,,,,,,,,,,,,,,,,,,,,,,Não encontrado,,,,,,,,,,,,,,,,,,,,,,,,
Air Fryer,7899963912856,FRITADEIRA ELET PHILCO GOURMET 220V 4L BLACK,7899963912856,,,,,,2023-06-11T07:54:55.000-03:00,2026-05-29T10:55:01.000-03:00,,,,0,0,7899963912856,Unidade,1,,,COSMOS,https://cosmos.bluesoft.com.br/products/barcode/FA56506A6F29B98547A1D33890FDB757.png,,,,,,,,,,,,,,,,,,,,,,,,,
Air Fryer,7899963913075,FRITADEIRA AIR FRY 3L BFR30 110V PRETO 200<300,7899963913075,,,,,,2023-05-07T07:51:48.000-03:00,2026-07-01T02:30:11.000-03:00,,,,0,0,7899963913075,Unidade,1,,,COSMOS,https://cosmos.bluesoft.com.br/products/barcode/FA56506A6F29B9850B90D6A28CE9A76B.png,,,,,,,,,,,,,,,,,,,,,,,,,
Air Fryer,7899963914423,FRITADEIRA AIR FRYER BFR2150RS 127V,7899963914423,,,,,,2026-01-09T06:31:53.000-03:00,2026-01-09T06:31:53.000-03:00,,,,0,0,7899963914423,Unidade,1,,,COSMOS,https://cosmos.bluesoft.com.br/products/barcode/FA56506A6F29B9859977B5B622AF6458.png,,,,,,,,,,,,,,,,,,,,,,,,,
Air Fryer,7899963914430,,,,,,,,,,,,,,,,,,,,,,Não encontrado,,,,,,,,,,,,,,,,,,,,,,,,
Air Fryer,7899963920417,,,,,,,,,,,,,,,,,,,,,,Não encontrado,,,,,,,,,,,,,,,,,,,,,,,,
Air Fryer,7899963920424,,,,,,,,,,,,,,,,,,,,,,Não encontrado,,,,,,,,,,,,,,,,,,,,,,,,
Air Fryer,7900025154067,,,,,,,,,,,,,,,,,,,,,,Não encontrado,,,,,,,,,,,,,,,,,,,,,,,,
Air Fryer,7900025300549,,,,,,,,,,,,,,,,,,,,,,Não encontrado,,,,,,,,,,,,,,,,,,,,,,,,
Air Fryer,7900025406432,,,,,,,,,,,,,,,,,,,,,,Não encontrado,,,,,,,,,,,,,,,,,,,,,,,,
Air Fryer,7900135456402,,,,,,,,,,,,,,,,,,,,,,Não encontrado,,,,,,,,,,,,,,,,,,,,,,,,
Air Fryer,7900163007157,"FRITADEIRA SEM OLEO AIRFRYER HQ 4,8 LITROS DIGITAL PRETO HQ AF4 8LDP",7900163007157,,,,,,2025-09-16T18:35:43.000-03:00,2025-09-16T18:35:44.000-03:00,,,,0,0,7900163007157,Unidade,1,,,COSMOS,https://cosmos.bluesoft.com.br/products/barcode/7BA31CA84B7D3720FB8FD9608D15E7DD.png,,,,,,,,,,,,,,,,,,,,,,,,,
Air Fryer,7900163007232,,,,,,,,,,,,,,,,,,,,,,Não encontrado,,,,,,,,,,,,,,,,,,,,,,,,
Air Fryer,7900205344059,,,,,,,,,,,,,,,,,,,,,,Não encontrado,,,,,,,,,,,,,,,,,,,,,,,,
Air Fryer,7900346054114,,,,,,,,,,,,,,,,,,,,,,Não encontrado,,,,,,,,,,,,,,,,,,,,,,,,
Air Fryer,7900451400646,,,,,,,,,,,,,,,,,,,,,,Não encontrado,,,,,,,,,,,,,,,,,,,,,,,,
Air Fryer,7901003440400,,,,,,,,,,,,,,,,,,,,,,Não encontrado,,,,,,,,,,,,,,,,,,,,,,,,
Air Fryer,7901003444019,,,,,,,,,,,,,,,,,,,,,,Não encontrado,,,,,,,,,,,,,,,,,,,,,,,,
Air Fryer,7901045010258,,,,,,,,,,,,,,,,,,,,,,Não encontrado,,,,,,,,,,,,,,,,,,,,,,,,
Air Fryer,7901184344542,,,,,,,,,,,,,,,,,,,,,,Não encontrado,,,,,,,,,,,,,,,,,,,,,,,,
Air Fryer,7901241054568,,,,,,,,,,,,,,,,,,,,,,Não encontrado,,,,,,,,,,,,,,,,,,,,,,,,
Air Fryer,7901245010638,,,,,,,,,,,,,,,,,,,,,,Não encontrado,,,,,,,,,,,,,,,,,,,,,,,,
Air Fryer,7901302104065,,,,,,,,,,,,,,,,,,,,,,Não encontrado,,,,,,,,,,,,,,,,,,,,,,,,
Air Fryer,7901404245031,,,,,,,,,,,,,,,,,,,,,,Não encontrado,,,,,,,,,,,,,,,,,,,,,,,,
Air Fryer,7901564010302,,,,,,,,,,,,,,,,,,,,,,Não encontrado,,,,,,,,,,,,,,,,,,,,,,,,
Air Fryer,7901859051744,,,,,,,,,,,,,,,,,,,,,,Não encontrado,,,,,,,,,,,,,,,,,,,,,,,,
Air Fryer,7902006011451,,,,,,,,,,,,,,,,,,,,,,Não encontrado,,,,,,,,,,,,,,,,,,,,,,,,
Air Fryer,7902500540648,,,,,,,,,,,,,,,,,,,,,,Não encontrado,,,,,,,,,,,,,,,,,,,,,,,,
Air Fryer,7903045241069,,,,,,,,,,,,,,,,,,,,,,Não encontrado,,,,,,,,,,,,,,,,,,,,,,,,
Air Fryer,7903105201040,,,,,,,,,,,,,,,,,,,,,,Não encontrado,,,,,,,,,,,,,,,,,,,,,,,,
Air Fryer,7903462510540,,,,,,,,,,,,,,,,,,,,,,Não encontrado,,,,,,,,,,,,,,,,,,,,,,,,
Air Fryer,7903512446454,,,,,,,,,,,,,,,,,,,,,,Não encontrado,,,,,,,,,,,,,,,,,,,,,,,,
Air Fryer,7903542406114,,,,,,,,,,,,,,,,,,,,,,Não encontrado,,,,,,,,,,,,,,,,,,,,,,,,
Air Fryer,7903615000201,,,,,,,,,,,,,,,,,,,,,,Não encontrado,,,,,,,,,,,,,,,,,,,,,,,,
Air Fryer,7903640150155,,,,,,,,,,,,,,,,,,,,,,Não encontrado,,,,,,,,,,,,,,,,,,,,,,,,
Air Fryer,7904005031027,,,,,,,,,,,,,,,,,,,,,,Não encontrado,,,,,,,,,,,,,,,,,,,,,,,,
Air Fryer,7904040150523,,,,,,,,,,,,,,,,,,,,,,Não encontrado,,,,,,,,,,,,,,,,,,,,,,,,
Air Fryer,7904040360212,,,,,,,,,,,,,,,,,,,,,,Não encontrado,,,,,,,,,,,,,,,,,,,,,,,,
Air Fryer,7904040604538,,,,,,,,,,,,,,,,,,,,,,Não encontrado,,,,,,,,,,,,,,,,,,,,,,,,
Air Fryer,7904041531604,,,,,,,,,,,,,,,,,,,,,,Não encontrado,,,,,,,,,,,,,,,,,,,,,,,,
Air Fryer,7904054631056,,,,,,,,,,,,,,,,,,,,,,Não encontrado,,,,,,,,,,,,,,,,,,,,,,,,
Air Fryer,7904130005245,,,,,,,,,,,,,,,,,,,,,,Não encontrado,,,,,,,,,,,,,,,,,,,,,,,,
Air Fryer,7904206311546,,,,,,,,,,,,,,,,,,,,,,Não encontrado,,,,,,,,,,,,,,,,,,,,,,,,
Air Fryer,7904210150032,,,,,,,,,,,,,,,,,,,,,,Não encontrado,,,,,,,,,,,,,,,,,,,,,,,,
Air Fryer,7904251043003,,,,,,,,,,,,,,,,,,,,,,Não encontrado,,,,,,,,,,,,,,,,,,,,,,,,
Air Fryer,7904300456242,,,,,,,,,,,,,,,,,,,,,,Não encontrado,,,,,,,,,,,,,,,,,,,,,,,,
Air Fryer,7904301006453,,,,,,,,,,,,,,,,,,,,,,Não encontrado,,,,,,,,,,,,,,,,,,,,,,,,
Air Fryer,7904314200152,,,,,,,,,,,,,,,,,,,,,,Não encontrado,,,,,,,,,,,,,,,,,,,,,,,,
Air Fryer,7904460402103,,,,,,,,,,,,,,,,,,,,,,Não encontrado,,,,,,,,,,,,,,,,,,,,,,,,
Air Fryer,7904460532152,,,,,,,,,,,,,,,,,,,,,,Não encontrado,,,,,,,,,,,,,,,,,,,,,,,,
Air Fryer,7904501061542,,,,,,,,,,,,,,,,,,,,,,Não encontrado,,,,,,,,,,,,,,,,,,,,,,,,
Air Fryer,7904503006459,,,,,,,,,,,,,,,,,,,,,,Não encontrado,,,,,,,,,,,,,,,,,,,,,,,,
Air Fryer,7904516514309,,,,,,,,,,,,,,,,,,,,,,Não encontrado,,,,,,,,,,,,,,,,,,,,,,,,
Air Fryer,7905054106032,,,,,,,,,,,,,,,,,,,,,,Não encontrado,,,,,,,,,,,,,,,,,,,,,,,,
Air Fryer,7905060240454,,,,,,,,,,,,,,,,,,,,,,Não encontrado,,,,,,,,,,,,,,,,,,,,,,,,
Air Fryer,7905120651039,,,,,,,,,,,,,,,,,,,,,,Não encontrado,,,,,,,,,,,,,,,,,,,,,,,,
Air Fryer,7905640320156,,,,,,,,,,,,,,,,,,,,,,Não encontrado,,,,,,,,,,,,,,,,,,,,,,,,
Air Fryer,7906004410513,,,,,,,,,,,,,,,,,,,,,,Não encontrado,,,,,,,,,,,,,,,,,,,,,,,,
Air Fryer,7908156904186,FORNO ELETRICO,7908156904186,,,,,,2023-05-07T09:45:25.000-03:00,2023-06-09T22:18:45.000-03:00,,,,0,0,7908156904186,Unidade,1,,,COSMOS,https://cosmos.bluesoft.com.br/products/barcode/C3097006C438524DF3F9EB3164958520.png,,,,,,,,,,,,,,,,,,,,,,,,,
Air Fryer,7908198023456,,,,,,,,,,,,,,,,,,,,,,Não encontrado,,,,,,,,,,,,,,,,,,,,,,,,
Air Fryer,7908256546118,,,,,,,,,,,,,,,,,,,,,,Não encontrado,,,,,,,,,,,,,,,,,,,,,,,,
Air Fryer,7908259500391,"AIR FRYER MAXIS AF33 110V 3,2L",7908259500391,,,,,,2021-01-26T07:49:24.000-03:00,2023-11-21T00:09:50.000-03:00,,,,0,0,7908259500391,Unidade,1,,,COSMOS,https://cosmos.bluesoft.com.br/products/barcode/D09654456B28426114372E764435F080.png,,,,,,,,,,,,,,,,,,,,,,,,,
Air Fryer,7908259503859,FRITADEIRA AIR FRYER AF-34R 110V MONDIAL,7908259503859,,,,,,2021-09-18T01:44:52.000-03:00,2022-04-12T15:39:25.000-03:00,,,,0,0,7908259503859,Unidade,1,,,COSMOS,https://cosmos.bluesoft.com.br/products/barcode/D09654456B284261B3942DB0D09FA2E3.png,,,,,,,,,,,,,,,,,,,,,,,,,
Air Fryer,7908412504488,AIR FRYER CUBE FRY - ELGIN - 110V,7908412504488,,,,,,2024-03-22T16:59:22.000-03:00,2026-03-27T15:49:01.000-03:00,,,,0,0,7908412504488,Unidade,1,,,COSMOS,https://cosmos.bluesoft.com.br/products/barcode/C42806A47624B1FE25B3CC7C4309C6B1.png,,https://cdn-cosmos.bluesoft.com.br/products/7908412504488,ELGIN,/assets/brand-placeholder-7080174fbd24025783105a607811edad.png,85167920,Fritadoras,"Máquinas, aparelhos e materiais elétricos, e suas partes; aparelhos de gravação ou de reprodução de som, aparelhos de gravação ou de reprodução de imagens e de som em televisão, e suas partes e acessórios - Aquecedores elétricos de água, incluindo os de imersão; aparelhos elétricos para aquecimentodeambientes,dosoloouparausossemelhantes;aparelhos eletrotérmicos para arranjos do cabelo (por exemplo, secadores de cabelo, frisadores, aquecedores de ferros de frisar) ou para secar as mãos; ferros elétricos de passar; outros aparelhos eletrotérmicos de uso doméstico; resistências de aquecimento, exceto as da posição 85.45. - Outros aparelhos eletrotérmicos: - Outros - Fritadoras",,17908412504485,Caixa,2,0,0,,,,,,,,,,,,
Air Fryer,7908412514500,"ELGIN FRITADEIRA START 3,5 LITROS PRETO 110V",7908412514500,,,,,,2023-11-26T16:32:02.000-03:00,2026-02-25T10:34:10.000-03:00,,,,0,0,7908412514500,Unidade,1,,,COSMOS,https://cosmos.bluesoft.com.br/products/barcode/C42806A47624B1FEC9EB13FC86C7718E.png,,https://cdn-cosmos.bluesoft.com.br/products/7908412514500,,,85167920,Fritadoras,"Máquinas, aparelhos e materiais elétricos, e suas partes; aparelhos de gravação ou de reprodução de som, aparelhos de gravação ou de reprodução de imagens e de som em televisão, e suas partes e acessórios - Aquecedores elétricos de água, incluindo os de imersão; aparelhos elétricos para aquecimentodeambientes,dosoloouparausossemelhantes;aparelhos eletrotérmicos para arranjos do cabelo (por exemplo, secadores de cabelo, frisadores, aquecedores de ferros de frisar) ou para secar as mãos; ferros elétricos de passar; outros aparelhos eletrotérmicos de uso doméstico; resistências de aquecimento, exceto as da posição 85.45. - Outros aparelhos eletrotérmicos: - Outros - Fritadoras",,27908412514504,Caixa,2,0,0,,,,,,,,,,,,
Air Fryer,7908412525414,"FRITADEIRA ELGIN 4,2L AGF42 PTA 220V",7908412525414,,,,,,2025-09-07T12:44:11.000-03:00,2026-08-21T07:30:41.000-03:00,,,,0,0,7908412525414,Unidade,1,,,COSMOS,https://cosmos.bluesoft.com.br/products/barcode/C42806A47624B1FE26E122E3D01CE637.png,,,,,85166000,"Outros fornos; fogões de cozinha, fogareiros (incluindo as chapas de cocção), grelhas e assadeiras","Máquinas, aparelhos e materiais elétricos, e suas partes; aparelhos de gravação ou de reprodução de som, aparelhos de gravação ou de reprodução de imagens e de som em televisão, e suas partes e acessórios - Aquecedores elétricos de água, incluindo os de imersão; aparelhos elétricos para aquecimentodeambientes,dosoloouparausossemelhantes;aparelhos eletrotérmicos para arranjos do cabelo (por exemplo, secadores de cabelo, frisadores, aquecedores de ferros de frisar) ou para secar as mãos; ferros elétricos de passar; outros aparelhos eletrotérmicos de uso doméstico; resistências de aquecimento, exceto as da posição 85.45. - Outros fornos; fogões de cozinha, fogareiros (incluindo as chapas de cocção), grelhas e assadeiras",,,,,,,,,,,,,,,,,,
Air Fryer,7908412525421,"FRITADEIRA AIR FRYER ELGIN 3,7L PT UN",7908412525421,,,,,,2025-09-07T13:30:26.000-03:00,2026-02-16T15:40:42.000-03:00,,,,0,0,7908412525421,Unidade,1,,,COSMOS,https://cosmos.bluesoft.com.br/products/barcode/C42806A47624B1FE1CDC8D8E58810932.png,,,,,85166000,"Outros fornos; fogões de cozinha, fogareiros (incluindo as chapas de cocção), grelhas e assadeiras","Máquinas, aparelhos e materiais elétricos, e suas partes; aparelhos de gravação ou de reprodução de som, aparelhos de gravação ou de reprodução de imagens e de som em televisão, e suas partes e acessórios - Aquecedores elétricos de água, incluindo os de imersão; aparelhos elétricos para aquecimentodeambientes,dosoloouparausossemelhantes;aparelhos eletrotérmicos para arranjos do cabelo (por exemplo, secadores de cabelo, frisadores, aquecedores de ferros de frisar) ou para secar as mãos; ferros elétricos de passar; outros aparelhos eletrotérmicos de uso doméstico; resistências de aquecimento, exceto as da posição 85.45. - Outros fornos; fogões de cozinha, fogareiros (incluindo as chapas de cocção), grelhas e assadeiras",,,,,,,,,,,,,,,,,,
Air Fryer,7908412525476,FRITADEIRA ELGIN STYLE OVEN FRY 10L DIGITAL 220V,7908412525476,,,,,,2025-09-07T12:43:53.000-03:00,2025-09-07T12:43:54.000-03:00,,,,0,0,7908412525476,Unidade,1,,,COSMOS,https://cosmos.bluesoft.com.br/products/barcode/C42806A47624B1FE174705A97D649FBA.png,,,,,,,,,,,,,,,,,,,,,,,,,
Air Fryer,7908412531576,"FRITADEIRA 3,5L PT 127V",7908412531576,,,,,,2025-07-14T08:24:55.000-03:00,2026-05-02T11:49:12.000-03:00,,,,0,0,7908412531576,Unidade,1,,,COSMOS,https://cosmos.bluesoft.com.br/products/barcode/C42806A47624B1FE4AAC64CE204A5D39.png,,,,,85166000,"Outros fornos; fogões de cozinha, fogareiros (incluindo as chapas de cocção), grelhas e assadeiras","Máquinas, aparelhos e materiais elétricos, e suas partes; aparelhos de gravação ou de reprodução de som, aparelhos de gravação ou de reprodução de imagens e de som em televisão, e suas partes e acessórios - Aquecedores elétricos de água, incluindo os de imersão; aparelhos elétricos para aquecimentodeambientes,dosoloouparausossemelhantes;aparelhos eletrotérmicos para arranjos do cabelo (por exemplo, secadores de cabelo, frisadores, aquecedores de ferros de frisar) ou para secar as mãos; ferros elétricos de passar; outros aparelhos eletrotérmicos de uso doméstico; resistências de aquecimento, exceto as da posição 85.45. - Outros fornos; fogões de cozinha, fogareiros (incluindo as chapas de cocção), grelhas e assadeiras",,,,,,,,,,,,,,,,,,
Air Fryer,7908412531583,"FRITAD ELET ELGIN 3,5L 220V",7908412531583,,,,,,2025-09-07T12:40:45.000-03:00,2026-08-21T07:30:42.000-03:00,,,,0,0,7908412531583,Unidade,1,,,COSMOS,https://cosmos.bluesoft.com.br/products/barcode/C42806A47624B1FEF3A12EEF0F407A53.png,,,,,85166000,"Outros fornos; fogões de cozinha, fogareiros (incluindo as chapas de cocção), grelhas e assadeiras","Máquinas, aparelhos e materiais elétricos, e suas partes; aparelhos de gravação ou de reprodução de som, aparelhos de gravação ou de reprodução de imagens e de som em televisão, e suas partes e acessórios - Aquecedores elétricos de água, incluindo os de imersão; aparelhos elétricos para aquecimentodeambientes,dosoloouparausossemelhantes;aparelhos eletrotérmicos para arranjos do cabelo (por exemplo, secadores de cabelo, frisadores, aquecedores de ferros de frisar) ou para secar as mãos; ferros elétricos de passar; outros aparelhos eletrotérmicos de uso doméstico; resistências de aquecimento, exceto as da posição 85.45. - Outros fornos; fogões de cozinha, fogareiros (incluindo as chapas de cocção), grelhas e assadeiras",,,,,,,,,,,,,,,,,,
Air Fryer,7908414410442,FRITADEIRA AIR FRYER CE169 4L 220V MULTILASER,7908414410442,,,,,,2021-12-13T06:09:53.000-03:00,2026-03-25T19:07:16.000-03:00,,,,0,0,7908414410442,Unidade,1,,,COSMOS,https://cosmos.bluesoft.com.br/products/barcode/9DCC0F3676CC183361FB01B212983AB9.png,,,,,85166000,"Outros fornos; fogões de cozinha, fogareiros (incluindo as chapas de cocção), grelhas e assadeiras","Máquinas, aparelhos e materiais elétricos, e suas partes; aparelhos de gravação ou de reprodução de som, aparelhos de gravação ou de reprodução de imagens e de som em televisão, e suas partes e acessórios - Aquecedores elétricos de água, incluindo os de imersão; aparelhos elétricos para aquecimentodeambientes,dosoloouparausossemelhantes;aparelhos eletrotérmicos para arranjos do cabelo (por exemplo, secadores de cabelo, frisadores, aquecedores de ferros de frisar) ou para secar as mãos; ferros elétricos de passar; outros aparelhos eletrotérmicos de uso doméstico; resistências de aquecimento, exceto as da posição 85.45. - Outros fornos; fogões de cozinha, fogareiros (incluindo as chapas de cocção), grelhas e assadeiras",,,,,,,,,,,,,,,,,,
Air Fryer,7908685618059,AIR FRYER MULTILASER BLACK 4L 1500W 127V,7908685618059,,,,,,2024-12-02T10:55:34.000-03:00,2026-02-27T20:00:26.000-03:00,,,,0,0,7908685618059,Unidade,1,,,COSMOS,https://cosmos.bluesoft.com.br/products/barcode/1B06E0E680D6A816CEB6F5E07A5CEFD1.png,,https://cdn-cosmos.bluesoft.com.br/products/7908685618059,,,85166000,"Outros fornos; fogões de cozinha, fogareiros (incluindo as chapas de cocção), grelhas e assadeiras","Máquinas, aparelhos e materiais elétricos, e suas partes; aparelhos de gravação ou de reprodução de som, aparelhos de gravação ou de reprodução de imagens e de som em televisão, e suas partes e acessórios - Aquecedores elétricos de água, incluindo os de imersão; aparelhos elétricos para aquecimentodeambientes,dosoloouparausossemelhantes;aparelhos eletrotérmicos para arranjos do cabelo (por exemplo, secadores de cabelo, frisadores, aquecedores de ferros de frisar) ou para secar as mãos; ferros elétricos de passar; outros aparelhos eletrotérmicos de uso doméstico; resistências de aquecimento, exceto as da posição 85.45. - Outros fornos; fogões de cozinha, fogareiros (incluindo as chapas de cocção), grelhas e assadeiras",,17908685618056,Caixa,2,9,9,,,,,,,,,,,,
Air Fryer,7908974100685,,,,,,,,,,,,,,,,,,,,,,Não encontrado,,,,,,,,,,,,,,,,,,,,,,,,
Air Fryer,7909484052723,ICHEF AIRFRYER ALLSPACE VISION SMART 6L 220V,7909484052723,,,,,,2025-09-07T15:45:19.000-03:00,2025-09-07T15:45:21.000-03:00,,,,0,0,7909484052723,Unidade,1,,,COSMOS,https://cosmos.bluesoft.com.br/products/barcode/5AD0C6A2383101F3DC4BE2FFE6A8BF05.png,,,,,,,,,,,,,,,,,,,,,,,,,
Air Fryer,7909569473368,,,,,,,,,,,,,,,,,,,,,,Não encontrado,,,,,,,,,,,,,,,,,,,,,,,,
Air Fryer,7909867127765,,,,,,,,,,,,,,,,,,,,,,Não encontrado,,,,,,,,,,,,,,,,,,,,,,,,
Air Fryer,8003705123380,FORNO AIRFRYER ARIETE,8003705123380,,,,,,2025-09-07T17:13:14.000-03:00,2025-09-07T17:13:15.000-03:00,,,,0,0,8003705123380,Unidade,1,,,COSMOS,https://cosmos.bluesoft.com.br/products/barcode/4FC1B98FD954A1A557291CF9CF351A26.png,,,,,,,,,,,,,,,,,,,,,,,,,
Air Fryer,8720389022371,FRIT ELET PHILIPS WALITA RI9270/9 XL 6 2L PT 110V,8720389022371,,,,,,2023-05-07T14:03:36.000-03:00,2024-07-03T13:41:10.000-03:00,,,,0,0,8720389022371,Unidade,1,,,COSMOS,https://cosmos.bluesoft.com.br/products/barcode/78E58E226B83108A1986866A361ABB22.png,,https://cdn-cosmos.bluesoft.com.br/products/8720389022371,WALITA,/assets/brand-placeholder-7080174fbd24025783105a607811edad.png,85167920,Fritadoras,"Máquinas, aparelhos e materiais elétricos, e suas partes; aparelhos de gravação ou de reprodução de som, aparelhos de gravação ou de reprodução de imagens e de som em televisão, e suas partes e acessórios - Aquecedores elétricos de água, incluindo os de imersão; aparelhos elétricos para aquecimentodeambientes,dosoloouparausossemelhantes;aparelhos eletrotérmicos para arranjos do cabelo (por exemplo, secadores de cabelo, frisadores, aquecedores de ferros de frisar) ou para secar as mãos; ferros elétricos de passar; outros aparelhos eletrotérmicos de uso doméstico; resistências de aquecimento, exceto as da posição 85.45. - Outros aparelhos eletrotérmicos: - Outros - Fritadoras",,,,,,,,,,,,,,,,,,
Air Fryer,8720389032233,"AIRFRYER VERSUNI SERIE 3000 1400W 4,1L PRETO 110V",8720389032233,,,,,,2023-12-31T18:48:54.000-03:00,2026-03-09T20:01:09.000-03:00,,,,0,0,8720389032233,Unidade,1,,,COSMOS,https://cosmos.bluesoft.com.br/products/barcode/78E58E226B83108A28C8B3E090CE81C4.png,,,,,,,,,,,,,,,,,,,,,,,,,
Air Fryer,8720389034305,,,,,,,,,,,,,,,,,,,,,,Não encontrado,,,,,,,,,,,,,,,,,,,,,,,,
Air Fryer,8720389034398,FRITADEIRA AIRFRYER NA,8720389034398,,,,,,2025-09-07T19:05:06.000-03:00,2025-09-07T19:05:07.000-03:00,,,,0,0,8720389034398,Unidade,1,,,COSMOS,https://cosmos.bluesoft.com.br/products/barcode/78E58E226B83108A869EA05F3F82A38B.png,,,,,,,,,,,,,,,,,,,,,,,,,
Ar Condicionado,4974437072816,,,,,,,,,,,,,,,,,,,,,,Não encontrado,,,,,,,,,,,,,,,,,,,,,,,,
Ar Condicionado,4974437870344,EVAP FUJITSU K7 35K 220/2 QF INV R32,4974437870344,,,,,,2024-08-06T13:22:51.000-03:00,2024-08-06T13:22:51.000-03:00,,,,0,0,4974437870344,Unidade,1,,,COSMOS,https://cosmos.bluesoft.com.br/products/barcode/8E44FA6D53135D4AC4FD8D7CA3EDDC1C.png,,,,,84159010,"elementos separados), com capacidade inferior ou igual a 30.000 frigorias/hora","Reatores nucleares, caldeiras, máquinas, aparelhos e instrumentos mecânicos, e suas partes - Máquinas e aparelhos de arcondicionado contendo um ventilador motorizado e dispositivos próprios para modificar a temperatura e a umidade, incluídos as máquinas e aparelhos em que a umidade não seja regulável separadamente - Partes - elementos separados), com capacidade inferior ou igual a 30.000 frigorias/hora",,,,,,,,,,,,,,,,,,
Ar Condicionado,4974437870603,COND FUJITSU TETO 30K 220/1 QF R32 IN,4974437870603,,,,,,2024-05-19T18:09:13.000-03:00,2024-05-19T18:09:13.000-03:00,,,,0,0,4974437870603,Unidade,1,,,COSMOS,https://cosmos.bluesoft.com.br/products/barcode/8E44FA6D53135D4A0B03143C7F2DF9AB.png,,,,,84159020,"Unidades condensadoras (externas) de aparelho de ar-condicionado do tipo split- system (sistema com elementos separados), com capacidade inferior ou igual a 30.000 frigorias/hora","Reatores nucleares, caldeiras, máquinas, aparelhos e instrumentos mecânicos, e suas partes - Máquinas e aparelhos de arcondicionado contendo um ventilador motorizado e dispositivos próprios para modificar a temperatura e a umidade, incluídos as máquinas e aparelhos em que a umidade não seja regulável separadamente - Partes - Unidades condensadoras (externas) de aparelho de ar-condicionado do tipo split- system (sistema com elementos separados), com capacidade inferior ou igual a 30.000 frigorias/hora",,,,,,,,,,,,,,,,,,
Ar Condicionado,4974437951821,,,,,,,,,,,,,,,,,,,,,,Não encontrado,,,,,,,,,,,,,,,,,,,,,,,,
Ar Condicionado,6923615599636,COND.JANEL 7000 REM D6NRND1A M220 GREE IMP,6923615599636,,,,,,2024-04-28T13:02:54.000-03:00,2024-04-28T13:02:56.000-03:00,,,,0,0,6923615599636,Unidade,1,,,COSMOS,https://cosmos.bluesoft.com.br/products/barcode/DFA41C6AF5B4896501C30B3FF237DBBF.png,,,,,,,,,,,,,,,,,,,,,,,,,
Ar Condicionado,6923615599674,AR COND JANELA 7K ON-OFF R32 EL GREE BRANCO 127V,6923615599674,,,,,,2024-04-28T12:41:42.000-03:00,2024-04-28T12:41:43.000-03:00,,,,0,0,6923615599674,Unidade,1,,,COSMOS,https://cosmos.bluesoft.com.br/products/barcode/DFA41C6AF5B48965634C9479898AE4B9.png,,,,,,,,,,,,,,,,,,,,,,,,,
Ar Condicionado,6926597733760,SPLIT HISENSE HW 12K 220/1 F IN,6926597733760,,,,,,2024-03-03T12:43:53.000-03:00,2025-02-18T14:37:46.000-03:00,,,,0,0,6926597733760,Unidade,1,,,COSMOS,https://cosmos.bluesoft.com.br/products/barcode/1D13519815A302A58C6F05C68C895BD8.png,,,,,,,,,,,,,,,,,,,,,,,,,
Ar Condicionado,6941783856405,,,,,,,,,,,,,,,,,,,,,,Não encontrado,,,,,,,,,,,,,,,,,,,,,,,,
Ar Condicionado,7890100043914,,,,,,,,,,,,,,,,,,,,,,Não encontrado,,,,,,,,,,,,,,,,,,,,,,,,
Ar Condicionado,7890193538649,,,,,,,,,,,,,,,,,,,,,,Não encontrado,,,,,,,,,,,,,,,,,,,,,,,,
Ar Condicionado,7891129549098,AR COND 7500 BTUS CONSUL CCB07FBANA 110V,7891129549098,,,,,,2023-08-27T14:36:00.000-03:00,2026-03-20T18:02:34.000-03:00,,,,0,0,7891129549098,Unidade,1,,,COSMOS,https://cosmos.bluesoft.com.br/products/barcode/ED13B884D30600DFAFBFCEC2D2C605AF.png,,,,,84151019,Outros,"Reatores nucleares, caldeiras, máquinas, aparelhos e instrumentos mecânicos, e suas partes - Máquinas e aparelhos de arcondicionado contendo um ventilador motorizado e dispositivos próprios para modificar a temperatura e a umidade, incluídos as máquinas e aparelhos em que a umidade não seja regulável separadamente - Dos tipos utilizados em paredes ou janelas, formando um corpo único ou do tipo ""splitsystem"" (sistema com elementos separados) - Com capacidade inferior ou igual a 30.000 frigorias/hora - Outros",,,,,,,,,,,,,,,,,,
Ar Condicionado,7891129549258,EVAP CONSUL INVERTER ECONOMAXI BRANCO 220V,7891129549258,,,,,,2024-12-21T18:40:42.000-03:00,2024-12-21T18:40:43.000-03:00,,,,0,0,7891129549258,Unidade,1,,,COSMOS,https://cosmos.bluesoft.com.br/products/barcode/ED13B884D30600DF01629C21FEEDA8CB.png,,,,,,,,,,,,,,,,,,,,,,,,,
Ar Condicionado,7891129549265,EVAP HW INV FR 22000 CONSUL R410A 220-1,7891129549265,,,,,,2024-11-11T17:59:55.000-03:00,2024-11-11T17:59:56.000-03:00,,,,0,0,7891129549265,Unidade,1,,,COSMOS,https://cosmos.bluesoft.com.br/products/barcode/ED13B884D30600DF14CC54A54EA19EAC.png,,,,,,,,,,,,,,,,,,,,,,,,,
Ar Condicionado,7891129549418,SPLIT 9 000 BTUS INVERTER REVERSO CONSUL CBR09CB BRCO 220V,7891129549418,,,,,,2024-10-06T18:14:51.000-03:00,2024-10-06T18:14:52.000-03:00,,,,0,0,7891129549418,Unidade,1,,,COSMOS,https://cosmos.bluesoft.com.br/products/barcode/ED13B884D30600DFA650FDB67B287205.png,,,,,,,,,,,,,,,,,,,,,,,,,
Ar Condicionado,7891129593800,,,,,,,,,,,,,,,,,,,,,,Não encontrado,,,,,,,,,,,,,,,,,,,,,,,,
Ar Condicionado,7891129593817,,,,,,,,,,,,,,,,,,,,,,Não encontrado,,,,,,,,,,,,,,,,,,,,,,,,
Ar Condicionado,7891129593824,,,,,,,,,,,,,,,,,,,,,,Não encontrado,,,,,,,,,,,,,,,,,,,,,,,,
Ar Condicionado,7891129593831,,,,,,,,,,,,,,,,,,,,,,Não encontrado,,,,,,,,,,,,,,,,,,,,,,,,
Ar Condicionado,7891356097492,SPLIT PHILCO E33 PAC,7891356097492,,,,,,2021-12-21T16:02:08.000-03:00,2023-06-27T18:48:38.000-03:00,,,,0,0,7891356097492,Unidade,1,,,COSMOS,https://cosmos.bluesoft.com.br/products/barcode/7273861E81AD72DA5AAB27D6077CE437.png,,,,,84151011,Do tipo split-system (sistema com elementos separados),"Reatores nucleares, caldeiras, máquinas, aparelhos e instrumentos mecânicos, e suas partes - Máquinas e aparelhos de arcondicionado contendo um ventilador motorizado e dispositivos próprios para modificar a temperatura e a umidade, incluídos as máquinas e aparelhos em que a umidade não seja regulável separadamente - Dos tipos utilizados em paredes ou janelas, formando um corpo único ou do tipo ""splitsystem"" (sistema com elementos separados) - Com capacidade inferior ou igual a 30.000 frigorias/hora - Do tipo split-system (sistema com elementos separados)",,,,,,,,,,,,,,,,,,
Ar Condicionado,7891356118913,AR COND SPLIT 9000BTUS PAC9QI,7891356118913,,,,,,2025-12-22T20:42:00.000-03:00,2025-12-22T20:42:00.000-03:00,,,,0,0,7891356118913,Unidade,1,,,COSMOS,https://cosmos.bluesoft.com.br/products/barcode/F6328E5D08A103812FAE07820D926752.png,,,,,,,,,,,,,,,,,,,,,,,,,
Ar Condicionado,7891356119552,PHILCO COND AR CD 9000 PAC9FC INT BRANCO 220V,7891356119552,,,,,,2025-03-27T19:27:07.000-03:00,2026-06-01T20:04:38.000-03:00,,,,0,0,7891356119552,Unidade,1,,,COSMOS,https://cosmos.bluesoft.com.br/products/barcode/F6328E5D08A10381380F95C8AAAA42CF.png,,,,,,,,,,,,,,,,,,,,,,,,,
Ar Condicionado,7891356119569,PHILCO COND AR CD 9000 PAC9FC EXT BRANCO 220V,7891356119569,,,,,,2025-03-27T19:31:37.000-03:00,2026-03-22T20:06:42.000-03:00,,,,0,0,7891356119569,Unidade,1,,,COSMOS,https://cosmos.bluesoft.com.br/products/barcode/F6328E5D08A10381073FDC5125EDAE1F.png,,,,,,,,,,,,,,,,,,,,,,,,,
Ar Condicionado,7891356119576,,,,,,,,,,,,,,,,,,,,,,Não encontrado,,,,,,,,,,,,,,,,,,,,,,,,
Ar Condicionado,7891356120046,PAC9Q COND AR SPLIT INVERT 9000BT EV PHILCO,7891356120046,,,,,,2025-03-27T19:26:51.000-03:00,2026-04-04T20:06:55.000-03:00,,,,0,0,7891356120046,Unidade,1,,,COSMOS,https://cosmos.bluesoft.com.br/products/barcode/F6328E5D08A10381CB8203875BBD9A41.png,,,,,,,,,,,,,,,,,,,,,,,,,
Ar Condicionado,7891356120077,UNIDADE EVAP 12,7891356120077,,,,,,2025-04-09T19:24:09.000-03:00,2026-03-15T20:03:23.000-03:00,,,,0,0,7891356120077,Unidade,1,,,COSMOS,https://cosmos.bluesoft.com.br/products/barcode/F6328E5D08A10381F885FC5396080D52.png,,,,,,,,,,,,,,,,,,,,,,,,,
Ar Condicionado,7891356120145,UNID COND PHILCO PAC18FC 18000BTUS INV,7891356120145,,,,,,2025-09-03T15:26:59.000-03:00,2026-04-04T20:07:00.000-03:00,,,,0,0,7891356120145,Unidade,1,,,COSMOS,https://cosmos.bluesoft.com.br/products/barcode/F6328E5D08A1038185BC58501291071D.png,,,,,,,,,,,,,,,,,,,,,,,,,
Ar Condicionado,7891356120206,AR COND PAC24FC 220V INT PHILCO,7891356120206,,,,,,2026-01-19T11:27:19.000-03:00,2026-01-19T11:27:19.000-03:00,,,,0,0,7891356120206,Unidade,1,,,COSMOS,https://cosmos.bluesoft.com.br/products/barcode/F6328E5D08A103811D301EAFD8A998E3.png,,,,,,,,,,,,,,,,,,,,,,,,,
Ar Condicionado,7891356120244,AR COND SPLIT 24000BTUS PAC24QC INV BRANCO QFRIO PHILCO,7891356120244,,,,,,2025-11-04T09:55:53.000-03:00,2025-11-04T09:55:54.000-03:00,,,,0,0,7891356120244,Unidade,1,,,COSMOS,https://cosmos.bluesoft.com.br/products/barcode/F6328E5D08A10381FC598E8DF0B817B0.png,,,,,,,,,,,,,,,,,,,,,,,,,
Ar Condicionado,7891356120312,COND PHILCO INV PAC30QC 30000 Q F,7891356120312,,,,,,2025-11-10T10:47:59.000-03:00,2025-11-10T10:48:00.000-03:00,,,,0,0,7891356120312,Unidade,1,,,COSMOS,https://cosmos.bluesoft.com.br/products/barcode/F6328E5D08A10381F19F7F3178DD01EA.png,,,,,,,,,,,,,,,,,,,,,,,,,
Ar Condicionado,7891356120329,,,,,,,,,,,,,,,,,,,,,,Não encontrado,,,,,,,,,,,,,,,,,,,,,,,,
Ar Condicionado,7891356120343,,,,,,,,,,,,,,,,,,,,,,Não encontrado,,,,,,,,,,,,,,,,,,,,,,,,
Ar Condicionado,7891356129650,,,,,,,,,,,,,,,,,,,,,,Não encontrado,,,,,,,,,,,,,,,,,,,,,,,,
Ar Condicionado,7891356132292,,,,,,,,,,,,,,,,,,,,,,Não encontrado,,,,,,,,,,,,,,,,,,,,,,,,
Ar Condicionado,7891356132308,,,,,,,,,,,,,,,,,,,,,,Não encontrado,,,,,,,,,,,,,,,,,,,,,,,,
Ar Condicionado,7891356132360,,,,,,,,,,,,,,,,,,,,,,Não encontrado,,,,,,,,,,,,,,,,,,,,,,,,
Ar Condicionado,7892509120722,AR COND MULTI SPLIT BI SPLIT SAMSUNG WIND FREE 18000 BTU (1X9000+1X12000) QF INVERTER 220V COND (AJ050AXJ2KH A AJ050AXJ2,7892509120722,,,,,,2025-10-21T11:43:14.000-03:00,2025-10-21T11:43:15.000-03:00,,,,0,0,7892509120722,Unidade,1,,,COSMOS,https://cosmos.bluesoft.com.br/products/barcode/A44747C82FC8A714438C6395249BE2B6.png,,,,,,,,,,,,,,,,,,,,,,,,,
Ar Condicionado,7892509125154,02VUPXDX900311 COND. AC WF PLUS C/WIFI INV.18K BTUS Q/F - EAN: 7892509125154,7892509125154,,,,,,2024-11-02T20:20:28.000-03:00,2024-11-02T20:20:29.000-03:00,,,,0,0,7892509125154,Unidade,1,,,COSMOS,https://cosmos.bluesoft.com.br/products/barcode/A44747C82FC8A7143693D96D464A4F79.png,,,,,,,,,,,,,,,,,,,,,,,,,
Ar Condicionado,7892509125291,02W3PXCX900042 EVAP. AC ULTRA INV.22K BTUS Q/F - EAN: 7892509125291,7892509125291,,,,,,2024-10-23T20:59:21.000-03:00,2024-10-23T20:59:22.000-03:00,,,,0,0,7892509125291,Unidade,1,,,COSMOS,https://cosmos.bluesoft.com.br/products/barcode/A44747C82FC8A7145AFFB34491FC0A83.png,,,,,,,,,,,,,,,,,,,,,,,,,
Ar Condicionado,7892509130387,02Z0PXCX600204 EVAP. AC WF BLACK EDT. INV.18K BTUS Q/F - EAN: 7892509130387,7892509130387,,,,,,2024-10-23T21:00:18.000-03:00,2024-10-23T21:00:19.000-03:00,,,,0,0,7892509130387,Unidade,1,,,COSMOS,https://cosmos.bluesoft.com.br/products/barcode/A44747C82FC8A714327F9C4D348A4347.png,,,,,,,,,,,,,,,,,,,,,,,,,
Ar Condicionado,7892509130578,,,,,,,,,,,,,,,,,,,,,,Não encontrado,,,,,,,,,,,,,,,,,,,,,,,,
Ar Condicionado,7892509137751,UNIDADE EXTERNA SPLIT HW 9 KBTUS SO FRIO R32 220V INVERTER WIND FREE CONNECT AI AR09DYFAAWKXAZ,7892509137751,,,,,,2025-09-03T17:01:54.000-03:00,2025-12-20T02:52:24.000-03:00,,,,0,0,7892509137751,Unidade,1,,,COSMOS,https://cosmos.bluesoft.com.br/products/barcode/A44747C82FC8A7141A0B10155CCFEAF3.png,,https://cdn-cosmos.bluesoft.com.br/products/7892509137751,,,84151011,Do tipo split-system (sistema com elementos separados),"Reatores nucleares, caldeiras, máquinas, aparelhos e instrumentos mecânicos, e suas partes - Máquinas e aparelhos de arcondicionado contendo um ventilador motorizado e dispositivos próprios para modificar a temperatura e a umidade, incluídos as máquinas e aparelhos em que a umidade não seja regulável separadamente - Dos tipos utilizados em paredes ou janelas, formando um corpo único ou do tipo ""splitsystem"" (sistema com elementos separados) - Com capacidade inferior ou igual a 30.000 frigorias/hora - Do tipo split-system (sistema com elementos separados)",,,,,,,,,,,,,,,,,,
Ar Condicionado,7892509137867,032WPXCXC07896 EVAP AC WINDFREE CONNECT INV. 12K BTUS F - EAN: 7892509137867,7892509137867,,,,,,2025-01-30T21:46:12.000-03:00,2025-10-22T17:19:07.000-03:00,,,,0,0,7892509137867,Unidade,1,,,COSMOS,https://cosmos.bluesoft.com.br/products/barcode/A44747C82FC8A714B4F8DD73C4A37D7A.png,,,,,84151011,Do tipo split-system (sistema com elementos separados),"Reatores nucleares, caldeiras, máquinas, aparelhos e instrumentos mecânicos, e suas partes - Máquinas e aparelhos de arcondicionado contendo um ventilador motorizado e dispositivos próprios para modificar a temperatura e a umidade, incluídos as máquinas e aparelhos em que a umidade não seja regulável separadamente - Dos tipos utilizados em paredes ou janelas, formando um corpo único ou do tipo ""splitsystem"" (sistema com elementos separados) - Com capacidade inferior ou igual a 30.000 frigorias/hora - Do tipo split-system (sistema com elementos separados)",,,,,,,,,,,,,,,,,,
Ar Condicionado,7892509137874,032XPXDXC00943 COND AC WINDFREE CONNECT INV. 12K BTUS F - EAN: 7892509137874,7892509137874,,,,,,2025-01-30T21:45:57.000-03:00,2026-04-22T19:15:34.000-03:00,,,,0,0,7892509137874,Unidade,1,,,COSMOS,https://cosmos.bluesoft.com.br/products/barcode/A44747C82FC8A7144C40BDF6EAB3405C.png,,,,,84151011,Do tipo split-system (sistema com elementos separados),"Reatores nucleares, caldeiras, máquinas, aparelhos e instrumentos mecânicos, e suas partes - Máquinas e aparelhos de arcondicionado contendo um ventilador motorizado e dispositivos próprios para modificar a temperatura e a umidade, incluídos as máquinas e aparelhos em que a umidade não seja regulável separadamente - Dos tipos utilizados em paredes ou janelas, formando um corpo único ou do tipo ""splitsystem"" (sistema com elementos separados) - Com capacidade inferior ou igual a 30.000 frigorias/hora - Do tipo split-system (sistema com elementos separados)",,,,,,,,,,,,,,,,,,
Ar Condicionado,7892509137935,COND SAMSUNG HW PVOLT CONECT AI 12K BIVOLT F INV,7892509137935,,,,,,2025-09-03T16:46:20.000-03:00,2025-09-03T16:46:21.000-03:00,,,,0,0,7892509137935,Unidade,1,,,COSMOS,https://cosmos.bluesoft.com.br/products/barcode/A44747C82FC8A7149AC3042915273F92.png,,,,,,,,,,,,,,,,,,,,,,,,,
Ar Condicionado,7892509142427,,,,,,,,,,,,,,,,,,,,,,Não encontrado,,,,,,,,,,,,,,,,,,,,,,,,
Ar Condicionado,7892509142779,,,,,,,,,,,,,,,,,,,,,,Não encontrado,,,,,,,,,,,,,,,,,,,,,,,,
Ar Condicionado,7892509142816,EVAPORADORA SAMSUNG INVERT WIND FREE 18000BTUS,7892509142816,0,1,0,,,2025-10-29T01:41:44.000-03:00,2025-12-11T11:02:43.000-03:00,,,,0,0,7892509142816,Unidade,1,,,COSMOS,https://cosmos.bluesoft.com.br/products/barcode/A44747C82FC8A71444816FAFC134C529.png,,,,,84151011,Do tipo split-system (sistema com elementos separados),"Reatores nucleares, caldeiras, máquinas, aparelhos e instrumentos mecânicos, e suas partes - Máquinas e aparelhos de arcondicionado contendo um ventilador motorizado e dispositivos próprios para modificar a temperatura e a umidade, incluídos as máquinas e aparelhos em que a umidade não seja regulável separadamente - Dos tipos utilizados em paredes ou janelas, formando um corpo único ou do tipo ""splitsystem"" (sistema com elementos separados) - Com capacidade inferior ou igual a 30.000 frigorias/hora - Do tipo split-system (sistema com elementos separados)",,,,,,,,,,,,,,,,,,
Ar Condicionado,7892509142915,038JPXCYA00299 EVAP AC WINDFREE CONNECT INV 24K BTUS Q EAN: 7892509142915,7892509142915,,,,,,2025-12-11T11:02:52.000-03:00,2025-12-11T11:02:53.000-03:00,,,,0,0,7892509142915,Unidade,1,,,COSMOS,https://cosmos.bluesoft.com.br/products/barcode/A44747C82FC8A714E15F0400280240CB.png,,,,,,,,,,,,,,,,,,,,,,,,,
Ar Condicionado,7892509142977,CONDENSADORA SAMS INVERT WIND FREE 24000BTUS,7892509142977,,,,,,2025-10-28T07:05:13.000-03:00,2026-04-22T19:14:31.000-03:00,,,,0,0,7892509142977,Unidade,1,,,COSMOS,https://cosmos.bluesoft.com.br/products/barcode/A44747C82FC8A71495830E719598FC92.png,,,,,84151011,Do tipo split-system (sistema com elementos separados),"Reatores nucleares, caldeiras, máquinas, aparelhos e instrumentos mecânicos, e suas partes - Máquinas e aparelhos de arcondicionado contendo um ventilador motorizado e dispositivos próprios para modificar a temperatura e a umidade, incluídos as máquinas e aparelhos em que a umidade não seja regulável separadamente - Dos tipos utilizados em paredes ou janelas, formando um corpo único ou do tipo ""splitsystem"" (sistema com elementos separados) - Com capacidade inferior ou igual a 30.000 frigorias/hora - Do tipo split-system (sistema com elementos separados)",,,,,,,,,,,,,,,,,,
Ar Condicionado,7892509146074,,,,,,,,,,,,,,,,,,,,,,Não encontrado,,,,,,,,,,,,,,,,,,,,,,,,
Ar Condicionado,7892509149662,,,,,,,,,,,,,,,,,,,,,,Não encontrado,,,,,,,,,,,,,,,,,,,,,,,,
Ar Condicionado,7892509149716,,,,,,,,,,,,,,,,,,,,,,Não encontrado,,,,,,,,,,,,,,,,,,,,,,,,
Ar Condicionado,7893299911040,,,,,,,,,,,,,,,,,,,,,,Não encontrado,,,,,,,,,,,,,,,,,,,,,,,,
Ar Condicionado,7893299911163,,,,,,,,,,,,,,,,,,,,,,Não encontrado,,,,,,,,,,,,,,,,,,,,,,,,
Ar Condicionado,7893299911170,,,,,,,,,,,,,,,,,,,,,,Não encontrado,,,,,,,,,,,,,,,,,,,,,,,,
Ar Condicionado,7893299918933,COND LG HW DUAL VOICE 30K 220/1 QF INV,7893299918933,,,,,,2023-02-01T02:54:03.000-03:00,2023-11-28T10:10:40.000-03:00,,,,0,0,7893299918933,Unidade,1,,,COSMOS,https://cosmos.bluesoft.com.br/products/barcode/3961E01131613FC34EB04273A4FD348A.png,,,,,84151011,Do tipo split-system (sistema com elementos separados),"Reatores nucleares, caldeiras, máquinas, aparelhos e instrumentos mecânicos, e suas partes - Máquinas e aparelhos de arcondicionado contendo um ventilador motorizado e dispositivos próprios para modificar a temperatura e a umidade, incluídos as máquinas e aparelhos em que a umidade não seja regulável separadamente - Dos tipos utilizados em paredes ou janelas, formando um corpo único ou do tipo ""splitsystem"" (sistema com elementos separados) - Com capacidade inferior ou igual a 30.000 frigorias/hora - Do tipo split-system (sistema com elementos separados)",,,,,,,,,,,,,,,,,,
Ar Condicionado,7893299921506,,,,,,,,,,,,,,,,,,,,,,Não encontrado,,,,,,,,,,,,,,,,,,,,,,,,
Ar Condicionado,7893299925306,,,,,,,,,,,,,,,,,,,,,,Não encontrado,,,,,,,,,,,,,,,,,,,,,,,,
Ar Condicionado,7893299925337,,,,,,,,,,,,,,,,,,,,,,Não encontrado,,,,,,,,,,,,,,,,,,,,,,,,
Ar Condicionado,7893299932205,***ARC 12 BTUS INV COMP LG EVAP KIT 61961,7893299932205,,,,,,2023-11-25T15:16:43.000-03:00,2024-11-16T03:07:14.000-03:00,,,,0,0,7893299932205,Unidade,1,,,COSMOS,https://cosmos.bluesoft.com.br/products/barcode/3961E01131613FC30E1022222AE2E9B2.png,,,,,84159010,"elementos separados), com capacidade inferior ou igual a 30.000 frigorias/hora","Reatores nucleares, caldeiras, máquinas, aparelhos e instrumentos mecânicos, e suas partes - Máquinas e aparelhos de arcondicionado contendo um ventilador motorizado e dispositivos próprios para modificar a temperatura e a umidade, incluídos as máquinas e aparelhos em que a umidade não seja regulável separadamente - Partes - elementos separados), com capacidade inferior ou igual a 30.000 frigorias/hora",,,,,,,,,,,,,,,,,,
Ar Condicionado,7893299932229,COND.SPLIT 18000 EVAP.S3NQ18 INV.145 LG AIR,7893299932229,,,,,,2023-12-10T17:21:39.000-03:00,2024-11-16T03:07:14.000-03:00,,,,0,0,7893299932229,Unidade,1,,,COSMOS,https://cosmos.bluesoft.com.br/products/barcode/3961E01131613FC3F20C495EE64AD037.png,,,,,84159010,"elementos separados), com capacidade inferior ou igual a 30.000 frigorias/hora","Reatores nucleares, caldeiras, máquinas, aparelhos e instrumentos mecânicos, e suas partes - Máquinas e aparelhos de arcondicionado contendo um ventilador motorizado e dispositivos próprios para modificar a temperatura e a umidade, incluídos as máquinas e aparelhos em que a umidade não seja regulável separadamente - Partes - elementos separados), com capacidade inferior ou igual a 30.000 frigorias/hora",,,,,,,,,,,,,,,,,,
Ar Condicionado,7893299941900,EVAP HW INV QF 18000 LG DUAL VOICE+IA R32 220-1,7893299941900,,,,,,2024-09-29T19:35:19.000-03:00,2025-01-12T19:54:53.000-03:00,,,,0,0,7893299941900,Unidade,1,,,COSMOS,https://cosmos.bluesoft.com.br/products/barcode/3961E01131613FC3FA6356B7C226DA73.png,,,,,84159020,"Unidades condensadoras (externas) de aparelho de ar-condicionado do tipo split- system (sistema com elementos separados), com capacidade inferior ou igual a 30.000 frigorias/hora","Reatores nucleares, caldeiras, máquinas, aparelhos e instrumentos mecânicos, e suas partes - Máquinas e aparelhos de arcondicionado contendo um ventilador motorizado e dispositivos próprios para modificar a temperatura e a umidade, incluídos as máquinas e aparelhos em que a umidade não seja regulável separadamente - Partes - Unidades condensadoras (externas) de aparelho de ar-condicionado do tipo split- system (sistema com elementos separados), com capacidade inferior ou igual a 30.000 frigorias/hora",,,,,,,,,,,,,,,,,,
Ar Condicionado,7893299941955,EVAP LG VOICE ARTCOOL HW 18K QF 220V INV R32,7893299941955,,,,,,2025-09-03T17:17:01.000-03:00,2025-09-03T17:17:02.000-03:00,,,,0,0,7893299941955,Unidade,1,,,COSMOS,https://cosmos.bluesoft.com.br/products/barcode/3961E01131613FC319BB8CDA03BBB564.png,,,,,,,,,,,,,,,,,,,,,,,,,
Ar Condicionado,7893299942013,AR COND SPLIT HW LG ARTCOOL +IA 18000 BTU FR DUAL INVERTER 220V EVAP (S3NQ18KLR1B EB2GAM1) S3NQ18KLR1B EB2GAM1,7893299942013,,,,,,2026-02-05T12:18:25.000-03:00,2026-02-05T12:18:25.000-03:00,,,,0,0,7893299942013,Unidade,1,,,COSMOS,https://cosmos.bluesoft.com.br/products/barcode/3961E01131613FC329F451D49CF37416.png,,,,,,,,,,,,,,,,,,,,,,,,,
Ar Condicionado,7893299955495,COND HW INV FR 9000 LG SMART + IA R32 220 1,7893299955495,,,,,,2025-10-21T11:45:55.000-03:00,2025-10-21T11:45:56.000-03:00,,,,0,0,7893299955495,Unidade,1,,,COSMOS,https://cosmos.bluesoft.com.br/products/barcode/3961E01131613FC3AE78FC7C79238492.png,,,,,,,,,,,,,,,,,,,,,,,,,
Ar Condicionado,7893299959158,"UNIDADE CONDENSADORA BISPLIT LG MULTI INVERTER R32, 18 000 BTU H, Q F, 220 V Z2UW18GFB1 AWGZBR1",7893299959158,,,,,,2025-12-30T12:20:10.000-03:00,2025-12-30T12:20:11.000-03:00,,,,0,0,7893299959158,Unidade,1,,,COSMOS,https://cosmos.bluesoft.com.br/products/barcode/3961E01131613FC37F5C69332BA8622D.png,,,,,,,,,,,,,,,,,,,,,,,,,
Ar Condicionado,7893299959189,COND PENTA MULTI LG 48K 220V QF INV R32,7893299959189,,,,,,2025-09-03T17:28:43.000-03:00,2025-09-03T17:28:44.000-03:00,,,,0,0,7893299959189,Unidade,1,,,COSMOS,https://cosmos.bluesoft.com.br/products/barcode/3961E01131613FC3365C95572E44F0CA.png,,,,,,,,,,,,,,,,,,,,,,,,,
Ar Condicionado,7893299964909,EVAP LG HW DUAL VOICE AI 9K 220V F INV R32,7893299964909,,,,,,2025-12-11T11:18:51.000-03:00,2025-12-11T11:18:52.000-03:00,,,,0,0,7893299964909,Unidade,1,,,COSMOS,https://cosmos.bluesoft.com.br/products/barcode/3961E01131613FC30B83C0F9B9681DC3.png,,,,,,,,,,,,,,,,,,,,,,,,,
Ar Condicionado,7893299966200,,,,,,,,,,,,,,,,,,,,,,Não encontrado,,,,,,,,,,,,,,,,,,,,,,,,
Ar Condicionado,7893299966279,,,,,,,,,,,,,,,,,,,,,,Não encontrado,,,,,,,,,,,,,,,,,,,,,,,,
Ar Condicionado,7893299966590,,,,,,,,,,,,,,,,,,,,,,Não encontrado,,,,,,,,,,,,,,,,,,,,,,,,
Ar Condicionado,7893299967467,,,,,,,,,,,,,,,,,,,,,,Não encontrado,,,,,,,,,,,,,,,,,,,,,,,,
Ar Condicionado,7893299967559,,,,,,,,,,,,,,,,,,,,,,Não encontrado,,,,,,,,,,,,,,,,,,,,,,,,
Ar Condicionado,7893299967566,,,,,,,,,,,,,,,,,,,,,,Não encontrado,,,,,,,,,,,,,,,,,,,,,,,,
Ar Condicionado,7893299967573,,,,,,,,,,,,,,,,,,,,,,Não encontrado,,,,,,,,,,,,,,,,,,,,,,,,
Ar Condicionado,7893299967795,,,,,,,,,,,,,,,,,,,,,,Não encontrado,,,,,,,,,,,,,,,,,,,,,,,,
Ar Condicionado,7893299968112,,,,,,,,,,,,,,,,,,,,,,Não encontrado,,,,,,,,,,,,,,,,,,,,,,,,
Ar Condicionado,7893299968129,EVAP LG HW 12K 220 QF VOICE IN,7893299968129,,,,,,2026-03-06T03:45:51.000-03:00,2026-03-06T03:45:51.000-03:00,,,,0,0,7893299968129,Unidade,1,,,COSMOS,https://cosmos.bluesoft.com.br/products/barcode/3961E01131613FC34D7EC2AE1EBDF208.png,,,,,84159010,"elementos separados), com capacidade inferior ou igual a 30.000 frigorias/hora","Reatores nucleares, caldeiras, máquinas, aparelhos e instrumentos mecânicos, e suas partes - Máquinas e aparelhos de arcondicionado contendo um ventilador motorizado e dispositivos próprios para modificar a temperatura e a umidade, incluídos as máquinas e aparelhos em que a umidade não seja regulável separadamente - Partes - elementos separados), com capacidade inferior ou igual a 30.000 frigorias/hora",,,,,,,,,,,,,,,,,,
Ar Condicionado,7893299968471,,,,,,,,,,,,,,,,,,,,,,Não encontrado,,,,,,,,,,,,,,,,,,,,,,,,
Ar Condicionado,7893299968747,,,,,,,,,,,,,,,,,,,,,,Não encontrado,,,,,,,,,,,,,,,,,,,,,,,,
Ar Condicionado,7893299968884,,,,,,,,,,,,,,,,,,,,,,Não encontrado,,,,,,,,,,,,,,,,,,,,,,,,
Ar Condicionado,7893299968907,COND LG HW 18K 220 QF VOICE IN,7893299968907,,,,,,2026-05-16T04:43:07.000-03:00,2026-05-16T04:43:07.000-03:00,,,,0,0,7893299968907,Unidade,1,,,COSMOS,https://cosmos.bluesoft.com.br/products/barcode/3961E01131613FC39AE7DCA1C38CD592.png,,,,,84159020,"Unidades condensadoras (externas) de aparelho de ar-condicionado do tipo split- system (sistema com elementos separados), com capacidade inferior ou igual a 30.000 frigorias/hora","Reatores nucleares, caldeiras, máquinas, aparelhos e instrumentos mecânicos, e suas partes - Máquinas e aparelhos de arcondicionado contendo um ventilador motorizado e dispositivos próprios para modificar a temperatura e a umidade, incluídos as máquinas e aparelhos em que a umidade não seja regulável separadamente - Partes - Unidades condensadoras (externas) de aparelho de ar-condicionado do tipo split- system (sistema com elementos separados), com capacidade inferior ou igual a 30.000 frigorias/hora",,,,,,,,,,,,,,,,,,
Ar Condicionado,7893299968938,,,,,,,,,,,,,,,,,,,,,,Não encontrado,,,,,,,,,,,,,,,,,,,,,,,,
Ar Condicionado,7893299969058,,,,,,,,,,,,,,,,,,,,,,Não encontrado,,,,,,,,,,,,,,,,,,,,,,,,
Ar Condicionado,7893299969072,,,,,,,,,,,,,,,,,,,,,,Não encontrado,,,,,,,,,,,,,,,,,,,,,,,,
Ar Condicionado,7893299969096,,,,,,,,,,,,,,,,,,,,,,Não encontrado,,,,,,,,,,,,,,,,,,,,,,,,
Ar Condicionado,7893299971501,,,,,,,,,,,,,,,,,,,,,,Não encontrado,,,,,,,,,,,,,,,,,,,,,,,,
Ar Condicionado,7893299971525,,,,,,,,,,,,,,,,,,,,,,Não encontrado,,,,,,,,,,,,,,,,,,,,,,,,
Ar Condicionado,7893299971549,,,,,,,,,,,,,,,,,,,,,,Não encontrado,,,,,,,,,,,,,,,,,,,,,,,,
Ar Condicionado,7893299971556,,,,,,,,,,,,,,,,,,,,,,Não encontrado,,,,,,,,,,,,,,,,,,,,,,,,
Ar Condicionado,7893336718076,,,,,,,,,,,,,,,,,,,,,,Não encontrado,,,,,,,,,,,,,,,,,,,,,,,,
Ar Condicionado,7894023158335,,,,,,,,,,,,,,,,,,,,,,Não encontrado,,,,,,,,,,,,,,,,,,,,,,,,
Ar Condicionado,7895702256137,,,,,,,,,,,,,,,,,,,,,,Não encontrado,,,,,,,,,,,,,,,,,,,,,,,,
Ar Condicionado,7896253900319,FAMOSET 40MG 10CPR SINTOFAR,7896253900319,,,,,,2018-06-12T13:28:55.000-03:00,2021-04-30T15:45:03.000-03:00,,,,0,0,7896253900319,Unidade,1,,,COSMOS,https://cosmos.bluesoft.com.br/products/barcode/E8A8446D5F44D54EF7A13E9F6E4ED9DD.png,,,FAMOSET,/assets/brand-placeholder-7080174fbd24025783105a607811edad.png,,,,,,,,,,273,Medicamentos e Remédios,236,,,,,,,,,
Ar Condicionado,7896558888756,,,,,,,,,,,,,,,,,,,,,,Não encontrado,,,,,,,,,,,,,,,,,,,,,,,,
Ar Condicionado,7896572267292,,,,,,,,,,,,,,,,,,,,,,Não encontrado,,,,,,,,,,,,,,,,,,,,,,,,
Ar Condicionado,7897013511912,ELGIN COND AR 9000 ECO PLUS BRANCO 220V,7897013511912,,,,,,2021-01-25T20:23:00.000-03:00,2022-10-14T17:05:24.000-03:00,,,,0,0,7897013511912,Unidade,1,,,COSMOS,https://cosmos.bluesoft.com.br/products/barcode/A33C94ABC8666589B9BF31E99F324FF3.png,,,,,,,,,,,,,,,,,,,,,,,,,
Ar Condicionado,7897013586606,,,,,,,,,,,,,,,,,,,,,,Não encontrado,,,,,,,,,,,,,,,,,,,,,,,,
Ar Condicionado,7897496818911,,,,,,,,,,,,,,,,,,,,,,Não encontrado,,,,,,,,,,,,,,,,,,,,,,,,
Ar Condicionado,7898303861854,UNID COND GREE GULD36W1 40000 INV PITE,7898303861854,,,,,,2024-06-30T05:15:03.000-03:00,2024-06-30T05:15:05.000-03:00,,,,0,0,7898303861854,Unidade,1,,,COSMOS,https://cosmos.bluesoft.com.br/products/barcode/8DFC8BD9ECCA60AFB676D3E200BFE3CF.png,,,,,,,,,,,,,,,,,,,,,,,,,
Ar Condicionado,7898303861946,COND AR COND GREE 12000 QF BRANCO 220V,7898303861946,,,,,,2024-04-28T02:13:29.000-03:00,2024-04-28T02:13:31.000-03:00,,,,0,0,7898303861946,Unidade,1,,,COSMOS,https://cosmos.bluesoft.com.br/products/barcode/8DFC8BD9ECCA60AF1C213102DCCC3C6C.png,,,,,,,,,,,,,,,,,,,,,,,,,
Ar Condicionado,7898303861977,EVAP. INT. 36.000 GREE PISO TETO G-PRIME INVERTER GULD36ZD1/A-S 220 VOLTS,7898303861977,,,,,,2024-04-14T01:23:43.000-03:00,2024-04-14T01:23:45.000-03:00,,,,0,0,7898303861977,Unidade,1,,,COSMOS,https://cosmos.bluesoft.com.br/products/barcode/8DFC8BD9ECCA60AFA86242DD8A69C24C.png,,,,,,,,,,,,,,,,,,,,,,,,,
Ar Condicionado,7898303862202,UNID EVAP GREE D6DNA1AI G-TOP 9000 INV,7898303862202,,,,,,2024-04-14T01:23:40.000-03:00,2024-04-14T01:23:42.000-03:00,,,,0,0,7898303862202,Unidade,1,,,COSMOS,https://cosmos.bluesoft.com.br/products/barcode/8DFC8BD9ECCA60AF096FCCA131381B09.png,,,,,,,,,,,,,,,,,,,,,,,,,
Ar Condicionado,7898303862219,UNID COND GREE D6DNA1AO G-TOP 9000 INV,7898303862219,,,,,,2024-04-14T01:23:37.000-03:00,2024-04-14T01:23:39.000-03:00,,,,0,0,7898303862219,Unidade,1,,,COSMOS,https://cosmos.bluesoft.com.br/products/barcode/8DFC8BD9ECCA60AF26F8580A254758ED.png,,,,,,,,,,,,,,,,,,,,,,,,,
Ar Condicionado,7898303862264,EVAP SPT INV AUTO WIFI 12K QF 220 GREE,7898303862264,,,,,,2024-06-30T05:14:50.000-03:00,2024-06-30T05:14:52.000-03:00,,,,0,0,7898303862264,Unidade,1,,,COSMOS,https://cosmos.bluesoft.com.br/products/barcode/8DFC8BD9ECCA60AFB698A44768BE089F.png,,,,,,,,,,,,,,,,,,,,,,,,,
Ar Condicionado,7898303862301,AR CONDICIONADO SPLIT 18000 BTUS GREE DUAL INVERTER QUENTE E FRIO G TOP GWH18ATD D6DNA1A 220V,7898303862301,,,,,,2025-09-04T05:31:17.000-03:00,2025-09-04T05:31:18.000-03:00,,,,0,0,7898303862301,Unidade,1,,,COSMOS,https://cosmos.bluesoft.com.br/products/barcode/8DFC8BD9ECCA60AF83519729B4E0949D.png,,,,,,,,,,,,,,,,,,,,,,,,,
Ar Condicionado,7898303862325,AR COND 24000 INV INT GWC24ATE,7898303862325,,,,,,2024-04-14T01:24:06.000-03:00,2025-10-26T19:33:28.000-03:00,,,,0,0,7898303862325,Unidade,1,,,COSMOS,https://cosmos.bluesoft.com.br/products/barcode/8DFC8BD9ECCA60AF670B4C08C7742EB5.png,,,,,84151011,Do tipo split-system (sistema com elementos separados),"Reatores nucleares, caldeiras, máquinas, aparelhos e instrumentos mecânicos, e suas partes - Máquinas e aparelhos de arcondicionado contendo um ventilador motorizado e dispositivos próprios para modificar a temperatura e a umidade, incluídos as máquinas e aparelhos em que a umidade não seja regulável separadamente - Dos tipos utilizados em paredes ou janelas, formando um corpo único ou do tipo ""splitsystem"" (sistema com elementos separados) - Com capacidade inferior ou igual a 30.000 frigorias/hora - Do tipo split-system (sistema com elementos separados)",,,,,,,,,,,,,,,,,,
Ar Condicionado,7898303862332,AR COND 24000 INV EXT GWC24ATE,7898303862332,,,,,,2024-04-14T01:23:58.000-03:00,2025-10-26T19:32:33.000-03:00,,,,0,0,7898303862332,Unidade,1,,,COSMOS,https://cosmos.bluesoft.com.br/products/barcode/8DFC8BD9ECCA60AFA41E60161669F8DE.png,,,,,84151011,Do tipo split-system (sistema com elementos separados),"Reatores nucleares, caldeiras, máquinas, aparelhos e instrumentos mecânicos, e suas partes - Máquinas e aparelhos de arcondicionado contendo um ventilador motorizado e dispositivos próprios para modificar a temperatura e a umidade, incluídos as máquinas e aparelhos em que a umidade não seja regulável separadamente - Dos tipos utilizados em paredes ou janelas, formando um corpo único ou do tipo ""splitsystem"" (sistema com elementos separados) - Com capacidade inferior ou igual a 30.000 frigorias/hora - Do tipo split-system (sistema com elementos separados)",,,,,,,,,,,,,,,,,,
Ar Condicionado,7898303862363,EVAP.GREE G-TOP 30000 BTU-H INVERTER GWC30ATEXF-S6DNA1A-I AUTO 220V -,7898303862363,,,,,,2024-06-30T04:26:32.000-03:00,2024-06-30T04:26:33.000-03:00,,,,0,0,7898303862363,Unidade,1,,,COSMOS,https://cosmos.bluesoft.com.br/products/barcode/8DFC8BD9ECCA60AFCC48088FAA3A52E9.png,,,,,,,,,,,,,,,,,,,,,,,,,
Ar Condicionado,7898303862370,COND.GREE G-TOP 30000 BTU-H INVERTER GWC30ATEXF-S6DNA1A-O AUTO 220V -,7898303862370,,,,,,2024-06-30T05:14:36.000-03:00,2024-06-30T05:14:37.000-03:00,,,,0,0,7898303862370,Unidade,1,,,COSMOS,https://cosmos.bluesoft.com.br/products/barcode/8DFC8BD9ECCA60AFA1E3C6C02B88F3F5.png,,,,,,,,,,,,,,,,,,,,,,,,,
Ar Condicionado,7898303862387,,,,,,,,,,,,,,,,,,,,,,Não encontrado,,,,,,,,,,,,,,,,,,,,,,,,
Ar Condicionado,7898303862394,COND GREE INV GTOP GWH30ATE WI 30000 Q F,7898303862394,,,,,,2025-11-07T03:56:39.000-03:00,2025-11-07T03:56:40.000-03:00,,,,0,0,7898303862394,Unidade,1,,,COSMOS,https://cosmos.bluesoft.com.br/products/barcode/8DFC8BD9ECCA60AFBD1E64AC7A877854.png,,,,,,,,,,,,,,,,,,,,,,,,,
Ar Condicionado,7898303862585,AR COND SPLIT 18000BTUS GWH18AT INV BRANCO QFRIO GREE,7898303862585,,,,,,2025-11-07T03:50:42.000-03:00,2025-11-07T03:50:43.000-03:00,,,,0,0,7898303862585,Unidade,1,,,COSMOS,https://cosmos.bluesoft.com.br/products/barcode/8DFC8BD9ECCA60AF974FDEDF03874A36.png,,,,,,,,,,,,,,,,,,,,,,,,,
Ar Condicionado,7898303862684,EVAP GREE HW INVERTER 9000 BTUS PRETO 220V,7898303862684,,,,,,2025-09-04T05:15:45.000-03:00,2025-09-04T05:15:45.000-03:00,,,,0,0,7898303862684,Unidade,1,,,COSMOS,https://cosmos.bluesoft.com.br/products/barcode/8DFC8BD9ECCA60AF9327251B18B3F43F.png,,,,,,,,,,,,,,,,,,,,,,,,,
Ar Condicionado,7898303862790,COND GREE HW INVERTER 18000 BTUS QF BRANCO 220V,7898303862790,,,,,,2026-01-08T21:55:23.000-03:00,2026-01-08T21:55:24.000-03:00,,,,0,0,7898303862790,Unidade,1,,,COSMOS,https://cosmos.bluesoft.com.br/products/barcode/8DFC8BD9ECCA60AFF25989F08D5FFD67.png,,,,,,,,,,,,,,,,,,,,,,,,,
Ar Condicionado,7898303863070,COND GREE GLINEA K7 1 VIA 22K 220V F INV R32,7898303863070,,,,,,2025-10-25T22:42:45.000-03:00,2025-10-25T22:42:46.000-03:00,,,,0,0,7898303863070,Unidade,1,,,COSMOS,https://cosmos.bluesoft.com.br/products/barcode/8DFC8BD9ECCA60AFC1900BD720A8E5DB.png,,,,,,,,,,,,,,,,,,,,,,,,,
Ar Condicionado,7898303863339,COND GREE G CLIMA HW 18K 220V F INV R32,7898303863339,,,,,,2026-01-08T21:42:26.000-03:00,2026-01-08T21:42:27.000-03:00,,,,0,0,7898303863339,Unidade,1,,,COSMOS,https://cosmos.bluesoft.com.br/products/barcode/8DFC8BD9ECCA60AF8542CD04F7C490D8.png,,,,,,,,,,,,,,,,,,,,,,,,,
Ar Condicionado,7898303863599,,,,,,,,,,,,,,,,,,,,,,Não encontrado,,,,,,,,,,,,,,,,,,,,,,,,
Ar Condicionado,7898303863629,,,,,,,,,,,,,,,,,,,,,,Não encontrado,,,,,,,,,,,,,,,,,,,,,,,,
Ar Condicionado,7898303863636,,,,,,,,,,,,,,,,,,,,,,Não encontrado,,,,,,,,,,,,,,,,,,,,,,,,
Ar Condicionado,7898303863650,,,,,,,,,,,,,,,,,,,,,,Não encontrado,,,,,,,,,,,,,,,,,,,,,,,,
Ar Condicionado,7898303864039,,,,,,,,,,,,,,,,,,,,,,Não encontrado,,,,,,,,,,,,,,,,,,,,,,,,
Ar Condicionado,7898303864107,,,,,,,,,,,,,,,,,,,,,,Não encontrado,,,,,,,,,,,,,,,,,,,,,,,,
Ar Condicionado,7898303864237,,,,,,,,,,,,,,,,,,,,,,Não encontrado,,,,,,,,,,,,,,,,,,,,,,,,
Ar Condicionado,7898303864671,,,,,,,,,,,,,,,,,,,,,,Não encontrado,,,,,,,,,,,,,,,,,,,,,,,,
Ar Condicionado,7898303869362,NULL,7898303869362,,,,,,2021-06-23T01:15:41.000-03:00,2024-02-28T13:32:56.000-03:00,,,,0,0,7898303869362,Unidade,1,,,COSMOS,https://cosmos.bluesoft.com.br/products/barcode/8DFC8BD9ECCA60AF0172EBC6911CDBAF.png,,,,,84151011,Do tipo split-system (sistema com elementos separados),"Reatores nucleares, caldeiras, máquinas, aparelhos e instrumentos mecânicos, e suas partes - Máquinas e aparelhos de arcondicionado contendo um ventilador motorizado e dispositivos próprios para modificar a temperatura e a umidade, incluídos as máquinas e aparelhos em que a umidade não seja regulável separadamente - Dos tipos utilizados em paredes ou janelas, formando um corpo único ou do tipo ""splitsystem"" (sistema com elementos separados) - Com capacidade inferior ou igual a 30.000 frigorias/hora - Do tipo split-system (sistema com elementos separados)",,,,,,,,,,,,,,,,,,
Ar Condicionado,7898461975172,AR COND AGRATTO LIV INV TOP 9000 QF BRANCO 220V,7898461975172,,,,,,2023-10-08T02:05:10.000-03:00,2025-07-15T02:23:40.000-03:00,,,,0,0,7898461975172,Unidade,1,,,COSMOS,https://cosmos.bluesoft.com.br/products/barcode/A4E22137D0BC449A923D9EB240499381.png,,,,,84151011,Do tipo split-system (sistema com elementos separados),"Reatores nucleares, caldeiras, máquinas, aparelhos e instrumentos mecânicos, e suas partes - Máquinas e aparelhos de arcondicionado contendo um ventilador motorizado e dispositivos próprios para modificar a temperatura e a umidade, incluídos as máquinas e aparelhos em que a umidade não seja regulável separadamente - Dos tipos utilizados em paredes ou janelas, formando um corpo único ou do tipo ""splitsystem"" (sistema com elementos separados) - Com capacidade inferior ou igual a 30.000 frigorias/hora - Do tipo split-system (sistema com elementos separados)",,,,,,,,,,,,,,,,,,
Ar Condicionado,7898461975189,AR COND AGRATTO LIV INV TOP 12000 FRIO BRANCO 220V,7898461975189,,,,,,2023-08-06T01:26:08.000-03:00,2026-01-10T20:03:38.000-03:00,,,,0,0,7898461975189,Unidade,1,,,COSMOS,https://cosmos.bluesoft.com.br/products/barcode/A4E22137D0BC449A040E00378D7AE0EF.png,,,,,84151011,Do tipo split-system (sistema com elementos separados),"Reatores nucleares, caldeiras, máquinas, aparelhos e instrumentos mecânicos, e suas partes - Máquinas e aparelhos de arcondicionado contendo um ventilador motorizado e dispositivos próprios para modificar a temperatura e a umidade, incluídos as máquinas e aparelhos em que a umidade não seja regulável separadamente - Dos tipos utilizados em paredes ou janelas, formando um corpo único ou do tipo ""splitsystem"" (sistema com elementos separados) - Com capacidade inferior ou igual a 30.000 frigorias/hora - Do tipo split-system (sistema com elementos separados)",,,,,,,,,,,,,,,,,,
Ar Condicionado,7898461975196,CONDICIONADOR DE AR SPLIT LIV INVERTER TOP LCST12QF-02I-12KBTU AGRATTO,7898461975196,,,,,,2024-08-20T12:43:58.000-03:00,2026-01-22T18:05:06.000-03:00,,,,0,0,7898461975196,Unidade,1,,,COSMOS,https://cosmos.bluesoft.com.br/products/barcode/A4E22137D0BC449AD2F27C276CBCCC45.png,,,,,84151011,Do tipo split-system (sistema com elementos separados),"Reatores nucleares, caldeiras, máquinas, aparelhos e instrumentos mecânicos, e suas partes - Máquinas e aparelhos de arcondicionado contendo um ventilador motorizado e dispositivos próprios para modificar a temperatura e a umidade, incluídos as máquinas e aparelhos em que a umidade não seja regulável separadamente - Dos tipos utilizados em paredes ou janelas, formando um corpo único ou do tipo ""splitsystem"" (sistema com elementos separados) - Com capacidade inferior ou igual a 30.000 frigorias/hora - Do tipo split-system (sistema com elementos separados)",,,,,,,,,,,,,,,,,,
Ar Condicionado,7898461976599,SPLIT AGRATTO PT 55K 220V F INV R32,7898461976599,0,1,1,,,2024-11-27T08:15:53.000-03:00,2025-03-18T21:07:20.000-03:00,,,,0,0,7898461976599,Unidade,1,,,COSMOS,https://cosmos.bluesoft.com.br/products/barcode/A4E22137D0BC449A9BD058042F09DA81.png,,https://cdn-cosmos.bluesoft.com.br/products/7898461976599,,,84151011,Do tipo split-system (sistema com elementos separados),"Reatores nucleares, caldeiras, máquinas, aparelhos e instrumentos mecânicos, e suas partes - Máquinas e aparelhos de arcondicionado contendo um ventilador motorizado e dispositivos próprios para modificar a temperatura e a umidade, incluídos as máquinas e aparelhos em que a umidade não seja regulável separadamente - Dos tipos utilizados em paredes ou janelas, formando um corpo único ou do tipo ""splitsystem"" (sistema com elementos separados) - Com capacidade inferior ou igual a 30.000 frigorias/hora - Do tipo split-system (sistema com elementos separados)",,,,,,,,,,,,,,,,,,
Ar Condicionado,7898461976735,CONDICIONADOR DE AR SPLIT LIV INVERTER TOP LCST24F-02I-24KBTU AGRATTO,7898461976735,,,,,,2024-03-28T08:32:13.000-03:00,2024-07-06T22:19:18.000-03:00,,,,0,0,7898461976735,Unidade,1,,,COSMOS,https://cosmos.bluesoft.com.br/products/barcode/A4E22137D0BC449AF353E23BF4B0B559.png,,,,,84151011,Do tipo split-system (sistema com elementos separados),"Reatores nucleares, caldeiras, máquinas, aparelhos e instrumentos mecânicos, e suas partes - Máquinas e aparelhos de arcondicionado contendo um ventilador motorizado e dispositivos próprios para modificar a temperatura e a umidade, incluídos as máquinas e aparelhos em que a umidade não seja regulável separadamente - Dos tipos utilizados em paredes ou janelas, formando um corpo único ou do tipo ""splitsystem"" (sistema com elementos separados) - Com capacidade inferior ou igual a 30.000 frigorias/hora - Do tipo split-system (sistema com elementos separados)",,,,,,,,,,,,,,,,,,
Ar Condicionado,7898461977800,CONDICIONADOR DE AR AGRATTO SPLIT 9 000 FICST9F 02I INVERT,7898461977800,,,,,,2025-09-04T06:00:13.000-03:00,2025-09-04T06:00:14.000-03:00,,,,0,0,7898461977800,Unidade,1,,,COSMOS,https://cosmos.bluesoft.com.br/products/barcode/A4E22137D0BC449AE40B617DF02BEABB.png,,,,,,,,,,,,,,,,,,,,,,,,,
Ar Condicionado,7898461977824,,,,,,,,,,,,,,,,,,,,,,Não encontrado,,,,,,,,,,,,,,,,,,,,,,,,
Ar Condicionado,7898461977879,SPLIT AGRATTO HW 12K 220 F NEO IN,7898461977879,,,,,,2025-09-04T06:41:47.000-03:00,2025-09-04T06:41:48.000-03:00,,,,0,0,7898461977879,Unidade,1,,,COSMOS,https://cosmos.bluesoft.com.br/products/barcode/A4E22137D0BC449A16727C8CF5A5BADB.png,,,,,,,,,,,,,,,,,,,,,,,,,
Ar Condicionado,7898461978739,,,,,,,,,,,,,,,,,,,,,,Não encontrado,,,,,,,,,,,,,,,,,,,,,,,,
Ar Condicionado,7898518189910,,,,,,,,,,,,,,,,,,,,,,Não encontrado,,,,,,,,,,,,,,,,,,,,,,,,
Ar Condicionado,7898518189934,,,,,,,,,,,,,,,,,,,,,,Não encontrado,,,,,,,,,,,,,,,,,,,,,,,,
Ar Condicionado,7898554878533,,,,,,,,,,,,,,,,,,,,,,Não encontrado,,,,,,,,,,,,,,,,,,,,,,,,
Ar Condicionado,7898554878816,,,,,,,,,,,,,,,,,,,,,,Não encontrado,,,,,,,,,,,,,,,,,,,,,,,,
Ar Condicionado,7898554878830,AR COND 7500 BTUS SPRINGER QCK075RB 220V,7898554878830,,,,,,2023-11-20T08:10:31.000-03:00,2026-02-01T00:57:38.000-03:00,,,,0,0,7898554878830,Unidade,1,,,COSMOS,https://cosmos.bluesoft.com.br/products/barcode/A8D4D6201B34DF5998CF36174DF2D231.png,,,,,,,,,,,,,,,,,,,,,,,,,
Ar Condicionado,7898554878878,AR CONDICIONADO SPRINGER 18000 ZCI185BB 220V,7898554878878,,,,,,2024-04-28T03:32:05.000-03:00,2025-09-24T10:10:55.000-03:00,,,,0,0,7898554878878,Unidade,1,,,COSMOS,https://cosmos.bluesoft.com.br/products/barcode/A8D4D6201B34DF599B420F3FB1190AD0.png,,,,,,,,,,,,,,,,,,,,,,,,,
Ar Condicionado,7898554878915,COND DE AR MEC 27.000 FRIO ZCK305BB SPRINGER 220V,7898554878915,,,,,,2024-01-07T03:57:00.000-03:00,2024-11-12T10:10:35.000-03:00,,,,0,0,7898554878915,Unidade,1,,,COSMOS,https://cosmos.bluesoft.com.br/products/barcode/A8D4D6201B34DF59D750B0EA3230C1BB.png,,,,,,,,,,,,,,,,,,,,,,,,,
Ar Condicionado,7898554879325,UNIDADE EXTERNA SPLIT HW 18KBTUS SO FRIO 220V INVERTER R32 SPRINGER MIDEA AIRVOL - 38TVCI18S5,7898554879325,,,,,,2023-12-31T04:25:33.000-03:00,2026-08-05T18:53:06.000-03:00,,,,0,0,7898554879325,Unidade,1,,,COSMOS,https://cosmos.bluesoft.com.br/products/barcode/A8D4D6201B34DF5984C4A50FF9696694.png,,,,,,,,,,,,,,,,,,,,,,,,,
Ar Condicionado,7898554879479,SPLIT 18.000 AIRVOLUTION 38TFCIS5 INTERNO 220V SPRINGER/MIDEA,7898554879479,,,,,,2023-11-26T03:48:07.000-03:00,2023-11-26T03:48:09.000-03:00,,,,0,0,7898554879479,Unidade,1,,,COSMOS,https://cosmos.bluesoft.com.br/products/barcode/A8D4D6201B34DF597643018F5E54A145.png,,,,,,,,,,,,,,,,,,,,,,,,,
Ar Condicionado,7898554879622,EVAP SPRINGER HW 24K SAVE CONECT BLACK 220V QF INV,7898554879622,,,,,,2025-09-04T07:58:36.000-03:00,2025-09-04T07:58:37.000-03:00,,,,0,0,7898554879622,Unidade,1,,,COSMOS,https://cosmos.bluesoft.com.br/products/barcode/A8D4D6201B34DF59959096BAD47B9C7E.png,,,,,,,,,,,,,,,,,,,,,,,,,
Ar Condicionado,7898554879653,EVAP CARRIER K7 4 VIAS 36K 220/1 F INV R32,7898554879653,,,,,,2025-04-08T13:43:56.000-03:00,2025-09-04T07:42:57.000-03:00,,,,0,0,7898554879653,Unidade,1,,,COSMOS,https://cosmos.bluesoft.com.br/products/barcode/A8D4D6201B34DF59FE764CAC6868EAD2.png,,,,,84151011,Do tipo split-system (sistema com elementos separados),"Reatores nucleares, caldeiras, máquinas, aparelhos e instrumentos mecânicos, e suas partes - Máquinas e aparelhos de arcondicionado contendo um ventilador motorizado e dispositivos próprios para modificar a temperatura e a umidade, incluídos as máquinas e aparelhos em que a umidade não seja regulável separadamente - Dos tipos utilizados em paredes ou janelas, formando um corpo único ou do tipo ""splitsystem"" (sistema com elementos separados) - Com capacidade inferior ou igual a 30.000 frigorias/hora - Do tipo split-system (sistema com elementos separados)",,,,,,,,,,,,,,,,,,
Ar Condicionado,7898626570402,,,,,,,,,,,,,,,,,,,,,,Não encontrado,,,,,,,,,,,,,,,,,,,,,,,,
Ar Condicionado,7898626574479,,,,,,,,,,,,,,,,,,,,,,Não encontrado,,,,,,,,,,,,,,,,,,,,,,,,
Ar Condicionado,7898703515050,,,,,,,,,,,,,,,,,,,,,,Não encontrado,,,,,,,,,,,,,,,,,,,,,,,,
Ar Condicionado,7898753560383,HISENSE CDA COND AR 9000 INT BRANCO 220V,7898753560383,,,,,,2025-11-26T23:08:28.000-03:00,2026-04-22T13:59:50.000-03:00,,,,0,0,7898753560383,Unidade,1,,,COSMOS,https://cosmos.bluesoft.com.br/products/barcode/D61998B55BA6BA78F6BD1F49953618AC.png,,,,,,,,,,,,,,,,,,,,,,,,,
Ar Condicionado,7898753560529,EVAP HISENSE WIFI HW 12K 220V QF INV R32,7898753560529,,,,,,2025-12-27T09:51:02.000-03:00,2026-04-19T09:35:23.000-03:00,,,,0,0,7898753560529,Unidade,1,,,COSMOS,https://cosmos.bluesoft.com.br/products/barcode/D61998B55BA6BA78E1287F63AD63E49A.png,,,,,,,,,,,,,,,,,,,,,,,,,
Ar Condicionado,7898753560536,COND HISENSE WIFI HW 12K 220V QF INV R32,7898753560536,,,,,,2025-12-23T10:32:22.000-03:00,2025-12-23T10:32:23.000-03:00,,,,0,0,7898753560536,Unidade,1,,,COSMOS,https://cosmos.bluesoft.com.br/products/barcode/D61998B55BA6BA7867D095F8F7E37633.png,,,,,,,,,,,,,,,,,,,,,,,,,
Ar Condicionado,7898753560680,,,,,,,,,,,,,,,,,,,,,,Não encontrado,,,,,,,,,,,,,,,,,,,,,,,,
Ar Condicionado,7898753561694,AR CONDICIONADO INVERTER VIX 12 000 Q F,7898753561694,,,,,,2026-01-01T00:19:58.000-03:00,2026-01-01T00:19:59.000-03:00,,,,0,0,7898753561694,Unidade,1,,,COSMOS,https://cosmos.bluesoft.com.br/products/barcode/D61998B55BA6BA78602E66606C8B0CBD.png,,,,,,,,,,,,,,,,,,,,,,,,,
Ar Condicionado,7898753561731,,,,,,,,,,,,,,,,,,,,,,Não encontrado,,,,,,,,,,,,,,,,,,,,,,,,
Ar Condicionado,7898753561755,,,,,,,,,,,,,,,,,,,,,,Não encontrado,,,,,,,,,,,,,,,,,,,,,,,,
Ar Condicionado,7898753561984,EVAPORADORA SPLIT HW INVERTER R 32 HISENSE 12000 BTUS FR 220V 1F AS 12TW2RLRCK00E 22042,7898753561984,,,,,,2026-01-09T01:23:05.000-03:00,2026-01-09T01:23:05.000-03:00,,,,0,0,7898753561984,Unidade,1,,,COSMOS,https://cosmos.bluesoft.com.br/products/barcode/D61998B55BA6BA78EACEBD85AB94BFE2.png,,,,,,,,,,,,,,,,,,,,,,,,,
Ar Condicionado,7898753562028,,,,,,,,,,,,,,,,,,,,,,Não encontrado,,,,,,,,,,,,,,,,,,,,,,,,
Ar Condicionado,7898753562141,,,,,,,,,,,,,,,,,,,,,,Não encontrado,,,,,,,,,,,,,,,,,,,,,,,,
Ar Condicionado,7898943241016,,,,,,,,,,,,,,,,,,,,,,Não encontrado,,,,,,,,,,,,,,,,,,,,,,,,
Ar Condicionado,7898943241160,,,,,,,,,,,,,,,,,,,,,,Não encontrado,,,,,,,,,,,,,,,,,,,,,,,,
Ar Condicionado,7898943241184,,,,,,,,,,,,,,,,,,,,,,Não encontrado,,,,,,,,,,,,,,,,,,,,,,,,
Ar Condicionado,7898943241207,,,,,,,,,,,,,,,,,,,,,,Não encontrado,,,,,,,,,,,,,,,,,,,,,,,,
Ar Condicionado,7898943241214,,,,,,,,,,,,,,,,,,,,,,Não encontrado,,,,,,,,,,,,,,,,,,,,,,,,
Ar Condicionado,7898943241238,,,,,,,,,,,,,,,,,,,,,,Não encontrado,,,,,,,,,,,,,,,,,,,,,,,,
Ar Condicionado,7898943241245,,,,,,,,,,,,,,,,,,,,,,Não encontrado,,,,,,,,,,,,,,,,,,,,,,,,
Ar Condicionado,7898943241313,,,,,,,,,,,,,,,,,,,,,,Não encontrado,,,,,,,,,,,,,,,,,,,,,,,,
Ar Condicionado,7898943241320,,,,,,,,,,,,,,,,,,,,,,Não encontrado,,,,,,,,,,,,,,,,,,,,,,,,
Ar Condicionado,7898943241337,,,,,,,,,,,,,,,,,,,,,,Não encontrado,,,,,,,,,,,,,,,,,,,,,,,,
Ar Condicionado,7898943241344,,,,,,,,,,,,,,,,,,,,,,Não encontrado,,,,,,,,,,,,,,,,,,,,,,,,
Ar Condicionado,7898943241351,40KVQOF12C5 - EVAPORADORA K7 1V INVERTER CARRIER 12000 QUENTE E FRIO 220V R-32,7898943241351,,,,,,2026-09-14T08:50:02.000-03:00,2026-09-14T08:50:02.000-03:00,,,,0,0,7898943241351,Unidade,1,,,COSMOS,https://cosmos.bluesoft.com.br/products/barcode/15B5A2F62190B9ED7D462646ED5559C2.png,,,,,84159010,"elementos separados), com capacidade inferior ou igual a 30.000 frigorias/hora","Reatores nucleares, caldeiras, máquinas, aparelhos e instrumentos mecânicos, e suas partes - Máquinas e aparelhos de arcondicionado contendo um ventilador motorizado e dispositivos próprios para modificar a temperatura e a umidade, incluídos as máquinas e aparelhos em que a umidade não seja regulável separadamente - Partes - elementos separados), com capacidade inferior ou igual a 30.000 frigorias/hora",,,,,,,,,,,,,,,,,,
Ar Condicionado,7898943241368,,,,,,,,,,,,,,,,,,,,,,Não encontrado,,,,,,,,,,,,,,,,,,,,,,,,
Ar Condicionado,7898943241382,,,,,,,,,,,,,,,,,,,,,,Não encontrado,,,,,,,,,,,,,,,,,,,,,,,,
Ar Condicionado,7898943241559,,,,,,,,,,,,,,,,,,,,,,Não encontrado,,,,,,,,,,,,,,,,,,,,,,,,
Ar Condicionado,7898943241726,,,,,,,,,,,,,,,,,,,,,,Não encontrado,,,,,,,,,,,,,,,,,,,,,,,,
Ar Condicionado,7898943241917,,,,,,,,,,,,,,,,,,,,,,Não encontrado,,,,,,,,,,,,,,,,,,,,,,,,
Ar Condicionado,7898945166270,,,,,,,,,,,,,,,,,,,,,,Não encontrado,,,,,,,,,,,,,,,,,,,,,,,,
Ar Condicionado,7898945166331,,,,,,,,,,,,,,,,,,,,,,Não encontrado,,,,,,,,,,,,,,,,,,,,,,,,
Ar Condicionado,7898945166355,,,,,,,,,,,,,,,,,,,,,,Não encontrado,,,,,,,,,,,,,,,,,,,,,,,,
Ar Condicionado,7898945166379,CONDICIONADOR AR JANELA 18K 220V FR FS,7898945166379,,,,,,2025-11-27T00:02:50.000-03:00,2025-11-27T00:02:51.000-03:00,,,,0,0,7898945166379,Unidade,1,,,COSMOS,https://cosmos.bluesoft.com.br/products/barcode/7AA824DAB2537C994C043271CF8E7490.png,,,,,,,,,,,,,,,,,,,,,,,,,
Ar Condicionado,7898945166485,,,,,,,,,,,,,,,,,,,,,,Não encontrado,,,,,,,,,,,,,,,,,,,,,,,,
Ar Condicionado,7898945166492,,,,,,,,,,,,,,,,,,,,,,Não encontrado,,,,,,,,,,,,,,,,,,,,,,,,
Ar Condicionado,7898945166546,,,,,,,,,,,,,,,,,,,,,,Não encontrado,,,,,,,,,,,,,,,,,,,,,,,,
Ar Condicionado,7898945166614,,,,,,,,,,,,,,,,,,,,,,Não encontrado,,,,,,,,,,,,,,,,,,,,,,,,
Ar Condicionado,7898945166638,,,,,,,,,,,,,,,,,,,,,,Não encontrado,,,,,,,,,,,,,,,,,,,,,,,,
Ar Condicionado,7898945166683,,,,,,,,,,,,,,,,,,,,,,Não encontrado,,,,,,,,,,,,,,,,,,,,,,,,
Ar Condicionado,7898945166874,,,,,,,,,,,,,,,,,,,,,,Não encontrado,,,,,,,,,,,,,,,,,,,,,,,,
Ar Condicionado,7898945166904,,,,,,,,,,,,,,,,,,,,,,Não encontrado,,,,,,,,,,,,,,,,,,,,,,,,
Ar Condicionado,7898945167031,,,,,,,,,,,,,,,,,,,,,,Não encontrado,,,,,,,,,,,,,,,,,,,,,,,,
Ar Condicionado,7898945167079,,,,,,,,,,,,,,,,,,,,,,Não encontrado,,,,,,,,,,,,,,,,,,,,,,,,
Ar Condicionado,7898945167123,,,,,,,,,,,,,,,,,,,,,,Não encontrado,,,,,,,,,,,,,,,,,,,,,,,,
Ar Condicionado,7898945167154,CONDENSADORA ON OFF CARRIER 57000 BTUS FR 380V TRIFASICO 38CCW060235MC 20411,7898945167154,,,,,,2026-01-09T02:45:59.000-03:00,2026-01-09T02:46:00.000-03:00,,,,0,0,7898945167154,Unidade,1,,,COSMOS,https://cosmos.bluesoft.com.br/products/barcode/7AA824DAB2537C9984C78073BBBEDC01.png,,,,,,,,,,,,,,,,,,,,,,,,,
Ar Condicionado,7898945167185,,,,,,,,,,,,,,,,,,,,,,Não encontrado,,,,,,,,,,,,,,,,,,,,,,,,
Ar Condicionado,7898945167338,,,,,,,,,,,,,,,,,,,,,,Não encontrado,,,,,,,,,,,,,,,,,,,,,,,,
Ar Condicionado,7898945167352,,,,,,,,,,,,,,,,,,,,,,Não encontrado,,,,,,,,,,,,,,,,,,,,,,,,
Ar Condicionado,7898945167444,,,,,,,,,,,,,,,,,,,,,,Não encontrado,,,,,,,,,,,,,,,,,,,,,,,,
Ar Condicionado,7898945167536,UNIDADE INTERNA SPLIT HW 9 KBTUS SO FRIO 220V INVERTER R32 MIDEA AI ECOMASTER 42EZVCA09M5,7898945167536,,,,,,2025-09-07T02:04:39.000-03:00,2026-02-03T10:11:15.000-03:00,,,,0,0,7898945167536,Unidade,1,,,COSMOS,https://cosmos.bluesoft.com.br/products/barcode/7AA824DAB2537C99B80ACC9ACED8B986.png,,,,,,,,,,,,,,,,,,,,,,,,,
Ar Condicionado,7898945167550,SPLIT 18000 MIDEA IA INV 42EZVCA1 38EZV,7898945167550,,,,,,2025-10-26T05:29:10.000-03:00,2025-10-26T05:29:11.000-03:00,,,,0,0,7898945167550,Unidade,1,,,COSMOS,https://cosmos.bluesoft.com.br/products/barcode/7AA824DAB2537C99E50EE60BFF27EEA5.png,,,,,,,,,,,,,,,,,,,,,,,,,
Ar Condicionado,7898945167642,42EZV COND AR SPLIT 24000BTU INVERTER AI ECOMASTER QFMIDEA,7898945167642,,,,,,2025-11-07T09:18:07.000-03:00,2025-11-07T09:18:08.000-03:00,,,,0,0,7898945167642,Unidade,1,,,COSMOS,https://cosmos.bluesoft.com.br/products/barcode/7AA824DAB2537C99B6C4C835E6247D0D.png,,,,,,,,,,,,,,,,,,,,,,,,,
Ar Condicionado,7898945167680,38EZV COND AR SPLIT 24000BTU INVERTER AI ECOMASTER QFMIDEA,7898945167680,,,,,,2025-11-07T09:09:13.000-03:00,2025-11-07T09:09:14.000-03:00,,,,0,0,7898945167680,Unidade,1,,,COSMOS,https://cosmos.bluesoft.com.br/products/barcode/7AA824DAB2537C994FE1823B68720215.png,,,,,,,,,,,,,,,,,,,,,,,,,
Ar Condicionado,7898945167963,,,,,,,,,,,,,,,,,,,,,,Não encontrado,,,,,,,,,,,,,,,,,,,,,,,,
Ar Condicionado,7898957911660,,,,,,,,,,,,,,,,,,,,,,Não encontrado,,,,,,,,,,,,,,,,,,,,,,,,
Ar Condicionado,7898966337659,UNIDADE EXTERNA SPLIT HW 12 KBTUS Q/F 220V DAIKIN FULL INVERTER R32 RHC12T5VL,7898966337659,,,,,,2026-06-22T04:42:36.000-03:00,2026-06-22T04:42:36.000-03:00,,,,0,0,7898966337659,Pacote,1,,,COSMOS,https://cosmos.bluesoft.com.br/products/barcode/FCB763EDDF15D15638BC867C4A9BA46A.png,,,,,84159020,"Unidades condensadoras (externas) de aparelho de ar-condicionado do tipo split- system (sistema com elementos separados), com capacidade inferior ou igual a 30.000 frigorias/hora","Reatores nucleares, caldeiras, máquinas, aparelhos e instrumentos mecânicos, e suas partes - Máquinas e aparelhos de arcondicionado contendo um ventilador motorizado e dispositivos próprios para modificar a temperatura e a umidade, incluídos as máquinas e aparelhos em que a umidade não seja regulável separadamente - Partes - Unidades condensadoras (externas) de aparelho de ar-condicionado do tipo split- system (sistema com elementos separados), com capacidade inferior ou igual a 30.000 frigorias/hora",,,,,,,,,,,,,,,,,,
Ar Condicionado,7898966337697,,,,,,,,,,,,,,,,,,,,,,Não encontrado,,,,,,,,,,,,,,,,,,,,,,,,
Ar Condicionado,7898966337789,,,,,,,,,,,,,,,,,,,,,,Não encontrado,,,,,,,,,,,,,,,,,,,,,,,,
Ar Condicionado,7898972610012,,,,,,,,,,,,,,,,,,,,,,Não encontrado,,,,,,,,,,,,,,,,,,,,,,,,
Ar Condicionado,7898972610036,,,,,,,,,,,,,,,,,,,,,,Não encontrado,,,,,,,,,,,,,,,,,,,,,,,,
Ar Condicionado,7898977579918,,,,,,,,,,,,,,,,,,,,,,Não encontrado,,,,,,,,,,,,,,,,,,,,,,,,
Ar Condicionado,7899929072358,,,,,,,,,,,,,,,,,,,,,,Não encontrado,,,,,,,,,,,,,,,,,,,,,,,,
Ar Condicionado,7899963911835,,,,,,,,,,,,,,,,,,,,,,Não encontrado,,,,,,,,,,,,,,,,,,,,,,,,
Ar Condicionado,7899963913495,SPLIT PHILCO E88 PAC,7899963913495,,,,,,2023-11-26T13:28:49.000-03:00,2024-08-30T07:04:21.000-03:00,,,,0,0,7899963913495,Unidade,1,,,COSMOS,https://cosmos.bluesoft.com.br/products/barcode/FA56506A6F29B985848611D727BBC10C.png,,,,,84151011,Do tipo split-system (sistema com elementos separados),"Reatores nucleares, caldeiras, máquinas, aparelhos e instrumentos mecânicos, e suas partes - Máquinas e aparelhos de arcondicionado contendo um ventilador motorizado e dispositivos próprios para modificar a temperatura e a umidade, incluídos as máquinas e aparelhos em que a umidade não seja regulável separadamente - Dos tipos utilizados em paredes ou janelas, formando um corpo único ou do tipo ""splitsystem"" (sistema com elementos separados) - Com capacidade inferior ou igual a 30.000 frigorias/hora - Do tipo split-system (sistema com elementos separados)",,,,,,,,,,,,,,,,,,
Ar Condicionado,7899963913594,P1800 COND AR SPLIT INVERT 18000BT C PHILCO TRIBUTOS APROXIMADOS FED R 211 82 9 25 EST R 0 00 0 MUN R 0 00 0,7899963913594,,,,,,2024-01-14T12:52:16.000-03:00,2024-01-14T12:52:18.000-03:00,,,,0,0,7899963913594,Unidade,1,,,COSMOS,https://cosmos.bluesoft.com.br/products/barcode/FA56506A6F29B985CF199FAE5FFF5152.png,,,,,,,,,,,,,,,,,,,,,,,,,
Ar Condicionado,7899963913655,PAC24 COND AR SPLIT INVERT 24000BT CPHILCO,7899963913655,,,,,,2025-10-26T10:13:38.000-03:00,2025-10-26T10:13:39.000-03:00,,,,0,0,7899963913655,Unidade,1,,,COSMOS,https://cosmos.bluesoft.com.br/products/barcode/FA56506A6F29B985F81DBD052178501C.png,,,,,,,,,,,,,,,,,,,,,,,,,
Ar Condicionado,7899963913679,EVAP INT 30000 PHILCO ECO INV 220 V,7899963913679,,,,,,2025-09-14T07:03:04.000-03:00,2025-09-14T07:03:06.000-03:00,,,,0,0,7899963913679,Unidade,1,,,COSMOS,https://cosmos.bluesoft.com.br/products/barcode/FA56506A6F29B98582F74CEF622C0465.png,,,,,,,,,,,,,,,,,,,,,,,,,
Ar Condicionado,7899963913686,COND EXT 30 000 PHILCO ECO INVERTER ******** 220 VOLTS,7899963913686,,,,,,2025-11-19T12:44:43.000-03:00,2025-11-19T12:44:44.000-03:00,,,,0,0,7899963913686,Unidade,1,,,COSMOS,https://cosmos.bluesoft.com.br/products/barcode/FA56506A6F29B98532AC0960B41A33F8.png,,,,,,,,,,,,,,,,,,,,,,,,,
Ar Condicionado,7899963915888,,,,,,,,,,,,,,,,,,,,,,Não encontrado,,,,,,,,,,,,,,,,,,,,,,,,
Ar Condicionado,7899963916939,COND PHILCO HW 12K 127V F INV R32 PAC12FD,7899963916939,,,,,,2025-09-16T20:00:48.000-03:00,2025-09-16T20:00:49.000-03:00,,,,0,0,7899963916939,Unidade,1,,,COSMOS,https://cosmos.bluesoft.com.br/products/barcode/FA56506A6F29B985C859FE33A162E4CF.png,,,,,,,,,,,,,,,,,,,,,,,,,
Ar Condicionado,7899963917561,,,,,,,,,,,,,,,,,,,,,,Não encontrado,,,,,,,,,,,,,,,,,,,,,,,,
Ar Condicionado,7899963917592,,,,,,,,,,,,,,,,,,,,,,Não encontrado,,,,,,,,,,,,,,,,,,,,,,,,
Ar Condicionado,7899963917653,,,,,,,,,,,,,,,,,,,,,,Não encontrado,,,,,,,,,,,,,,,,,,,,,,,,
Ar Condicionado,7899963919206,,,,,,,,,,,,,,,,,,,,,,Não encontrado,,,,,,,,,,,,,,,,,,,,,,,,
Ar Condicionado,7899963919510,,,,,,,,,,,,,,,,,,,,,,Não encontrado,,,,,,,,,,,,,,,,,,,,,,,,
Ar Condicionado,7899963919749,,,,,,,,,,,,,,,,,,,,,,Não encontrado,,,,,,,,,,,,,,,,,,,,,,,,
Ar Condicionado,7899963919756,,,,,,,,,,,,,,,,,,,,,,Não encontrado,,,,,,,,,,,,,,,,,,,,,,,,
Ar Condicionado,7899968302096,,,,,,,,,,,,,,,,,,,,,,Não encontrado,,,,,,,,,,,,,,,,,,,,,,,,
Ar Condicionado,7900163014667,SPLIT HQ HW 9K 220 1 F IN VIHT9KCO3S2S13,7900163014667,,,,,,2026-01-09T08:11:11.000-03:00,2026-01-09T08:11:11.000-03:00,,,,0,0,7900163014667,Unidade,1,,,COSMOS,https://cosmos.bluesoft.com.br/products/barcode/7BA31CA84B7D37203F7BEBDC8D576088.png,,,,,,,,,,,,,,,,,,,,,,,,,
Ar Condicionado,7900163014674,AR CONDICIONADO SPLIT HQ HI WALL INVERTER 12 000 BTU H FRIO MONOFASICO BRANCO VIHT12KCO3S2S13 220V,7900163014674,,,,,,2025-12-14T04:42:17.000-03:00,2025-12-14T04:42:17.000-03:00,,,,0,0,7900163014674,Unidade,1,,,COSMOS,https://cosmos.bluesoft.com.br/products/barcode/7BA31CA84B7D372024B18E7B4878BC42.png,,,,,,,,,,,,,,,,,,,,,,,,,
Ar Condicionado,7900163014711,,,,,,,,,,,,,,,,,,,,,,Não encontrado,,,,,,,,,,,,,,,,,,,,,,,,
Ar Condicionado,7900163022556,,,,,,,,,,,,,,,,,,,,,,Não encontrado,,,,,,,,,,,,,,,,,,,,,,,,
Ar Condicionado,7908198003663,,,,,,,,,,,,,,,,,,,,,,Não encontrado,,,,,,,,,,,,,,,,,,,,,,,,
Ar Condicionado,7908198004028,,,,,,,,,,,,,,,,,,,,,,Não encontrado,,,,,,,,,,,,,,,,,,,,,,,,
Ar Condicionado,7908247772892,SUTIA FASHION BASE FRANZIDO RENDA ELASTICA BLUSH M/42,7908247772892,,,,,,2023-09-27T11:20:53.000-03:00,2023-09-27T11:20:54.000-03:00,,,,0,0,7908247772892,Pacote,1,,,COSMOS,https://cosmos.bluesoft.com.br/products/barcode/221BAD4A04675EF39618878F168F6C16.png,,,,,62121000,Sutiãs e bustiês (sutiãs de cós alto*),"Vestuário e seus acessórios, exceto de malha - Sutiãs, cintas, espartilhos, suspensórios, ligas e artigos semelhantes, e suas partes, mesmo de malha. - Sutiãs e bustiês (sutiãs de cós alto*)",,,,,,,,,,,,,,,,,,
Ar Condicionado,7908247778467,,,,,,,,,,,,,,,,,,,,,,Não encontrado,,,,,,,,,,,,,,,,,,,,,,,,
Ar Condicionado,7908247778481,SUTIA PUSH UP BOJO LUA FECHO FRENTE LISO CRISTAL P/40,7908247778481,,,,,,2023-08-06T01:47:34.000-03:00,2023-08-06T01:47:35.000-03:00,,,,0,0,7908247778481,Pacote,1,,,COSMOS,https://cosmos.bluesoft.com.br/products/barcode/221BAD4A04675EF3EA2EE02412B9C5A0.png,,,,,62121000,Sutiãs e bustiês (sutiãs de cós alto*),"Vestuário e seus acessórios, exceto de malha - Sutiãs, cintas, espartilhos, suspensórios, ligas e artigos semelhantes, e suas partes, mesmo de malha. - Sutiãs e bustiês (sutiãs de cós alto*)",,,,,,,,,,,,,,,,,,
Ar Condicionado,7908247778498,SUTIA PUSH UP BOJO LUA FECHO FRENTE LISO CRISTAL M/42,7908247778498,,,,,,2023-07-26T19:08:08.000-03:00,2023-07-26T19:08:09.000-03:00,,,,0,0,7908247778498,Unidade,1,,,COSMOS,https://cosmos.bluesoft.com.br/products/barcode/221BAD4A04675EF3B51E37C6F50BE2F8.png,,,,,62121000,Sutiãs e bustiês (sutiãs de cós alto*),"Vestuário e seus acessórios, exceto de malha - Sutiãs, cintas, espartilhos, suspensórios, ligas e artigos semelhantes, e suas partes, mesmo de malha. - Sutiãs e bustiês (sutiãs de cós alto*)",,,,,,,,,,,,,,,,,,
Ar Condicionado,7908247778528,,,,,,,,,,,,,,,,,,,,,,Não encontrado,,,,,,,,,,,,,,,,,,,,,,,,
Ar Condicionado,7908247778535,,,,,,,,,,,,,,,,,,,,,,Não encontrado,,,,,,,,,,,,,,,,,,,,,,,,
Ar Condicionado,7908247778573,,,,,,,,,,,,,,,,,,,,,,Não encontrado,,,,,,,,,,,,,,,,,,,,,,,,
Ar Condicionado,7908293000673,SPLIT TCL TAC09CHSA1 9K Q F,7908293000673,,,,,,2023-09-24T12:29:01.000-03:00,2023-09-24T12:29:02.000-03:00,,,,0,0,7908293000673,Unidade,1,,,COSMOS,https://cosmos.bluesoft.com.br/products/barcode/1FABF9B1FCD9C74E05A572C495192917.png,,,,,,,,,,,,,,,,,,,,,,,,,
Ar Condicionado,7908293000697,AR CONDIC QUEN FRIO BRANCO 220V,7908293000697,,,,,,2023-05-07T10:14:37.000-03:00,2023-06-10T06:19:13.000-03:00,,,,0,0,7908293000697,Unidade,1,,,COSMOS,https://cosmos.bluesoft.com.br/products/barcode/1FABF9B1FCD9C74E31324B5F6B4F19D6.png,,,,,,,,,,,,,,,,,,,,,,,,,
Ar Condicionado,7908293001137,UNIDADE INTERNA SPLIT HW 18 KBTUS INVERTER SO FRIO 220V TCL T PRO 2 0 R32 TAC18CTG2INT,7908293001137,,,,,,2026-01-01T07:26:43.000-03:00,2026-01-01T07:26:44.000-03:00,,,,0,0,7908293001137,Unidade,1,,,COSMOS,https://cosmos.bluesoft.com.br/products/barcode/1FABF9B1FCD9C74E8CD59347F56EC65F.png,,,,,,,,,,,,,,,,,,,,,,,,,
Ar Condicionado,7908293001229,COND HW INV TPRO 2 FR 9K 220V - TCL - TAC-09CTG2-INV/O,7908293001229,,,,,,2025-06-09T19:01:49.000-03:00,2026-05-08T01:29:45.000-03:00,,,,0,0,7908293001229,Unidade,1,,,COSMOS,https://cosmos.bluesoft.com.br/products/barcode/1FABF9B1FCD9C74E3415FF7DC6D02C76.png,,,,,84151011,Do tipo split-system (sistema com elementos separados),"Reatores nucleares, caldeiras, máquinas, aparelhos e instrumentos mecânicos, e suas partes - Máquinas e aparelhos de arcondicionado contendo um ventilador motorizado e dispositivos próprios para modificar a temperatura e a umidade, incluídos as máquinas e aparelhos em que a umidade não seja regulável separadamente - Dos tipos utilizados em paredes ou janelas, formando um corpo único ou do tipo ""splitsystem"" (sistema com elementos separados) - Com capacidade inferior ou igual a 30.000 frigorias/hora - Do tipo split-system (sistema com elementos separados)",,,,,,,,,,,,,,,,,,
Ar Condicionado,7908293001441,SPLIT TCL INVERTER DE JANELA PAREDE SYSTEM 9000 BTU H 09KCO IN TAC 09CSGV 220V,7908293001441,,,,,,2025-09-07T12:01:55.000-03:00,2026-03-12T17:51:50.000-03:00,,,,0,0,7908293001441,Unidade,1,,,COSMOS,https://cosmos.bluesoft.com.br/products/barcode/1FABF9B1FCD9C74E9FF549706A2EF679.png,,,,,,,,,,,,,,,,,,,,,,,,,
Ar Condicionado,7908293001465,COND AR SPLIT TCL INVERTER 12000 BTU/H TAC-12CSGV-INV,7908293001465,,,,,,2025-03-18T21:15:10.000-03:00,2025-11-02T06:37:29.000-03:00,,,,0,0,7908293001465,Unidade,1,,,COSMOS,https://cosmos.bluesoft.com.br/products/barcode/1FABF9B1FCD9C74EDC17436AB8D80FAA.png,,https://cdn-cosmos.bluesoft.com.br/products/7908293001465,,,84151011,Do tipo split-system (sistema com elementos separados),"Reatores nucleares, caldeiras, máquinas, aparelhos e instrumentos mecânicos, e suas partes - Máquinas e aparelhos de arcondicionado contendo um ventilador motorizado e dispositivos próprios para modificar a temperatura e a umidade, incluídos as máquinas e aparelhos em que a umidade não seja regulável separadamente - Dos tipos utilizados em paredes ou janelas, formando um corpo único ou do tipo ""splitsystem"" (sistema com elementos separados) - Com capacidade inferior ou igual a 30.000 frigorias/hora - Do tipo split-system (sistema com elementos separados)",,,,,,,,,,,,,,,,,,
Ar Condicionado,7908293001502,,,,,,,,,,,,,,,,,,,,,,Não encontrado,,,,,,,,,,,,,,,,,,,,,,,,
Ar Condicionado,7908293001571,,,,,,,,,,,,,,,,,,,,,,Não encontrado,,,,,,,,,,,,,,,,,,,,,,,,
Ar Condicionado,7908293001618,,,,,,,,,,,,,,,,,,,,,,Não encontrado,,,,,,,,,,,,,,,,,,,,,,,,
Ar Condicionado,7908293001755,,,,,,,,,,,,,,,,,,,,,,Não encontrado,,,,,,,,,,,,,,,,,,,,,,,,
Ar Condicionado,7908293001854,,,,,,,,,,,,,,,,,,,,,,Não encontrado,,,,,,,,,,,,,,,,,,,,,,,,
Ar Condicionado,7908293001892,,,,,,,,,,,,,,,,,,,,,,Não encontrado,,,,,,,,,,,,,,,,,,,,,,,,
Ar Condicionado,7908412504372,,,,,,,,,,,,,,,,,,,,,,Não encontrado,,,,,,,,,,,,,,,,,,,,,,,,
Ar Condicionado,7908412505812,,,,,,,,,,,,,,,,,,,,,,Não encontrado,,,,,,,,,,,,,,,,,,,,,,,,
Ar Condicionado,7908412506864,EVAPORADORA MULTI SPLIT INVERTER ELGIN HW R 32 WIFI 9000 BTUS 45MTQI09C2WB 20458,7908412506864,,,,,,2026-01-14T10:14:37.000-03:00,2026-01-14T10:14:38.000-03:00,,,,0,0,7908412506864,Unidade,1,,,COSMOS,https://cosmos.bluesoft.com.br/products/barcode/C42806A47624B1FEDC906B79BB953AB5.png,,,,,,,,,,,,,,,,,,,,,,,,,
Ar Condicionado,7908412508004,AR COND ELGIN ECO INVERTER 24000 BTUS EXT,7908412508004,,,,,,2024-02-11T18:22:57.000-03:00,2024-02-11T18:22:58.000-03:00,,,,0,0,7908412508004,Unidade,1,,,COSMOS,https://cosmos.bluesoft.com.br/products/barcode/C42806A47624B1FE8AA8CF8414A73040.png,,,,,,,,,,,,,,,,,,,,,,,,,
Ar Condicionado,7908412508028,,,,,,,,,,,,,,,,,,,,,,Não encontrado,,,,,,,,,,,,,,,,,,,,,,,,
Ar Condicionado,7908412511714,,,,,,,,,,,,,,,,,,,,,,Não encontrado,,,,,,,,,,,,,,,,,,,,,,,,
Ar Condicionado,7908412512001,UNID COND ELGIN 45HIFE09 9000BTU INV,7908412512001,,,,,,2025-09-07T12:44:12.000-03:00,2026-01-04T13:27:06.000-03:00,,,,0,0,7908412512001,Unidade,1,,,COSMOS,https://cosmos.bluesoft.com.br/products/barcode/C42806A47624B1FE995AE7A7F49CBE9F.png,,,,,84151011,Do tipo split-system (sistema com elementos separados),"Reatores nucleares, caldeiras, máquinas, aparelhos e instrumentos mecânicos, e suas partes - Máquinas e aparelhos de arcondicionado contendo um ventilador motorizado e dispositivos próprios para modificar a temperatura e a umidade, incluídos as máquinas e aparelhos em que a umidade não seja regulável separadamente - Dos tipos utilizados em paredes ou janelas, formando um corpo único ou do tipo ""splitsystem"" (sistema com elementos separados) - Com capacidade inferior ou igual a 30.000 frigorias/hora - Do tipo split-system (sistema com elementos separados)",,,,,,,,,,,,,,,,,,
Ar Condicionado,7908412512278,UNID COND ELGIN 1800 INV 45HIFE18C2CA,7908412512278,,,,,,2025-09-07T13:11:05.000-03:00,2025-09-07T13:11:06.000-03:00,,,,0,0,7908412512278,Unidade,1,,,COSMOS,https://cosmos.bluesoft.com.br/products/barcode/C42806A47624B1FE89E29C646746931B.png,,,,,,,,,,,,,,,,,,,,,,,,,
Ar Condicionado,7908412512285,,,,,,,,,,,,,,,,,,,,,,Não encontrado,,,,,,,,,,,,,,,,,,,,,,,,
Ar Condicionado,7908412512339,,,,,,,,,,,,,,,,,,,,,,Não encontrado,,,,,,,,,,,,,,,,,,,,,,,,
Ar Condicionado,7908412512438,,,,,,,,,,,,,,,,,,,,,,Não encontrado,,,,,,,,,,,,,,,,,,,,,,,,
Ar Condicionado,7908412518706,,,,,,,,,,,,,,,,,,,,,,Não encontrado,,,,,,,,,,,,,,,,,,,,,,,,
Ar Condicionado,7908412520136,KOQI12C2WA - EVAPORADORA K7 1V INVERTER ELGIN 12000 QUENTE E FRIO 220V ONE AIR R32,7908412520136,,,,,,2026-09-14T08:50:02.000-03:00,2026-09-14T08:50:03.000-03:00,,,,0,0,7908412520136,Unidade,1,,,COSMOS,https://cosmos.bluesoft.com.br/products/barcode/C42806A47624B1FEE5CBE4F4EB40D4EE.png,,,,,84158290,Outros,"Reatores nucleares, caldeiras, máquinas, aparelhos e instrumentos mecânicos, e suas partes - Máquinas e aparelhos de ar-condicionado que contenham um ventilador motorizado e dispositivos próprios para modificar a temperatura e a umidade, incluindo as máquinas e aparelhos em que a umidade não seja regulável separadamente. - Outros: - Outros, com dispositivo de refrigeração - Outros",,,,,,,,,,,,,,,,,,
Ar Condicionado,7908412521553,AR COND 18000 ECO INV II QF EVAP 220V ELGIN,7908412521553,,,,,,2025-09-07T13:11:00.000-03:00,2025-09-07T13:11:01.000-03:00,,,,0,0,7908412521553,Unidade,1,,,COSMOS,https://cosmos.bluesoft.com.br/products/barcode/C42806A47624B1FE536406A23D935509.png,,,,,,,,,,,,,,,,,,,,,,,,,
Ar Condicionado,7908412534201,EVAPORADORA ELGIN INVERTER 9000 BTUS 220V WIFI,7908412534201,,,,,,2025-08-05T10:28:01.000-03:00,2026-02-24T20:04:40.000-03:00,,,,0,0,7908412534201,Unidade,1,,,COSMOS,https://cosmos.bluesoft.com.br/products/barcode/C42806A47624B1FEBB2675E29FEA4BBD.png,,https://cdn-cosmos.bluesoft.com.br/products/7908412534201,,,84151011,Do tipo split-system (sistema com elementos separados),"Reatores nucleares, caldeiras, máquinas, aparelhos e instrumentos mecânicos, e suas partes - Máquinas e aparelhos de arcondicionado contendo um ventilador motorizado e dispositivos próprios para modificar a temperatura e a umidade, incluídos as máquinas e aparelhos em que a umidade não seja regulável separadamente - Dos tipos utilizados em paredes ou janelas, formando um corpo único ou do tipo ""splitsystem"" (sistema com elementos separados) - Com capacidade inferior ou igual a 30.000 frigorias/hora - Do tipo split-system (sistema com elementos separados)",,,,,,,,,,,,,,,,,,
Ar Condicionado,7908412534232,EVAP SPLIT ECO INVERTER 9K QF 220V DE79681 POR74900,7908412534232,,,,,,2025-09-25T17:54:40.000-03:00,2025-09-25T17:54:41.000-03:00,,,,0,0,7908412534232,Unidade,1,,,COSMOS,https://cosmos.bluesoft.com.br/products/barcode/C42806A47624B1FE91EE12CB2552F291.png,,,,,,,,,,,,,,,,,,,,,,,,,
Ar Condicionado,7908412543562,,,,,,,,,,,,,,,,,,,,,,Não encontrado,,,,,,,,,,,,,,,,,,,,,,,,
Ar Condicionado,7908412547805,,,,,,,,,,,,,,,,,,,,,,Não encontrado,,,,,,,,,,,,,,,,,,,,,,,,
Ar Condicionado,7908412553936,,,,,,,,,,,,,,,,,,,,,,Não encontrado,,,,,,,,,,,,,,,,,,,,,,,,
Ar Condicionado,7908412558061,,,,,,,,,,,,,,,,,,,,,,Não encontrado,,,,,,,,,,,,,,,,,,,,,,,,
Ar Condicionado,7908786400140,UNIDADE INTERNA SPLIT HW ON OFF SO FRIO MASTER CONFORT R410 EOS EASM18000FI EASM18000FI,7908786400140,,,,,,2025-09-11T08:52:36.000-03:00,2025-09-11T08:52:37.000-03:00,,,,0,0,7908786400140,Unidade,1,,,COSMOS,https://cosmos.bluesoft.com.br/products/barcode/6E828E0F8E57B553AC5D13D6F9259BC0.png,,,,,,,,,,,,,,,,,,,,,,,,,
Ar Condicionado,7908786400157,UNIDADE INTERNA SPLIT HW ON OFF SO FRIO MASTER CONFORT R410 EOS EASM24000FI EASM24000FI,7908786400157,,,,,,2025-09-07T14:14:58.000-03:00,2025-09-07T14:14:59.000-03:00,,,,0,0,7908786400157,Unidade,1,,,COSMOS,https://cosmos.bluesoft.com.br/products/barcode/6E828E0F8E57B55322847E583BD633E7.png,,,,,,,,,,,,,,,,,,,,,,,,,
Ar Condicionado,7908786400195,UNIDADE INTERNA SPLIT HW INVERTER SO FRIO MASTER INVERTER R32 EOS EASM12001IFI EASM12001IFI,7908786400195,,,,,,2025-09-07T14:28:58.000-03:00,2025-11-22T08:58:23.000-03:00,,,,0,0,7908786400195,Unidade,1,,,COSMOS,https://cosmos.bluesoft.com.br/products/barcode/6E828E0F8E57B553D8106B9BBA1F72E6.png,,,,,84151011,Do tipo split-system (sistema com elementos separados),"Reatores nucleares, caldeiras, máquinas, aparelhos e instrumentos mecânicos, e suas partes - Máquinas e aparelhos de arcondicionado contendo um ventilador motorizado e dispositivos próprios para modificar a temperatura e a umidade, incluídos as máquinas e aparelhos em que a umidade não seja regulável separadamente - Dos tipos utilizados em paredes ou janelas, formando um corpo único ou do tipo ""splitsystem"" (sistema com elementos separados) - Com capacidade inferior ou igual a 30.000 frigorias/hora - Do tipo split-system (sistema com elementos separados)",,,,,,,,,,,,,,,,,,
Ar Condicionado,7908786400201,,,,,,,,,,,,,,,,,,,,,,Não encontrado,,,,,,,,,,,,,,,,,,,,,,,,
Ar Condicionado,7908786400263,,,,,,,,,,,,,,,,,,,,,,Não encontrado,,,,,,,,,,,,,,,,,,,,,,,,
Ar Condicionado,7908786405282,,,,,,,,,,,,,,,,,,,,,,Não encontrado,,,,,,,,,,,,,,,,,,,,,,,,
Ar Condicionado,7908786406234,,,,,,,,,,,,,,,,,,,,,,Não encontrado,,,,,,,,,,,,,,,,,,,,,,,,
Ar Condicionado,7909569411773,SPLIT 12000 ELECTROLUX UI12F/UE12F,7909569411773,,,,,,2023-12-17T17:02:15.000-03:00,2026-04-24T00:00:28.000-03:00,,,,0,0,7909569411773,Unidade,1,,,COSMOS,https://cosmos.bluesoft.com.br/products/barcode/9323792639B62A8AB175D6FB0F875DF7.png,,,,,,,,,,,,,,,,,,,,,,,,,
Ar Condicionado,7909569411988,COND ELECTROLUX COLOR HW 24K 220V F R32,7909569411988,,,,,,2025-09-16T23:05:01.000-03:00,2025-09-16T23:05:02.000-03:00,,,,0,0,7909569411988,Unidade,1,,,COSMOS,https://cosmos.bluesoft.com.br/products/barcode/9323792639B62A8A84ADEC14ADBE8806.png,,,,,,,,,,,,,,,,,,,,,,,,,
Ar Condicionado,7909569412084,CONDENSADORA ELECTROLUX ADAPT 9000BTU 220V,7909569412084,,,,,,2024-11-03T21:32:48.000-03:00,2026-07-16T21:44:41.000-03:00,,,,0,0,7909569412084,Unidade,1,,,COSMOS,https://cosmos.bluesoft.com.br/products/barcode/9323792639B62A8AE988E20F5FB1743B.png,,,,,84151011,Do tipo split-system (sistema com elementos separados),"Reatores nucleares, caldeiras, máquinas, aparelhos e instrumentos mecânicos, e suas partes - Máquinas e aparelhos de arcondicionado contendo um ventilador motorizado e dispositivos próprios para modificar a temperatura e a umidade, incluídos as máquinas e aparelhos em que a umidade não seja regulável separadamente - Dos tipos utilizados em paredes ou janelas, formando um corpo único ou do tipo ""splitsystem"" (sistema com elementos separados) - Com capacidade inferior ou igual a 30.000 frigorias/hora - Do tipo split-system (sistema com elementos separados)",,,,,,,,,,,,,,,,,,
Ar Condicionado,7909569412114,COND ELECTROLUX COLOR HW 12K WIFI 220V QF INV R32,7909569412114,,,,,,2025-09-07T15:55:25.000-03:00,2025-09-07T15:55:26.000-03:00,,,,0,0,7909569412114,Unidade,1,,,COSMOS,https://cosmos.bluesoft.com.br/products/barcode/9323792639B62A8A80BEDDA8E6FFC4C8.png,,,,,,,,,,,,,,,,,,,,,,,,,
Ar Condicionado,7909569412268,EVAP SPLIT INV NEW 9K FR 220V,7909569412268,,,,,,2023-12-31T16:49:26.000-03:00,2026-06-30T23:59:50.000-03:00,,,,0,0,7909569412268,Unidade,1,,,COSMOS,https://cosmos.bluesoft.com.br/products/barcode/9323792639B62A8AC8916539B6484095.png,,,,,,,,,,,,,,,,,,,,,,,,,
Ar Condicionado,7909569412275,COND SPLIT INV NEW 9K FR 220V,7909569412275,,,,,,2023-12-31T16:49:49.000-03:00,2026-06-30T23:59:50.000-03:00,,,,0,0,7909569412275,Unidade,1,,,COSMOS,https://cosmos.bluesoft.com.br/products/barcode/9323792639B62A8A08657A7AA427970F.png,,,,,,,,,,,,,,,,,,,,,,,,,
Ar Condicionado,7909569412282,COND AR SPLIT INVER 9000BT EV JI09R COLOR ADAPT ELECTROLUX BRANCO 220V,7909569412282,,,,,,2023-12-25T19:47:36.000-03:00,2023-12-25T19:47:38.000-03:00,,,,0,0,7909569412282,Unidade,1,,,COSMOS,https://cosmos.bluesoft.com.br/products/barcode/9323792639B62A8AF0A46542D5C46414.png,,,,,,,,,,,,,,,,,,,,,,,,,
Ar Condicionado,7909569412343,UNID EVAP 18000BTUS ELECTROLUX JI18F INVERTER BR 220V,7909569412343,,,,,,2025-12-01T05:54:58.000-03:00,2025-12-01T05:54:59.000-03:00,,,,0,0,7909569412343,Unidade,1,,,COSMOS,https://cosmos.bluesoft.com.br/products/barcode/9323792639B62A8ACF986616AB83FCA9.png,,,,,,,,,,,,,,,,,,,,,,,,,
Ar Condicionado,7909569412381,SPLIT 24000 ELECTROLUX INV JI24F/JE24F,7909569412381,,,,,,2024-02-11T19:21:04.000-03:00,2024-02-11T19:21:06.000-03:00,,,,0,0,7909569412381,Unidade,1,,,COSMOS,https://cosmos.bluesoft.com.br/products/barcode/9323792639B62A8AD6C83E43708D2BCE.png,,,,,,,,,,,,,,,,,,,,,,,,,
Ar Condicionado,7909569490082,,,,,,,,,,,,,,,,,,,,,,Não encontrado,,,,,,,,,,,,,,,,,,,,,,,,
Ar Condicionado,7909569490099,,,,,,,,,,,,,,,,,,,,,,Não encontrado,,,,,,,,,,,,,,,,,,,,,,,,
Ar Condicionado,8801643090616,,,,,,,,,,,,,,,,,,,,,,Não encontrado,,,,,,,,,,,,,,,,,,,,,,,,
Ar Condicionado,8806091778802,,,,,,,,,,,,,,,,,,,,,,Não encontrado,,,,,,,,,,,,,,,,,,,,,,,,
Ar Condicionado,8806096135914,,,,,,,,,,,,,,,,,,,,,,Não encontrado,,,,,,,,,,,,,,,,,,,,,,,,
Ar Condicionado,8806096554265,,,,,,,,,,,,,,,,,,,,,,Não encontrado,,,,,,,,,,,,,,,,,,,,,,,,
Ar Condicionado,8806096711736,,,,,,,,,,,,,,,,,,,,,,Não encontrado,,,,,,,,,,,,,,,,,,,,,,,,
Ar Condicionado,8806096711774,,,,,,,,,,,,,,,,,,,,,,Não encontrado,,,,,,,,,,,,,,,,,,,,,,,,
Ar Condicionado,8806096711804,,,,,,,,,,,,,,,,,,,,,,Não encontrado,,,,,,,,,,,,,,,,,,,,,,,,
Ar Condicionado,8806096755839,,,,,,,,,,,,,,,,,,,,,,Não encontrado,,,,,,,,,,,,,,,,,,,,,,,,
Ar Condicionado,8806096755877,,,,,,,,,,,,,,,,,,,,,,Não encontrado,,,,,,,,,,,,,,,,,,,,,,,,
Ar Condicionado,9000000194199,,,,,,,,,,,,,,,,,,,,,,Não encontrado,,,,,,,,,,,,,,,,,,,,,,,,
Ar Condicionado,9999900217834,,,,,,,,,,,,,,,,,,,,,,Não encontrado,,,,,,,,,,,,,,,,,,,,,,,,
Armário,0779280131543,,,,,,,,,,,,,,,,,,,,,,Não encontrado,,,,,,,,,,,,,,,,,,,,,,,,
Armário,6015226285210,,,,,,,,,,,,,,,,,,,,,,Não encontrado,,,,,,,,,,,,,,,,,,,,,,,,
Armário,7791415146805,,,,,,,,,,,,,,,,,,,,,,Não encontrado,,,,,,,,,,,,,,,,,,,,,,,,
Armário,7791918949255,,,,,,,,,,,,,,,,,,,,,,Não encontrado,,,,,,,,,,,,,,,,,,,,,,,,
Armário,7793324953222,,,,,,,,,,,,,,,,,,,,,,Não encontrado,,,,,,,,,,,,,,,,,,,,,,,,
Armário,7793617653105,,,,,,,,,,,,,,,,,,,,,,Não encontrado,,,,,,,,,,,,,,,,,,,,,,,,
Armário,7793798111180,,,,,,,,,,,,,,,,,,,,,,Não encontrado,,,,,,,,,,,,,,,,,,,,,,,,
Armário,7794097627358,,,,,,,,,,,,,,,,,,,,,,Não encontrado,,,,,,,,,,,,,,,,,,,,,,,,
Armário,7794930375781,,,,,,,,,,,,,,,,,,,,,,Não encontrado,,,,,,,,,,,,,,,,,,,,,,,,
Armário,7794930435799,,,,,,,,,,,,,,,,,,,,,,Não encontrado,,,,,,,,,,,,,,,,,,,,,,,,
Armário,7796081542517,,,,,,,,,,,,,,,,,,,,,,Não encontrado,,,,,,,,,,,,,,,,,,,,,,,,
Armário,7796082021905,,,,,,,,,,,,,,,,,,,,,,Não encontrado,,,,,,,,,,,,,,,,,,,,,,,,
Armário,7796434829319,,,,,,,,,,,,,,,,,,,,,,Não encontrado,,,,,,,,,,,,,,,,,,,,,,,,
Armário,7796435580486,,,,,,,,,,,,,,,,,,,,,,Não encontrado,,,,,,,,,,,,,,,,,,,,,,,,
Armário,7796749224359,,,,,,,,,,,,,,,,,,,,,,Não encontrado,,,,,,,,,,,,,,,,,,,,,,,,
Armário,7796749264874,,,,,,,,,,,,,,,,,,,,,,Não encontrado,,,,,,,,,,,,,,,,,,,,,,,,
Armário,7798055680645,,,,,,,,,,,,,,,,,,,,,,Não encontrado,,,,,,,,,,,,,,,,,,,,,,,,
Armário,7798055740349,,,,,,,,,,,,,,,,,,,,,,Não encontrado,,,,,,,,,,,,,,,,,,,,,,,,
Armário,7798055740516,,,,,,,,,,,,,,,,,,,,,,Não encontrado,,,,,,,,,,,,,,,,,,,,,,,,
Armário,7798055860306,,,,,,,,,,,,,,,,,,,,,,Não encontrado,,,,,,,,,,,,,,,,,,,,,,,,
Armário,7798056181035,,,,,,,,,,,,,,,,,,,,,,Não encontrado,,,,,,,,,,,,,,,,,,,,,,,,
Armário,7798056361314,,,,,,,,,,,,,,,,,,,,,,Não encontrado,,,,,,,,,,,,,,,,,,,,,,,,
Armário,7798056621319,,,,,,,,,,,,,,,,,,,,,,Não encontrado,,,,,,,,,,,,,,,,,,,,,,,,
Armário,7798056631219,,,,,,,,,,,,,,,,,,,,,,Não encontrado,,,,,,,,,,,,,,,,,,,,,,,,
Armário,7798056671635,,,,,,,,,,,,,,,,,,,,,,Não encontrado,,,,,,,,,,,,,,,,,,,,,,,,
Armário,7798056681467,,,,,,,,,,,,,,,,,,,,,,Não encontrado,,,,,,,,,,,,,,,,,,,,,,,,
Armário,7798056731650,,,,,,,,,,,,,,,,,,,,,,Não encontrado,,,,,,,,,,,,,,,,,,,,,,,,
Armário,7798583027455,,,,,,,,,,,,,,,,,,,,,,Não encontrado,,,,,,,,,,,,,,,,,,,,,,,,
Armário,7803380406263,,,,,,,,,,,,,,,,,,,,,,Não encontrado,,,,,,,,,,,,,,,,,,,,,,,,
Armário,7808084240175,,,,,,,,,,,,,,,,,,,,,,Não encontrado,,,,,,,,,,,,,,,,,,,,,,,,
Armário,7808084309605,,,,,,,,,,,,,,,,,,,,,,Não encontrado,,,,,,,,,,,,,,,,,,,,,,,,
Armário,7808084319819,,,,,,,,,,,,,,,,,,,,,,Não encontrado,,,,,,,,,,,,,,,,,,,,,,,,
Armário,7808085140764,,,,,,,,,,,,,,,,,,,,,,Não encontrado,,,,,,,,,,,,,,,,,,,,,,,,
Armário,7808085180289,,,,,,,,,,,,,,,,,,,,,,Não encontrado,,,,,,,,,,,,,,,,,,,,,,,,
Armário,7890001596953,,,,,,,,,,,,,,,,,,,,,,Não encontrado,,,,,,,,,,,,,,,,,,,,,,,,
Armário,7890015606419,,,,,,,,,,,,,,,,,,,,,,Não encontrado,,,,,,,,,,,,,,,,,,,,,,,,
Armário,7890015606563,,,,,,,,,,,,,,,,,,,,,,Não encontrado,,,,,,,,,,,,,,,,,,,,,,,,
Armário,7890019718019,,,,,,,,,,,,,,,,,,,,,,Não encontrado,,,,,,,,,,,,,,,,,,,,,,,,
Armário,7890022168900,,,,,,,,,,,,,,,,,,,,,,Não encontrado,,,,,,,,,,,,,,,,,,,,,,,,
Armário,7890022168955,,,,,,,,,,,,,,,,,,,,,,Não encontrado,,,,,,,,,,,,,,,,,,,,,,,,
Armário,7890022290106,,,,,,,,,,,,,,,,,,,,,,Não encontrado,,,,,,,,,,,,,,,,,,,,,,,,
Armário,7890022966124,,,,,,,,,,,,,,,,,,,,,,Não encontrado,,,,,,,,,,,,,,,,,,,,,,,,
Armário,7890022977632,,,,,,,,,,,,,,,,,,,,,,Não encontrado,,,,,,,,,,,,,,,,,,,,,,,,
Armário,7890022983176,,,,,,,,,,,,,,,,,,,,,,Não encontrado,,,,,,,,,,,,,,,,,,,,,,,,
Armário,7890051026714,,,,,,,,,,,,,,,,,,,,,,Não encontrado,,,,,,,,,,,,,,,,,,,,,,,,
Armário,7890583975511,,,,,,,,,,,,,,,,,,,,,,Não encontrado,,,,,,,,,,,,,,,,,,,,,,,,
Armário,7890621062258,,,,,,,,,,,,,,,,,,,,,,Não encontrado,,,,,,,,,,,,,,,,,,,,,,,,
Armário,7890724053771,ARM AC TELASUL KITMIRAGE 6P 3G NEW PT,7890724053771,,,,,,2020-11-18T23:02:57.000-03:00,2021-06-13T05:50:52.000-03:00,,,,0,0,7890724053771,Unidade,1,,,COSMOS,https://cosmos.bluesoft.com.br/products/barcode/3A71F064A478A62876BF574FD16AEA5C.png,,,,,,,,,,,,,,,,,,,,,,,,,
Armário,7890724093203,ARMARIO SALVIA 800MM 2PT FREIJO/FREIJO,7890724093203,,,,,,2023-06-24T12:13:26.000-03:00,2023-06-24T12:13:27.000-03:00,,,,0,0,7890724093203,Unidade,1,,,COSMOS,https://cosmos.bluesoft.com.br/products/barcode/3A71F064A478A628FA9578E7C3449864.png,,,,,,,,,,,,,,,,,,,,,,,,,
Armário,7890986829176,ARMARIO PAREDE BERTOLINI 3/P TRIPLO BRANCO MEDIO,7890986829176,,,,,,2020-11-18T23:03:15.000-03:00,2022-12-21T16:39:57.000-03:00,,,,0,0,7890986829176,Unidade,1,,,COSMOS,https://cosmos.bluesoft.com.br/products/barcode/416BCBE856FBB3697264E2E19561738F.png,,,,,,,,,,,,,,,,,,,,,,,,,
Armário,7890986880252,,,,,,,,,,,,,,,,,,,,,,Não encontrado,,,,,,,,,,,,,,,,,,,,,,,,
Armário,7890986958296,,,,,,,,,,,,,,,,,,,,,,Não encontrado,,,,,,,,,,,,,,,,,,,,,,,,
Armário,7891196900921,,,,,,,,,,,,,,,,,,,,,,Não encontrado,,,,,,,,,,,,,,,,,,,,,,,,
Armário,7891298478458,,,,,,,,,,,,,,,,,,,,,,Não encontrado,,,,,,,,,,,,,,,,,,,,,,,,
Armário,7891403960885,,,,,,,,,,,,,,,,,,,,,,Não encontrado,,,,,,,,,,,,,,,,,,,,,,,,
Armário,7891439179565,,,,,,,,,,,,,,,,,,,,,,Não encontrado,,,,,,,,,,,,,,,,,,,,,,,,
Armário,7891760105943,,,,,,,,,,,,,,,,,,,,,,Não encontrado,,,,,,,,,,,,,,,,,,,,,,,,
Armário,7891760106001,,,,,,,,,,,,,,,,,,,,,,Não encontrado,,,,,,,,,,,,,,,,,,,,,,,,
Armário,7891760109132,,,,,,,,,,,,,,,,,,,,,,Não encontrado,,,,,,,,,,,,,,,,,,,,,,,,
Armário,7891760176479,,,,,,,,,,,,,,,,,,,,,,Não encontrado,,,,,,,,,,,,,,,,,,,,,,,,
Armário,7891760202994,,,,,,,,,,,,,,,,,,,,,,Não encontrado,,,,,,,,,,,,,,,,,,,,,,,,
Armário,7891760851093,,,,,,,,,,,,,,,,,,,,,,Não encontrado,,,,,,,,,,,,,,,,,,,,,,,,
Armário,7891760851116,,,,,,,,,,,,,,,,,,,,,,Não encontrado,,,,,,,,,,,,,,,,,,,,,,,,
Armário,7891760851178,,,,,,,,,,,,,,,,,,,,,,Não encontrado,,,,,,,,,,,,,,,,,,,,,,,,
Armário,7891760878342,,,,,,,,,,,,,,,,,,,,,,Não encontrado,,,,,,,,,,,,,,,,,,,,,,,,
Armário,7891760881168,,,,,,,,,,,,,,,,,,,,,,Não encontrado,,,,,,,,,,,,,,,,,,,,,,,,
Armário,7891760897473,,,,,,,,,,,,,,,,,,,,,,Não encontrado,,,,,,,,,,,,,,,,,,,,,,,,
Armário,7891760905291,,,,,,,,,,,,,,,,,,,,,,Não encontrado,,,,,,,,,,,,,,,,,,,,,,,,
Armário,7891760905857,,,,,,,,,,,,,,,,,,,,,,Não encontrado,,,,,,,,,,,,,,,,,,,,,,,,
Armário,7891760906106,,,,,,,,,,,,,,,,,,,,,,Não encontrado,,,,,,,,,,,,,,,,,,,,,,,,
Armário,7891760909305,,,,,,,,,,,,,,,,,,,,,,Não encontrado,,,,,,,,,,,,,,,,,,,,,,,,
Armário,7891760920362,,,,,,,,,,,,,,,,,,,,,,Não encontrado,,,,,,,,,,,,,,,,,,,,,,,,
Armário,7891760927125,,,,,,,,,,,,,,,,,,,,,,Não encontrado,,,,,,,,,,,,,,,,,,,,,,,,
Armário,7891760927224,,,,,,,,,,,,,,,,,,,,,,Não encontrado,,,,,,,,,,,,,,,,,,,,,,,,
Armário,7891760928382,,,,,,,,,,,,,,,,,,,,,,Não encontrado,,,,,,,,,,,,,,,,,,,,,,,,
Armário,7891760932525,,,,,,,,,,,,,,,,,,,,,,Não encontrado,,,,,,,,,,,,,,,,,,,,,,,,
Armário,7891760932600,,,,,,,,,,,,,,,,,,,,,,Não encontrado,,,,,,,,,,,,,,,,,,,,,,,,
Armário,7891760937612,,,,,,,,,,,,,,,,,,,,,,Não encontrado,,,,,,,,,,,,,,,,,,,,,,,,
Armário,7891760943040,,,,,,,,,,,,,,,,,,,,,,Não encontrado,,,,,,,,,,,,,,,,,,,,,,,,
Armário,7891760943316,,,,,,,,,,,,,,,,,,,,,,Não encontrado,,,,,,,,,,,,,,,,,,,,,,,,
Armário,7891760948489,,,,,,,,,,,,,,,,,,,,,,Não encontrado,,,,,,,,,,,,,,,,,,,,,,,,
Armário,7891760949288,,,,,,,,,,,,,,,,,,,,,,Não encontrado,,,,,,,,,,,,,,,,,,,,,,,,
Armário,7891760950765,ARMARIO DE COZINHA COMPLETA 180 CM RUSTIC AZUL VIK MADESA 05,7891760950765,,,,,,2026-01-08T12:02:04.000-03:00,2026-01-08T12:02:05.000-03:00,,,,0,0,7891760950765,Unidade,1,,,COSMOS,https://cosmos.bluesoft.com.br/products/barcode/C7B35E19A7D3FD1D75650A55319C5B78.png,,,,,,,,,,,,,,,,,,,,,,,,,
Armário,7891760951144,,,,,,,,,,,,,,,,,,,,,,Não encontrado,,,,,,,,,,,,,,,,,,,,,,,,
Armário,7891760952509,,,,,,,,,,,,,,,,,,,,,,Não encontrado,,,,,,,,,,,,,,,,,,,,,,,,
Armário,7891760953339,,,,,,,,,,,,,,,,,,,,,,Não encontrado,,,,,,,,,,,,,,,,,,,,,,,,
Armário,7891760960214,,,,,,,,,,,,,,,,,,,,,,Não encontrado,,,,,,,,,,,,,,,,,,,,,,,,
Armário,7891760963451,,,,,,,,,,,,,,,,,,,,,,Não encontrado,,,,,,,,,,,,,,,,,,,,,,,,
Armário,7891760969309,,,,,,,,,,,,,,,,,,,,,,Não encontrado,,,,,,,,,,,,,,,,,,,,,,,,
Armário,7891760970022,,,,,,,,,,,,,,,,,,,,,,Não encontrado,,,,,,,,,,,,,,,,,,,,,,,,
Armário,7891760974167,,,,,,,,,,,,,,,,,,,,,,Não encontrado,,,,,,,,,,,,,,,,,,,,,,,,
Armário,7891760975850,,,,,,,,,,,,,,,,,,,,,,Não encontrado,,,,,,,,,,,,,,,,,,,,,,,,
Armário,7891760976154,,,,,,,,,,,,,,,,,,,,,,Não encontrado,,,,,,,,,,,,,,,,,,,,,,,,
Armário,7891760980526,,,,,,,,,,,,,,,,,,,,,,Não encontrado,,,,,,,,,,,,,,,,,,,,,,,,
Armário,7891760981790,,,,,,,,,,,,,,,,,,,,,,Não encontrado,,,,,,,,,,,,,,,,,,,,,,,,
Armário,7891760984203,,,,,,,,,,,,,,,,,,,,,,Não encontrado,,,,,,,,,,,,,,,,,,,,,,,,
Armário,7891760987778,,,,,,,,,,,,,,,,,,,,,,Não encontrado,,,,,,,,,,,,,,,,,,,,,,,,
Armário,7892089241138,,,,,,,,,,,,,,,,,,,,,,Não encontrado,,,,,,,,,,,,,,,,,,,,,,,,
Armário,7892089244177,,,,,,,,,,,,,,,,,,,,,,Não encontrado,,,,,,,,,,,,,,,,,,,,,,,,
Armário,7893021846503,,,,,,,,,,,,,,,,,,,,,,Não encontrado,,,,,,,,,,,,,,,,,,,,,,,,
Armário,7893455096840,MULTIUSO 2P UTILE C/ ESPELHO FREIJO - CARRARO,7893455096840,,,,,,2025-01-09T22:44:46.000-03:00,2025-01-09T22:44:47.000-03:00,,,,0,0,7893455096840,Unidade,1,,,COSMOS,https://cosmos.bluesoft.com.br/products/barcode/1E614BA8073C6FC80ACC2C9B5A25F4B6.png,,,,,,,,,,,,,,,,,,,,,,,,,
Armário,7893455158432,,,,,,,,,,,,,,,,,,,,,,Não encontrado,,,,,,,,,,,,,,,,,,,,,,,,
Armário,7893455163474,,,,,,,,,,,,,,,,,,,,,,Não encontrado,,,,,,,,,,,,,,,,,,,,,,,,
Armário,7893455168318,,,,,,,,,,,,,,,,,,,,,,Não encontrado,,,,,,,,,,,,,,,,,,,,,,,,
Armário,7893455168813,,,,,,,,,,,,,,,,,,,,,,Não encontrado,,,,,,,,,,,,,,,,,,,,,,,,
Armário,7893455168851,,,,,,,,,,,,,,,,,,,,,,Não encontrado,,,,,,,,,,,,,,,,,,,,,,,,
Armário,7893455169636,,,,,,,,,,,,,,,,,,,,,,Não encontrado,,,,,,,,,,,,,,,,,,,,,,,,
Armário,7893455169865,,,,,,,,,,,,,,,,,,,,,,Não encontrado,,,,,,,,,,,,,,,,,,,,,,,,
Armário,7893455708163,,,,,,,,,,,,,,,,,,,,,,Não encontrado,,,,,,,,,,,,,,,,,,,,,,,,
Armário,7893455994030,,,,,,,,,,,,,,,,,,,,,,Não encontrado,,,,,,,,,,,,,,,,,,,,,,,,
Armário,7893640563287,,,,,,,,,,,,,,,,,,,,,,Não encontrado,,,,,,,,,,,,,,,,,,,,,,,,
Armário,7893640563300,,,,,,,,,,,,,,,,,,,,,,Não encontrado,,,,,,,,,,,,,,,,,,,,,,,,
Armário,7893726675200,ARMARIO KITS PARANA AMETISTA CANTO OBLIQUO 764 8977 FREIJO GRIS,7893726675200,,,,,,2025-01-21T22:16:47.000-03:00,2025-01-21T22:16:48.000-03:00,,,,0,0,7893726675200,Unidade,1,,,COSMOS,https://cosmos.bluesoft.com.br/products/barcode/2E668FE675D711B0E23E2DC2110F70CC.png,,,,,,,,,,,,,,,,,,,,,,,,,
Armário,7893726683762,,,,,,,,,,,,,,,,,,,,,,Não encontrado,,,,,,,,,,,,,,,,,,,,,,,,
Armário,7893762119751,,,,,,,,,,,,,,,,,,,,,,Não encontrado,,,,,,,,,,,,,,,,,,,,,,,,
Armário,7893926464758,,,,,,,,,,,,,,,,,,,,,,Não encontrado,,,,,,,,,,,,,,,,,,,,,,,,
Armário,7894214617245,COZINHA KIT CASSIA 6 PORTAS DAMASCO OFF WHITE POQUEMA,7894214617245,,,,,,2026-02-05T12:55:45.000-03:00,2026-02-05T12:55:46.000-03:00,,,,0,0,7894214617245,Unidade,1,,,COSMOS,https://cosmos.bluesoft.com.br/products/barcode/0A83E0400C2CC0AF37A8BCCA92723CAF.png,,,,,,,,,,,,,,,,,,,,,,,,,
Armário,7894262468288,,,,,,,,,,,,,,,,,,,,,,Não encontrado,,,,,,,,,,,,,,,,,,,,,,,,
Armário,7894262468585,,,,,,,,,,,,,,,,,,,,,,Não encontrado,,,,,,,,,,,,,,,,,,,,,,,,
Armário,7894782877607,,,,,,,,,,,,,,,,,,,,,,Não encontrado,,,,,,,,,,,,,,,,,,,,,,,,
Armário,7894867945337,ARMARIO 3PT POLIMAN UNNA BRANCO,7894867945337,,,,,,2024-10-12T22:07:43.000-03:00,2024-10-12T22:07:44.000-03:00,,,,0,0,7894867945337,Unidade,1,,,COSMOS,https://cosmos.bluesoft.com.br/products/barcode/DAAF899260F16E131F53F9A02554AF11.png,,,,,,,,,,,,,,,,,,,,,,,,,
Armário,7895147830954,,,,,,,,,,,,,,,,,,,,,,Não encontrado,,,,,,,,,,,,,,,,,,,,,,,,
Armário,7895147916160,,,,,,,,,,,,,,,,,,,,,,Não encontrado,,,,,,,,,,,,,,,,,,,,,,,,
Armário,7895155350574,,,,,,,,,,,,,,,,,,,,,,Não encontrado,,,,,,,,,,,,,,,,,,,,,,,,
Armário,7895155962609,,,,,,,,,,,,,,,,,,,,,,Não encontrado,,,,,,,,,,,,,,,,,,,,,,,,
Armário,7895183116432,,,,,,,,,,,,,,,,,,,,,,Não encontrado,,,,,,,,,,,,,,,,,,,,,,,,
Armário,7895183831984,,,,,,,,,,,,,,,,,,,,,,Não encontrado,,,,,,,,,,,,,,,,,,,,,,,,
Armário,7895200691133,,,,,,,,,,,,,,,,,,,,,,Não encontrado,,,,,,,,,,,,,,,,,,,,,,,,
Armário,7895204528121,,,,,,,,,,,,,,,,,,,,,,Não encontrado,,,,,,,,,,,,,,,,,,,,,,,,
Armário,7895508289827,,,,,,,,,,,,,,,,,,,,,,Não encontrado,,,,,,,,,,,,,,,,,,,,,,,,
Armário,7895625715346,,,,,,,,,,,,,,,,,,,,,,Não encontrado,,,,,,,,,,,,,,,,,,,,,,,,
Armário,7895787509067,,,,,,,,,,,,,,,,,,,,,,Não encontrado,,,,,,,,,,,,,,,,,,,,,,,,
Armário,7895788400530,,,,,,,,,,,,,,,,,,,,,,Não encontrado,,,,,,,,,,,,,,,,,,,,,,,,
Armário,7896385520478,,,,,,,,,,,,,,,,,,,,,,Não encontrado,,,,,,,,,,,,,,,,,,,,,,,,
Armário,7896496094974,,,,,,,,,,,,,,,,,,,,,,Não encontrado,,,,,,,,,,,,,,,,,,,,,,,,
Armário,7896521213929,,,,,,,,,,,,,,,,,,,,,,Não encontrado,,,,,,,,,,,,,,,,,,,,,,,,
Armário,7896521261739,,,,,,,,,,,,,,,,,,,,,,Não encontrado,,,,,,,,,,,,,,,,,,,,,,,,
Armário,7896532986522,,,,,,,,,,,,,,,,,,,,,,Não encontrado,,,,,,,,,,,,,,,,,,,,,,,,
Armário,7897247892412,,,,,,,,,,,,,,,,,,,,,,Não encontrado,,,,,,,,,,,,,,,,,,,,,,,,
Armário,7897432281007,,,,,,,,,,,,,,,,,,,,,,Não encontrado,,,,,,,,,,,,,,,,,,,,,,,,
Armário,7897456756680,,,,,,,,,,,,,,,,,,,,,,Não encontrado,,,,,,,,,,,,,,,,,,,,,,,,
Armário,7898188097065,ARMARIO BANHO METASUL UN,7898188097065,,,,,,2021-12-13T00:27:22.000-03:00,2021-12-13T00:27:22.000-03:00,,,,0,0,7898188097065,Unidade,1,,,COSMOS,https://cosmos.bluesoft.com.br/products/barcode/688CEDD50EFB547EBEBE945891AEFF0A.png,,,,,,,,,,,,,,,,,,,,,,,,,
Armário,7898212874013,,,,,,,,,,,,,,,,,,,,,,Não encontrado,,,,,,,,,,,,,,,,,,,,,,,,
Armário,7898440004817,ARMÁRIO PARA LAVANDERIA 2 PORTAS BRANCO - BRV,7898440004817,188.011,67.4878,36.8046,35702,35702,2015-07-28T17:35:35.000-03:00,2023-01-16T08:48:29.000-03:00,,,,0,0,7898440004817,Unidade,1,,,COSMOS,https://cosmos.bluesoft.com.br/products/barcode/0878E3625BDBE4C14CE31223462A3880.png,,https://cdn-cosmos.bluesoft.com.br/products/7898440004817,BRV MÓVEIS,/assets/brand-placeholder-7080174fbd24025783105a607811edad.png,,,,,,,,,,,,,,,,,,,,,
Armário,7898456947726,,,,,,,,,,,,,,,,,,,,,,Não encontrado,,,,,,,,,,,,,,,,,,,,,,,,
Armário,7898469863488,,,,,,,,,,,,,,,,,,,,,,Não encontrado,,,,,,,,,,,,,,,,,,,,,,,,
Armário,7898509667434,,,,,,,,,,,,,,,,,,,,,,Não encontrado,,,,,,,,,,,,,,,,,,,,,,,,
Armário,7898509669308,,,,,,,,,,,,,,,,,,,,,,Não encontrado,,,,,,,,,,,,,,,,,,,,,,,,
Armário,7898514903923,,,,,,,,,,,,,,,,,,,,,,Não encontrado,,,,,,,,,,,,,,,,,,,,,,,,
Armário,7898572997414,,,,,,,,,,,,,,,,,,,,,,Não encontrado,,,,,,,,,,,,,,,,,,,,,,,,
Armário,7898605271344,,,,,,,,,,,,,,,,,,,,,,Não encontrado,,,,,,,,,,,,,,,,,,,,,,,,
Armário,7898621255540,,,,,,,,,,,,,,,,,,,,,,Não encontrado,,,,,,,,,,,,,,,,,,,,,,,,
Armário,7898653344991,,,,,,,,,,,,,,,,,,,,,,Não encontrado,,,,,,,,,,,,,,,,,,,,,,,,
Armário,7898679799997,,,,,,,,,,,,,,,,,,,,,,Não encontrado,,,,,,,,,,,,,,,,,,,,,,,,
Armário,7898698243877,,,,,,,,,,,,,,,,,,,,,,Não encontrado,,,,,,,,,,,,,,,,,,,,,,,,
Armário,7898698248070,,,,,,,,,,,,,,,,,,,,,,Não encontrado,,,,,,,,,,,,,,,,,,,,,,,,
Armário,7898737571794,,,,,,,,,,,,,,,,,,,,,,Não encontrado,,,,,,,,,,,,,,,,,,,,,,,,
Armário,7898757622322,,,,,,,,,,,,,,,,,,,,,,Não encontrado,,,,,,,,,,,,,,,,,,,,,,,,
Armário,7898760250468,,,,,,,,,,,,,,,,,,,,,,Não encontrado,,,,,,,,,,,,,,,,,,,,,,,,
Armário,7898808174282,,,,,,,,,,,,,,,,,,,,,,Não encontrado,,,,,,,,,,,,,,,,,,,,,,,,
Armário,7898878164152,,,,,,,,,,,,,,,,,,,,,,Não encontrado,,,,,,,,,,,,,,,,,,,,,,,,
Armário,7898942629594,AEREO MGM ELOISE 120 2PT REFLECTA BASCUL FREIJO OFF WHIT,7898942629594,,,,,,2025-09-07T02:02:08.000-03:00,2025-09-07T02:02:08.000-03:00,,,,0,0,7898942629594,Unidade,1,,,COSMOS,https://cosmos.bluesoft.com.br/products/barcode/D853133CB9A78286C4EB915D6A68D560.png,,,,,,,,,,,,,,,,,,,,,,,,,
Armário,7898942632389,,,,,,,,,,,,,,,,,,,,,,Não encontrado,,,,,,,,,,,,,,,,,,,,,,,,
Armário,7898955717295,,,,,,,,,,,,,,,,,,,,,,Não encontrado,,,,,,,,,,,,,,,,,,,,,,,,
Armário,7898955717691,,,,,,,,,,,,,,,,,,,,,,Não encontrado,,,,,,,,,,,,,,,,,,,,,,,,
Armário,7898962378861,,,,,,,,,,,,,,,,,,,,,,Não encontrado,,,,,,,,,,,,,,,,,,,,,,,,
Armário,7899027047838,,,,,,,,,,,,,,,,,,,,,,Não encontrado,,,,,,,,,,,,,,,,,,,,,,,,
Armário,7899075427156,,,,,,,,,,,,,,,,,,,,,,Não encontrado,,,,,,,,,,,,,,,,,,,,,,,,
Armário,7899075427293,,,,,,,,,,,,,,,,,,,,,,Não encontrado,,,,,,,,,,,,,,,,,,,,,,,,
Armário,7899277802089,,,,,,,,,,,,,,,,,,,,,,Não encontrado,,,,,,,,,,,,,,,,,,,,,,,,
Armário,7899360491176,FRUTEIRA CECILIA-BRANCO/BRANC,7899360491176,,,,,,2024-01-14T10:22:43.000-03:00,2024-01-14T10:22:44.000-03:00,,,,0,0,7899360491176,Unidade,1,,,COSMOS,https://cosmos.bluesoft.com.br/products/barcode/7E3C53387090C6FA492AD3490F2237BE.png,,,,,,,,,,,,,,,,,,,,,,,,,
Armário,7899390821974,,,,,,,,,,,,,,,,,,,,,,Não encontrado,,,,,,,,,,,,,,,,,,,,,,,,
Armário,7899390822315,,,,,,,,,,,,,,,,,,,,,,Não encontrado,,,,,,,,,,,,,,,,,,,,,,,,
Armário,7899390823831,,,,,,,,,,,,,,,,,,,,,,Não encontrado,,,,,,,,,,,,,,,,,,,,,,,,
Armário,7899390861277,,,,,,,,,,,,,,,,,,,,,,Não encontrado,,,,,,,,,,,,,,,,,,,,,,,,
Armário,7899611249693,,,,,,,,,,,,,,,,,,,,,,Não encontrado,,,,,,,,,,,,,,,,,,,,,,,,
Armário,7899665062989,,,,,,,,,,,,,,,,,,,,,,Não encontrado,,,,,,,,,,,,,,,,,,,,,,,,
Armário,7899665063566,,,,,,,,,,,,,,,,,,,,,,Não encontrado,,,,,,,,,,,,,,,,,,,,,,,,
Armário,7899665081256,,,,,,,,,,,,,,,,,,,,,,Não encontrado,,,,,,,,,,,,,,,,,,,,,,,,
Armário,7899729737938,,,,,,,,,,,,,,,,,,,,,,Não encontrado,,,,,,,,,,,,,,,,,,,,,,,,
Armário,7899766210876,,,,,,,,,,,,,,,,,,,,,,Não encontrado,,,,,,,,,,,,,,,,,,,,,,,,
Armário,7899766214256,ARMARIO 2PT 80 RAINHA,7899766214256,,,,,,2023-07-30T08:44:02.000-03:00,2023-07-30T08:44:03.000-03:00,,,,0,0,7899766214256,Unidade,1,,,COSMOS,https://cosmos.bluesoft.com.br/products/barcode/B55DB7D644A67208278A953C2B6722C2.png,,,,,,,,,,,,,,,,,,,,,,,,,
Armário,7899766996039,,,,,,,,,,,,,,,,,,,,,,Não encontrado,,,,,,,,,,,,,,,,,,,,,,,,
Armário,7899766999245,,,,,,,,,,,,,,,,,,,,,,Não encontrado,,,,,,,,,,,,,,,,,,,,,,,,
Armário,7899822830925,,,,,,,,,,,,,,,,,,,,,,Não encontrado,,,,,,,,,,,,,,,,,,,,,,,,
Armário,7899828030299,,,,,,,,,,,,,,,,,,,,,,Não encontrado,,,,,,,,,,,,,,,,,,,,,,,,
Armário,7899863165277,,,,,,,,,,,,,,,,,,,,,,Não encontrado,,,,,,,,,,,,,,,,,,,,,,,,
Armário,7899885087168,,,,,,,,,,,,,,,,,,,,,,Não encontrado,,,,,,,,,,,,,,,,,,,,,,,,
Armário,7899885087366,,,,,,,,,,,,,,,,,,,,,,Não encontrado,,,,,,,,,,,,,,,,,,,,,,,,
Armário,7899894631833,,,,,,,,,,,,,,,,,,,,,,Não encontrado,,,,,,,,,,,,,,,,,,,,,,,,
Armário,7899911709798,,,,,,,,,,,,,,,,,,,,,,Não encontrado,,,,,,,,,,,,,,,,,,,,,,,,
Armário,7899911712453,,,,,,,,,,,,,,,,,,,,,,Não encontrado,,,,,,,,,,,,,,,,,,,,,,,,
Armário,7899983670361,,,,,,,,,,,,,,,,,,,,,,Não encontrado,,,,,,,,,,,,,,,,,,,,,,,,
Armário,7899999014630,,,,,,,,,,,,,,,,,,,,,,Não encontrado,,,,,,,,,,,,,,,,,,,,,,,,
Armário,7899999014654,,,,,,,,,,,,,,,,,,,,,,Não encontrado,,,,,,,,,,,,,,,,,,,,,,,,
Armário,7900288004369,,,,,,,,,,,,,,,,,,,,,,Não encontrado,,,,,,,,,,,,,,,,,,,,,,,,
Armário,7900288057853,,,,,,,,,,,,,,,,,,,,,,Não encontrado,,,,,,,,,,,,,,,,,,,,,,,,
Armário,7900288099587,,,,,,,,,,,,,,,,,,,,,,Não encontrado,,,,,,,,,,,,,,,,,,,,,,,,
Armário,7900288111609,,,,,,,,,,,,,,,,,,,,,,Não encontrado,,,,,,,,,,,,,,,,,,,,,,,,
Armário,7900288162632,,,,,,,,,,,,,,,,,,,,,,Não encontrado,,,,,,,,,,,,,,,,,,,,,,,,
Armário,7900288225085,,,,,,,,,,,,,,,,,,,,,,Não encontrado,,,,,,,,,,,,,,,,,,,,,,,,
Armário,7900288229557,,,,,,,,,,,,,,,,,,,,,,Não encontrado,,,,,,,,,,,,,,,,,,,,,,,,
Armário,7900288244178,,,,,,,,,,,,,,,,,,,,,,Não encontrado,,,,,,,,,,,,,,,,,,,,,,,,
Armário,7900288251350,,,,,,,,,,,,,,,,,,,,,,Não encontrado,,,,,,,,,,,,,,,,,,,,,,,,
Armário,7900288284167,,,,,,,,,,,,,,,,,,,,,,Não encontrado,,,,,,,,,,,,,,,,,,,,,,,,
Armário,7900288292674,,,,,,,,,,,,,,,,,,,,,,Não encontrado,,,,,,,,,,,,,,,,,,,,,,,,
Armário,7900288348685,,,,,,,,,,,,,,,,,,,,,,Não encontrado,,,,,,,,,,,,,,,,,,,,,,,,
Armário,7900288357991,,,,,,,,,,,,,,,,,,,,,,Não encontrado,,,,,,,,,,,,,,,,,,,,,,,,
Armário,7900288383518,,,,,,,,,,,,,,,,,,,,,,Não encontrado,,,,,,,,,,,,,,,,,,,,,,,,
Armário,7900288408907,,,,,,,,,,,,,,,,,,,,,,Não encontrado,,,,,,,,,,,,,,,,,,,,,,,,
Armário,7900314660279,,,,,,,,,,,,,,,,,,,,,,Não encontrado,,,,,,,,,,,,,,,,,,,,,,,,
Armário,7900545610128,,,,,,,,,,,,,,,,,,,,,,Não encontrado,,,,,,,,,,,,,,,,,,,,,,,,
Armário,7901017018084,,,,,,,,,,,,,,,,,,,,,,Não encontrado,,,,,,,,,,,,,,,,,,,,,,,,
Armário,7901017018107,,,,,,,,,,,,,,,,,,,,,,Não encontrado,,,,,,,,,,,,,,,,,,,,,,,,
Armário,7901046101184,,,,,,,,,,,,,,,,,,,,,,Não encontrado,,,,,,,,,,,,,,,,,,,,,,,,
Armário,7901046148318,,,,,,,,,,,,,,,,,,,,,,Não encontrado,,,,,,,,,,,,,,,,,,,,,,,,
Armário,7908161564290,,,,,,,,,,,,,,,,,,,,,,Não encontrado,,,,,,,,,,,,,,,,,,,,,,,,
Armário,7908212500147,,,,,,,,,,,,,,,,,,,,,,Não encontrado,,,,,,,,,,,,,,,,,,,,,,,,
Armário,7908212520541,,,,,,,,,,,,,,,,,,,,,,Não encontrado,,,,,,,,,,,,,,,,,,,,,,,,
Armário,7908212521715,,,,,,,,,,,,,,,,,,,,,,Não encontrado,,,,,,,,,,,,,,,,,,,,,,,,
Armário,7908212527144,,,,,,,,,,,,,,,,,,,,,,Não encontrado,,,,,,,,,,,,,,,,,,,,,,,,
Armário,7908449844854,,,,,,,,,,,,,,,,,,,,,,Não encontrado,,,,,,,,,,,,,,,,,,,,,,,,
Armário,7908449851951,,,,,,,,,,,,,,,,,,,,,,Não encontrado,,,,,,,,,,,,,,,,,,,,,,,,
Armário,7908449896105,,,,,,,,,,,,,,,,,,,,,,Não encontrado,,,,,,,,,,,,,,,,,,,,,,,,
Armário,7908469801486,218 ARMARIO BAIXO NOGAL SEV PRE,7908469801486,,,,,,2025-09-07T12:26:54.000-03:00,2025-09-07T12:26:55.000-03:00,,,,0,0,7908469801486,Unidade,1,,,COSMOS,https://cosmos.bluesoft.com.br/products/barcode/A3FC921F22280DDB9CD93F16CD4F583E.png,,,,,,,,,,,,,,,,,,,,,,,,,
Armário,7908509498485,,,,,,,,,,,,,,,,,,,,,,Não encontrado,,,,,,,,,,,,,,,,,,,,,,,,
Armário,7908510102173,,,,,,,,,,,,,,,,,,,,,,Não encontrado,,,,,,,,,,,,,,,,,,,,,,,,
Armário,7908517813430,,,,,,,,,,,,,,,,,,,,,,Não encontrado,,,,,,,,,,,,,,,,,,,,,,,,
Armário,7908599322301,,,,,,,,,,,,,,,,,,,,,,Não encontrado,,,,,,,,,,,,,,,,,,,,,,,,
Armário,7908599322370,,,,,,,,,,,,,,,,,,,,,,Não encontrado,,,,,,,,,,,,,,,,,,,,,,,,
Armário,7908599325296,,,,,,,,,,,,,,,,,,,,,,Não encontrado,,,,,,,,,,,,,,,,,,,,,,,,
Armário,7908599353084,,,,,,,,,,,,,,,,,,,,,,Não encontrado,,,,,,,,,,,,,,,,,,,,,,,,
Armário,7908631601791,,,,,,,,,,,,,,,,,,,,,,Não encontrado,,,,,,,,,,,,,,,,,,,,,,,,
Armário,7908631613695,,,,,,,,,,,,,,,,,,,,,,Não encontrado,,,,,,,,,,,,,,,,,,,,,,,,
Armário,7908631623175,,,,,,,,,,,,,,,,,,,,,,Não encontrado,,,,,,,,,,,,,,,,,,,,,,,,
Armário,7908631636052,,,,,,,,,,,,,,,,,,,,,,Não encontrado,,,,,,,,,,,,,,,,,,,,,,,,
Armário,7908631639671,,,,,,,,,,,,,,,,,,,,,,Não encontrado,,,,,,,,,,,,,,,,,,,,,,,,
Armário,7908631651147,,,,,,,,,,,,,,,,,,,,,,Não encontrado,,,,,,,,,,,,,,,,,,,,,,,,
Armário,7908631655336,,,,,,,,,,,,,,,,,,,,,,Não encontrado,,,,,,,,,,,,,,,,,,,,,,,,
Armário,7908631665694,,,,,,,,,,,,,,,,,,,,,,Não encontrado,,,,,,,,,,,,,,,,,,,,,,,,
Armário,7908644112734,,,,,,,,,,,,,,,,,,,,,,Não encontrado,,,,,,,,,,,,,,,,,,,,,,,,
Armário,7908709102243,,,,,,,,,,,,,,,,,,,,,,Não encontrado,,,,,,,,,,,,,,,,,,,,,,,,
Armário,7908709102601,,,,,,,,,,,,,,,,,,,,,,Não encontrado,,,,,,,,,,,,,,,,,,,,,,,,
Armário,7908732401924,,,,,,,,,,,,,,,,,,,,,,Não encontrado,,,,,,,,,,,,,,,,,,,,,,,,
Armário,7908732406592,,,,,,,,,,,,,,,,,,,,,,Não encontrado,,,,,,,,,,,,,,,,,,,,,,,,
Armário,7908741600196,,,,,,,,,,,,,,,,,,,,,,Não encontrado,,,,,,,,,,,,,,,,,,,,,,,,
Armário,7908765007520,,,,,,,,,,,,,,,,,,,,,,Não encontrado,,,,,,,,,,,,,,,,,,,,,,,,
Armário,7908790624846,,,,,,,,,,,,,,,,,,,,,,Não encontrado,,,,,,,,,,,,,,,,,,,,,,,,
Armário,7908790638263,,,,,,,,,,,,,,,,,,,,,,Não encontrado,,,,,,,,,,,,,,,,,,,,,,,,
Armário,7908790679563,,,,,,,,,,,,,,,,,,,,,,Não encontrado,,,,,,,,,,,,,,,,,,,,,,,,
Armário,7908801513251,,,,,,,,,,,,,,,,,,,,,,Não encontrado,,,,,,,,,,,,,,,,,,,,,,,,
Armário,7908816301300,,,,,,,,,,,,,,,,,,,,,,Não encontrado,,,,,,,,,,,,,,,,,,,,,,,,
Armário,7908816301416,,,,,,,,,,,,,,,,,,,,,,Não encontrado,,,,,,,,,,,,,,,,,,,,,,,,
Armário,7908816301423,,,,,,,,,,,,,,,,,,,,,,Não encontrado,,,,,,,,,,,,,,,,,,,,,,,,
Armário,7908816302215,,,,,,,,,,,,,,,,,,,,,,Não encontrado,,,,,,,,,,,,,,,,,,,,,,,,
Armário,7908821471432,,,,,,,,,,,,,,,,,,,,,,Não encontrado,,,,,,,,,,,,,,,,,,,,,,,,
Armário,7908863459825,,,,,,,,,,,,,,,,,,,,,,Não encontrado,,,,,,,,,,,,,,,,,,,,,,,,
Armário,7908875711607,,,,,,,,,,,,,,,,,,,,,,Não encontrado,,,,,,,,,,,,,,,,,,,,,,,,
Armário,7908875719429,,,,,,,,,,,,,,,,,,,,,,Não encontrado,,,,,,,,,,,,,,,,,,,,,,,,
Armário,7908922900350,,,,,,,,,,,,,,,,,,,,,,Não encontrado,,,,,,,,,,,,,,,,,,,,,,,,
Armário,7908979119330,,,,,,,,,,,,,,,,,,,,,,Não encontrado,,,,,,,,,,,,,,,,,,,,,,,,
Armário,7908979120992,,,,,,,,,,,,,,,,,,,,,,Não encontrado,,,,,,,,,,,,,,,,,,,,,,,,
Armário,7909103634064,,,,,,,,,,,,,,,,,,,,,,Não encontrado,,,,,,,,,,,,,,,,,,,,,,,,
Armário,7909103634224,,,,,,,,,,,,,,,,,,,,,,Não encontrado,,,,,,,,,,,,,,,,,,,,,,,,
Armário,7909103634248,,,,,,,,,,,,,,,,,,,,,,Não encontrado,,,,,,,,,,,,,,,,,,,,,,,,
Armário,7909103662555,,,,,,,,,,,,,,,,,,,,,,Não encontrado,,,,,,,,,,,,,,,,,,,,,,,,
Armário,7909103666843,,,,,,,,,,,,,,,,,,,,,,Não encontrado,,,,,,,,,,,,,,,,,,,,,,,,
Armário,7909103688364,,,,,,,,,,,,,,,,,,,,,,Não encontrado,,,,,,,,,,,,,,,,,,,,,,,,
Armário,7909103690497,,,,,,,,,,,,,,,,,,,,,,Não encontrado,,,,,,,,,,,,,,,,,,,,,,,,
Armário,7909103691050,,,,,,,,,,,,,,,,,,,,,,Não encontrado,,,,,,,,,,,,,,,,,,,,,,,,
Armário,7909103746019,,,,,,,,,,,,,,,,,,,,,,Não encontrado,,,,,,,,,,,,,,,,,,,,,,,,
Armário,7909103749539,,,,,,,,,,,,,,,,,,,,,,Não encontrado,,,,,,,,,,,,,,,,,,,,,,,,
Armário,7909205152107,,,,,,,,,,,,,,,,,,,,,,Não encontrado,,,,,,,,,,,,,,,,,,,,,,,,
Armário,7909205152237,,,,,,,,,,,,,,,,,,,,,,Não encontrado,,,,,,,,,,,,,,,,,,,,,,,,
Armário,7909205405920,,,,,,,,,,,,,,,,,,,,,,Não encontrado,,,,,,,,,,,,,,,,,,,,,,,,
Armário,7909373726308,,,,,,,,,,,,,,,,,,,,,,Não encontrado,,,,,,,,,,,,,,,,,,,,,,,,
Armário,7909512824360,,,,,,,,,,,,,,,,,,,,,,Não encontrado,,,,,,,,,,,,,,,,,,,,,,,,
Armário,7909875225613,,,,,,,,,,,,,,,,,,,,,,Não encontrado,,,,,,,,,,,,,,,,,,,,,,,,
Armário,7909875253586,,,,,,,,,,,,,,,,,,,,,,Não encontrado,,,,,,,,,,,,,,,,,,,,,,,,
Armário,7909875253883,,,,,,,,,,,,,,,,,,,,,,Não encontrado,,,,,,,,,,,,,,,,,,,,,,,,
Armário,7909875254927,,,,,,,,,,,,,,,,,,,,,,Não encontrado,,,,,,,,,,,,,,,,,,,,,,,,
Armário,7909875361496,,,,,,,,,,,,,,,,,,,,,,Não encontrado,,,,,,,,,,,,,,,,,,,,,,,,
Armário,7909875367023,,,,,,,,,,,,,,,,,,,,,,Não encontrado,,,,,,,,,,,,,,,,,,,,,,,,
Armário,7909875501205,,,,,,,,,,,,,,,,,,,,,,Não encontrado,,,,,,,,,,,,,,,,,,,,,,,,
Armário,7909903081099,,,,,,,,,,,,,,,,,,,,,,Não encontrado,,,,,,,,,,,,,,,,,,,,,,,,
Armário,7909903208830,,,,,,,,,,,,,,,,,,,,,,Não encontrado,,,,,,,,,,,,,,,,,,,,,,,,
Armário,7909903264836,,,,,,,,,,,,,,,,,,,,,,Não encontrado,,,,,,,,,,,,,,,,,,,,,,,,
Armário,7909903354483,,,,,,,,,,,,,,,,,,,,,,Não encontrado,,,,,,,,,,,,,,,,,,,,,,,,
Armário,7909903378731,,,,,,,,,,,,,,,,,,,,,,Não encontrado,,,,,,,,,,,,,,,,,,,,,,,,
Armário,7909903492864,,,,,,,,,,,,,,,,,,,,,,Não encontrado,,,,,,,,,,,,,,,,,,,,,,,,
Armário,7909903644157,,,,,,,,,,,,,,,,,,,,,,Não encontrado,,,,,,,,,,,,,,,,,,,,,,,,
Armário,7909903664148,,,,,,,,,,,,,,,,,,,,,,Não encontrado,,,,,,,,,,,,,,,,,,,,,,,,
Armário,7909903665381,,,,,,,,,,,,,,,,,,,,,,Não encontrado,,,,,,,,,,,,,,,,,,,,,,,,
Armário,7909903727997,,,,,,,,,,,,,,,,,,,,,,Não encontrado,,,,,,,,,,,,,,,,,,,,,,,,
Armário,7909903731246,,,,,,,,,,,,,,,,,,,,,,Não encontrado,,,,,,,,,,,,,,,,,,,,,,,,
Armário,7909903779682,,,,,,,,,,,,,,,,,,,,,,Não encontrado,,,,,,,,,,,,,,,,,,,,,,,,
Armário,7909903928219,,,,,,,,,,,,,,,,,,,,,,Não encontrado,,,,,,,,,,,,,,,,,,,,,,,,
Armário,7909903933428,,,,,,,,,,,,,,,,,,,,,,Não encontrado,,,,,,,,,,,,,,,,,,,,,,,,
Armário,7909903977699,,,,,,,,,,,,,,,,,,,,,,Não encontrado,,,,,,,,,,,,,,,,,,,,,,,,
Armário,8900122181095,,,,,,,,,,,,,,,,,,,,,,Não encontrado,,,,,,,,,,,,,,,,,,,,,,,,
Cama Box,3251232525848,,,,,,,,,,,,,,,,,,,,,,Não encontrado,,,,,,,,,,,,,,,,,,,,,,,,
Cama Box,4197652483490,,,,,,,,,,,,,,,,,,,,,,Não encontrado,,,,,,,,,,,,,,,,,,,,,,,,
Cama Box,4568213794124,,,,,,,,,,,,,,,,,,,,,,Não encontrado,,,,,,,,,,,,,,,,,,,,,,,,
Cama Box,5457890348746,,,,,,,,,,,,,,,,,,,,,,Não encontrado,,,,,,,,,,,,,,,,,,,,,,,,
Cama Box,5463728924228,,,,,,,,,,,,,,,,,,,,,,Não encontrado,,,,,,,,,,,,,,,,,,,,,,,,
Cama Box,5463728924266,,,,,,,,,,,,,,,,,,,,,,Não encontrado,,,,,,,,,,,,,,,,,,,,,,,,
Cama Box,5764319082311,,,,,,,,,,,,,,,,,,,,,,Não encontrado,,,,,,,,,,,,,,,,,,,,,,,,
Cama Box,7770000010226,CARBURADOR COMPLETO TOYAMA RT43L RT43C TBC43X VE,7770000010226,,,,,,2025-08-16T20:01:47.000-03:00,2026-09-16T10:10:49.000-03:00,,,,0,0,7770000010226,Unidade,1,,,COSMOS,https://cosmos.bluesoft.com.br/products/barcode/47E406947946DB58E58E9041D090812D.png,,,,,,,,,,,,,,,,,,,,,,,,,
Cama Box,7777000139476,,,,,,,,,,,,,,,,,,,,,,Não encontrado,,,,,,,,,,,,,,,,,,,,,,,,
Cama Box,7777000152826,,,,,,,,,,,,,,,,,,,,,,Não encontrado,,,,,,,,,,,,,,,,,,,,,,,,
Cama Box,7777000156497,,,,,,,,,,,,,,,,,,,,,,Não encontrado,,,,,,,,,,,,,,,,,,,,,,,,
Cama Box,7777000164331,,,,,,,,,,,,,,,,,,,,,,Não encontrado,,,,,,,,,,,,,,,,,,,,,,,,
Cama Box,7800541102156,,,,,,,,,,,,,,,,,,,,,,Não encontrado,,,,,,,,,,,,,,,,,,,,,,,,
Cama Box,7800759096902,,,,,,,,,,,,,,,,,,,,,,Não encontrado,,,,,,,,,,,,,,,,,,,,,,,,
Cama Box,7800842181720,,,,,,,,,,,,,,,,,,,,,,Não encontrado,,,,,,,,,,,,,,,,,,,,,,,,
Cama Box,7800879781566,,,,,,,,,,,,,,,,,,,,,,Não encontrado,,,,,,,,,,,,,,,,,,,,,,,,
Cama Box,7801045747522,,,,,,,,,,,,,,,,,,,,,,Não encontrado,,,,,,,,,,,,,,,,,,,,,,,,
Cama Box,7801576195335,,,,,,,,,,,,,,,,,,,,,,Não encontrado,,,,,,,,,,,,,,,,,,,,,,,,
Cama Box,7803177112605,,,,,,,,,,,,,,,,,,,,,,Não encontrado,,,,,,,,,,,,,,,,,,,,,,,,
Cama Box,7805467471430,,,,,,,,,,,,,,,,,,,,,,Não encontrado,,,,,,,,,,,,,,,,,,,,,,,,
Cama Box,7806232041384,,,,,,,,,,,,,,,,,,,,,,Não encontrado,,,,,,,,,,,,,,,,,,,,,,,,
Cama Box,7806299111471,,,,,,,,,,,,,,,,,,,,,,Não encontrado,,,,,,,,,,,,,,,,,,,,,,,,
Cama Box,7806585613580,,,,,,,,,,,,,,,,,,,,,,Não encontrado,,,,,,,,,,,,,,,,,,,,,,,,
Cama Box,7806806252871,,,,,,,,,,,,,,,,,,,,,,Não encontrado,,,,,,,,,,,,,,,,,,,,,,,,
Cama Box,7806847959036,,,,,,,,,,,,,,,,,,,,,,Não encontrado,,,,,,,,,,,,,,,,,,,,,,,,
Cama Box,7808877022216,,,,,,,,,,,,,,,,,,,,,,Não encontrado,,,,,,,,,,,,,,,,,,,,,,,,
Cama Box,7808922474045,,,,,,,,,,,,,,,,,,,,,,Não encontrado,,,,,,,,,,,,,,,,,,,,,,,,
Cama Box,7809491272568,,,,,,,,,,,,,,,,,,,,,,Não encontrado,,,,,,,,,,,,,,,,,,,,,,,,
Cama Box,7890372990817,,,,,,,,,,,,,,,,,,,,,,Não encontrado,,,,,,,,,,,,,,,,,,,,,,,,
Cama Box,7890372995997,,,,,,,,,,,,,,,,,,,,,,Não encontrado,,,,,,,,,,,,,,,,,,,,,,,,
Cama Box,7890570420918,,,,,,,,,,,,,,,,,,,,,,Não encontrado,,,,,,,,,,,,,,,,,,,,,,,,
Cama Box,7891265490292,,,,,,,,,,,,,,,,,,,,,,Não encontrado,,,,,,,,,,,,,,,,,,,,,,,,
Cama Box,7891361181308,,,,,,,,,,,,,,,,,,,,,,Não encontrado,,,,,,,,,,,,,,,,,,,,,,,,
Cama Box,7891619102734,,,,,,,,,,,,,,,,,,,,,,Não encontrado,,,,,,,,,,,,,,,,,,,,,,,,
Cama Box,7891642850350,,,,,,,,,,,,,,,,,,,,,,Não encontrado,,,,,,,,,,,,,,,,,,,,,,,,
Cama Box,7891693066267,,,,,,,,,,,,,,,,,,,,,,Não encontrado,,,,,,,,,,,,,,,,,,,,,,,,
Cama Box,7891694164566,,,,,,,,,,,,,,,,,,,,,,Não encontrado,,,,,,,,,,,,,,,,,,,,,,,,
Cama Box,7891711467502,,,,,,,,,,,,,,,,,,,,,,Não encontrado,,,,,,,,,,,,,,,,,,,,,,,,
Cama Box,7892247493966,,,,,,,,,,,,,,,,,,,,,,Não encontrado,,,,,,,,,,,,,,,,,,,,,,,,
Cama Box,7892285106507,,,,,,,,,,,,,,,,,,,,,,Não encontrado,,,,,,,,,,,,,,,,,,,,,,,,
Cama Box,7892391815423,,,,,,,,,,,,,,,,,,,,,,Não encontrado,,,,,,,,,,,,,,,,,,,,,,,,
Cama Box,7892391816666,,,,,,,,,,,,,,,,,,,,,,Não encontrado,,,,,,,,,,,,,,,,,,,,,,,,
Cama Box,7892407316197,,,,,,,,,,,,,,,,,,,,,,Não encontrado,,,,,,,,,,,,,,,,,,,,,,,,
Cama Box,7892407316340,,,,,,,,,,,,,,,,,,,,,,Não encontrado,,,,,,,,,,,,,,,,,,,,,,,,
Cama Box,7892599210204,,,,,,,,,,,,,,,,,,,,,,Não encontrado,,,,,,,,,,,,,,,,,,,,,,,,
Cama Box,7892686538709,,,,,,,,,,,,,,,,,,,,,,Não encontrado,,,,,,,,,,,,,,,,,,,,,,,,
Cama Box,7892687604090,,,,,,,,,,,,,,,,,,,,,,Não encontrado,,,,,,,,,,,,,,,,,,,,,,,,
Cama Box,7892696696468,,,,,,,,,,,,,,,,,,,,,,Não encontrado,,,,,,,,,,,,,,,,,,,,,,,,
Cama Box,7892739256314,,,,,,,,,,,,,,,,,,,,,,Não encontrado,,,,,,,,,,,,,,,,,,,,,,,,
Cama Box,7892816663981,,,,,,,,,,,,,,,,,,,,,,Não encontrado,,,,,,,,,,,,,,,,,,,,,,,,
Cama Box,7892819604592,,,,,,,,,,,,,,,,,,,,,,Não encontrado,,,,,,,,,,,,,,,,,,,,,,,,
Cama Box,7892988164064,,,,,,,,,,,,,,,,,,,,,,Não encontrado,,,,,,,,,,,,,,,,,,,,,,,,
Cama Box,7893012755289,,,,,,,,,,,,,,,,,,,,,,Não encontrado,,,,,,,,,,,,,,,,,,,,,,,,
Cama Box,7893215991842,,,,,,,,,,,,,,,,,,,,,,Não encontrado,,,,,,,,,,,,,,,,,,,,,,,,
Cama Box,7893340853381,,,,,,,,,,,,,,,,,,,,,,Não encontrado,,,,,,,,,,,,,,,,,,,,,,,,
Cama Box,7893462920527,,,,,,,,,,,,,,,,,,,,,,Não encontrado,,,,,,,,,,,,,,,,,,,,,,,,
Cama Box,7894216910993,,,,,,,,,,,,,,,,,,,,,,Não encontrado,,,,,,,,,,,,,,,,,,,,,,,,
Cama Box,7894248104582,,,,,,,,,,,,,,,,,,,,,,Não encontrado,,,,,,,,,,,,,,,,,,,,,,,,
Cama Box,7894280146601,,,,,,,,,,,,,,,,,,,,,,Não encontrado,,,,,,,,,,,,,,,,,,,,,,,,
Cama Box,7894312992961,,,,,,,,,,,,,,,,,,,,,,Não encontrado,,,,,,,,,,,,,,,,,,,,,,,,
Cama Box,7894363510879,,,,,,,,,,,,,,,,,,,,,,Não encontrado,,,,,,,,,,,,,,,,,,,,,,,,
Cama Box,7894434325104,,,,,,,,,,,,,,,,,,,,,,Não encontrado,,,,,,,,,,,,,,,,,,,,,,,,
Cama Box,7894650864197,,,,,,,,,,,,,,,,,,,,,,Não encontrado,,,,,,,,,,,,,,,,,,,,,,,,
Cama Box,7894678102332,,,,,,,,,,,,,,,,,,,,,,Não encontrado,,,,,,,,,,,,,,,,,,,,,,,,
Cama Box,7894689707861,,,,,,,,,,,,,,,,,,,,,,Não encontrado,,,,,,,,,,,,,,,,,,,,,,,,
Cama Box,7894689707892,,,,,,,,,,,,,,,,,,,,,,Não encontrado,,,,,,,,,,,,,,,,,,,,,,,,
Cama Box,7894883423161,,,,,,,,,,,,,,,,,,,,,,Não encontrado,,,,,,,,,,,,,,,,,,,,,,,,
Cama Box,7894883423185,,,,,,,,,,,,,,,,,,,,,,Não encontrado,,,,,,,,,,,,,,,,,,,,,,,,
Cama Box,7894883423710,,,,,,,,,,,,,,,,,,,,,,Não encontrado,,,,,,,,,,,,,,,,,,,,,,,,
Cama Box,7894883424564,,,,,,,,,,,,,,,,,,,,,,Não encontrado,,,,,,,,,,,,,,,,,,,,,,,,
Cama Box,7894883424618,,,,,,,,,,,,,,,,,,,,,,Não encontrado,,,,,,,,,,,,,,,,,,,,,,,,
Cama Box,7894883433078,,,,,,,,,,,,,,,,,,,,,,Não encontrado,,,,,,,,,,,,,,,,,,,,,,,,
Cama Box,7894883434167,,,,,,,,,,,,,,,,,,,,,,Não encontrado,,,,,,,,,,,,,,,,,,,,,,,,
Cama Box,7894883435072,,,,,,,,,,,,,,,,,,,,,,Não encontrado,,,,,,,,,,,,,,,,,,,,,,,,
Cama Box,7894883441943,,,,,,,,,,,,,,,,,,,,,,Não encontrado,,,,,,,,,,,,,,,,,,,,,,,,
Cama Box,7894883444111,,,,,,,,,,,,,,,,,,,,,,Não encontrado,,,,,,,,,,,,,,,,,,,,,,,,
Cama Box,7894883447624,,,,,,,,,,,,,,,,,,,,,,Não encontrado,,,,,,,,,,,,,,,,,,,,,,,,
Cama Box,7894883452826,,,,,,,,,,,,,,,,,,,,,,Não encontrado,,,,,,,,,,,,,,,,,,,,,,,,
Cama Box,7894883456602,,,,,,,,,,,,,,,,,,,,,,Não encontrado,,,,,,,,,,,,,,,,,,,,,,,,
Cama Box,7894883459306,,,,,,,,,,,,,,,,,,,,,,Não encontrado,,,,,,,,,,,,,,,,,,,,,,,,
Cama Box,7894883466397,,,,,,,,,,,,,,,,,,,,,,Não encontrado,,,,,,,,,,,,,,,,,,,,,,,,
Cama Box,7894905105655,,,,,,,,,,,,,,,,,,,,,,Não encontrado,,,,,,,,,,,,,,,,,,,,,,,,
Cama Box,7894905109516,,,,,,,,,,,,,,,,,,,,,,Não encontrado,,,,,,,,,,,,,,,,,,,,,,,,
Cama Box,7894905109844,,,,,,,,,,,,,,,,,,,,,,Não encontrado,,,,,,,,,,,,,,,,,,,,,,,,
Cama Box,7894965760283,,,,,,,,,,,,,,,,,,,,,,Não encontrado,,,,,,,,,,,,,,,,,,,,,,,,
Cama Box,7894986291193,,,,,,,,,,,,,,,,,,,,,,Não encontrado,,,,,,,,,,,,,,,,,,,,,,,,
Cama Box,7895152804025,,,,,,,,,,,,,,,,,,,,,,Não encontrado,,,,,,,,,,,,,,,,,,,,,,,,
Cama Box,7895152804230,,,,,,,,,,,,,,,,,,,,,,Não encontrado,,,,,,,,,,,,,,,,,,,,,,,,
Cama Box,7895152861516,,,,,,,,,,,,,,,,,,,,,,Não encontrado,,,,,,,,,,,,,,,,,,,,,,,,
Cama Box,7895152861981,,,,,,,,,,,,,,,,,,,,,,Não encontrado,,,,,,,,,,,,,,,,,,,,,,,,
Cama Box,7895152882399,,,,,,,,,,,,,,,,,,,,,,Não encontrado,,,,,,,,,,,,,,,,,,,,,,,,
Cama Box,7895152897164,,,,,,,,,,,,,,,,,,,,,,Não encontrado,,,,,,,,,,,,,,,,,,,,,,,,
Cama Box,7895155220648,,,,,,,,,,,,,,,,,,,,,,Não encontrado,,,,,,,,,,,,,,,,,,,,,,,,
Cama Box,7895155220754,,,,,,,,,,,,,,,,,,,,,,Não encontrado,,,,,,,,,,,,,,,,,,,,,,,,
Cama Box,7895354983498,,,,,,,,,,,,,,,,,,,,,,Não encontrado,,,,,,,,,,,,,,,,,,,,,,,,
Cama Box,7895501167887,,,,,,,,,,,,,,,,,,,,,,Não encontrado,,,,,,,,,,,,,,,,,,,,,,,,
Cama Box,7895606022807,,,,,,,,,,,,,,,,,,,,,,Não encontrado,,,,,,,,,,,,,,,,,,,,,,,,
Cama Box,7895606531101,,,,,,,,,,,,,,,,,,,,,,Não encontrado,,,,,,,,,,,,,,,,,,,,,,,,
Cama Box,7895606570223,,,,,,,,,,,,,,,,,,,,,,Não encontrado,,,,,,,,,,,,,,,,,,,,,,,,
Cama Box,7895606764660,,,,,,,,,,,,,,,,,,,,,,Não encontrado,,,,,,,,,,,,,,,,,,,,,,,,
Cama Box,7895606789212,,,,,,,,,,,,,,,,,,,,,,Não encontrado,,,,,,,,,,,,,,,,,,,,,,,,
Cama Box,7895606856747,,,,,,,,,,,,,,,,,,,,,,Não encontrado,,,,,,,,,,,,,,,,,,,,,,,,
Cama Box,7895651921421,,,,,,,,,,,,,,,,,,,,,,Não encontrado,,,,,,,,,,,,,,,,,,,,,,,,
Cama Box,7895684744080,,,,,,,,,,,,,,,,,,,,,,Não encontrado,,,,,,,,,,,,,,,,,,,,,,,,
Cama Box,7895684744592,,,,,,,,,,,,,,,,,,,,,,Não encontrado,,,,,,,,,,,,,,,,,,,,,,,,
Cama Box,7895764660866,,,,,,,,,,,,,,,,,,,,,,Não encontrado,,,,,,,,,,,,,,,,,,,,,,,,
Cama Box,7895883414531,,,,,,,,,,,,,,,,,,,,,,Não encontrado,,,,,,,,,,,,,,,,,,,,,,,,
Cama Box,7896187102704,,,,,,,,,,,,,,,,,,,,,,Não encontrado,,,,,,,,,,,,,,,,,,,,,,,,
Cama Box,7896506713277,,,,,,,,,,,,,,,,,,,,,,Não encontrado,,,,,,,,,,,,,,,,,,,,,,,,
Cama Box,7896506718067,,,,,,,,,,,,,,,,,,,,,,Não encontrado,,,,,,,,,,,,,,,,,,,,,,,,
Cama Box,7896506718340,,,,,,,,,,,,,,,,,,,,,,Não encontrado,,,,,,,,,,,,,,,,,,,,,,,,
Cama Box,7896506718586,,,,,,,,,,,,,,,,,,,,,,Não encontrado,,,,,,,,,,,,,,,,,,,,,,,,
Cama Box,7896506720763,,,,,,,,,,,,,,,,,,,,,,Não encontrado,,,,,,,,,,,,,,,,,,,,,,,,
Cama Box,7896506982581,,,,,,,,,,,,,,,,,,,,,,Não encontrado,,,,,,,,,,,,,,,,,,,,,,,,
Cama Box,7896506984776,,,,,,,,,,,,,,,,,,,,,,Não encontrado,,,,,,,,,,,,,,,,,,,,,,,,
Cama Box,7896506985407,,,,,,,,,,,,,,,,,,,,,,Não encontrado,,,,,,,,,,,,,,,,,,,,,,,,
Cama Box,7896506986275,,,,,,,,,,,,,,,,,,,,,,Não encontrado,,,,,,,,,,,,,,,,,,,,,,,,
Cama Box,7896506989368,,,,,,,,,,,,,,,,,,,,,,Não encontrado,,,,,,,,,,,,,,,,,,,,,,,,
Cama Box,7896506990760,,,,,,,,,,,,,,,,,,,,,,Não encontrado,,,,,,,,,,,,,,,,,,,,,,,,
Cama Box,7896506992436,,,,,,,,,,,,,,,,,,,,,,Não encontrado,,,,,,,,,,,,,,,,,,,,,,,,
Cama Box,7896506996908,,,,,,,,,,,,,,,,,,,,,,Não encontrado,,,,,,,,,,,,,,,,,,,,,,,,
Cama Box,7896506997493,,,,,,,,,,,,,,,,,,,,,,Não encontrado,,,,,,,,,,,,,,,,,,,,,,,,
Cama Box,7896506997981,,,,,,,,,,,,,,,,,,,,,,Não encontrado,,,,,,,,,,,,,,,,,,,,,,,,
Cama Box,7896977829590,,,,,,,,,,,,,,,,,,,,,,Não encontrado,,,,,,,,,,,,,,,,,,,,,,,,
Cama Box,7896988075467,,,,,,,,,,,,,,,,,,,,,,Não encontrado,,,,,,,,,,,,,,,,,,,,,,,,
Cama Box,7896988312562,,,,,,,,,,,,,,,,,,,,,,Não encontrado,,,,,,,,,,,,,,,,,,,,,,,,
Cama Box,7896988348059,,,,,,,,,,,,,,,,,,,,,,Não encontrado,,,,,,,,,,,,,,,,,,,,,,,,
Cama Box,7896988379954,,,,,,,,,,,,,,,,,,,,,,Não encontrado,,,,,,,,,,,,,,,,,,,,,,,,
Cama Box,7896988388925,,,,,,,,,,,,,,,,,,,,,,Não encontrado,,,,,,,,,,,,,,,,,,,,,,,,
Cama Box,7896988467033,,,,,,,,,,,,,,,,,,,,,,Não encontrado,,,,,,,,,,,,,,,,,,,,,,,,
Cama Box,7896988634190,,,,,,,,,,,,,,,,,,,,,,Não encontrado,,,,,,,,,,,,,,,,,,,,,,,,
Cama Box,7896988636972,,,,,,,,,,,,,,,,,,,,,,Não encontrado,,,,,,,,,,,,,,,,,,,,,,,,
Cama Box,7896988638563,,,,,,,,,,,,,,,,,,,,,,Não encontrado,,,,,,,,,,,,,,,,,,,,,,,,
Cama Box,7896988638792,,,,,,,,,,,,,,,,,,,,,,Não encontrado,,,,,,,,,,,,,,,,,,,,,,,,
Cama Box,7896988638921,,,,,,,,,,,,,,,,,,,,,,Não encontrado,,,,,,,,,,,,,,,,,,,,,,,,
Cama Box,7896988640269,,,,,,,,,,,,,,,,,,,,,,Não encontrado,,,,,,,,,,,,,,,,,,,,,,,,
Cama Box,7896988646469,,,,,,,,,,,,,,,,,,,,,,Não encontrado,,,,,,,,,,,,,,,,,,,,,,,,
Cama Box,7896988650909,,,,,,,,,,,,,,,,,,,,,,Não encontrado,,,,,,,,,,,,,,,,,,,,,,,,
Cama Box,7896988822047,,,,,,,,,,,,,,,,,,,,,,Não encontrado,,,,,,,,,,,,,,,,,,,,,,,,
Cama Box,7896988843592,,,,,,,,,,,,,,,,,,,,,,Não encontrado,,,,,,,,,,,,,,,,,,,,,,,,
Cama Box,7896988944558,,,,,,,,,,,,,,,,,,,,,,Não encontrado,,,,,,,,,,,,,,,,,,,,,,,,
Cama Box,7896988945876,,,,,,,,,,,,,,,,,,,,,,Não encontrado,,,,,,,,,,,,,,,,,,,,,,,,
Cama Box,7896988950764,,,,,,,,,,,,,,,,,,,,,,Não encontrado,,,,,,,,,,,,,,,,,,,,,,,,
Cama Box,7896988972933,,,,,,,,,,,,,,,,,,,,,,Não encontrado,,,,,,,,,,,,,,,,,,,,,,,,
Cama Box,7896988978621,,,,,,,,,,,,,,,,,,,,,,Não encontrado,,,,,,,,,,,,,,,,,,,,,,,,
Cama Box,7896988979956,,,,,,,,,,,,,,,,,,,,,,Não encontrado,,,,,,,,,,,,,,,,,,,,,,,,
Cama Box,7896988981324,,,,,,,,,,,,,,,,,,,,,,Não encontrado,,,,,,,,,,,,,,,,,,,,,,,,
Cama Box,7896988981393,,,,,,,,,,,,,,,,,,,,,,Não encontrado,,,,,,,,,,,,,,,,,,,,,,,,
Cama Box,7896988986176,,,,,,,,,,,,,,,,,,,,,,Não encontrado,,,,,,,,,,,,,,,,,,,,,,,,
Cama Box,7896988993792,,,,,,,,,,,,,,,,,,,,,,Não encontrado,,,,,,,,,,,,,,,,,,,,,,,,
Cama Box,7897112289231,,,,,,,,,,,,,,,,,,,,,,Não encontrado,,,,,,,,,,,,,,,,,,,,,,,,
Cama Box,7897394480296,,,,,,,,,,,,,,,,,,,,,,Não encontrado,,,,,,,,,,,,,,,,,,,,,,,,
Cama Box,7897430227991,,,,,,,,,,,,,,,,,,,,,,Não encontrado,,,,,,,,,,,,,,,,,,,,,,,,
Cama Box,7897895211870,,,,,,,,,,,,,,,,,,,,,,Não encontrado,,,,,,,,,,,,,,,,,,,,,,,,
Cama Box,7897895998160,,,,,,,,,,,,,,,,,,,,,,Não encontrado,,,,,,,,,,,,,,,,,,,,,,,,
Cama Box,7897895998290,,,,,,,,,,,,,,,,,,,,,,Não encontrado,,,,,,,,,,,,,,,,,,,,,,,,
Cama Box,7897895999198,,,,,,,,,,,,,,,,,,,,,,Não encontrado,,,,,,,,,,,,,,,,,,,,,,,,
Cama Box,7897895999211,,,,,,,,,,,,,,,,,,,,,,Não encontrado,,,,,,,,,,,,,,,,,,,,,,,,
Cama Box,7898052997811,,,,,,,,,,,,,,,,,,,,,,Não encontrado,,,,,,,,,,,,,,,,,,,,,,,,
Cama Box,7898081992023,,,,,,,,,,,,,,,,,,,,,,Não encontrado,,,,,,,,,,,,,,,,,,,,,,,,
Cama Box,7898619852522,MASC CAP HANOVA BAD ROCK HELP 1K - UN,7898619852522,,,,,,2022-05-10T19:19:23.000-03:00,2022-05-10T19:19:26.000-03:00,,,,0,0,7898619852522,Unidade,1,,,COSMOS,https://cosmos.bluesoft.com.br/products/barcode/202B76D313D167102FD3680682A082A3.png,,,,,,,,,,,,,,,,,,,,,,,,,
Cama Box,7898619895741,,,,,,,,,,,,,,,,,,,,,,Não encontrado,,,,,,,,,,,,,,,,,,,,,,,,
Cama Box,7898619896618,,,,,,,,,,,,,,,,,,,,,,Não encontrado,,,,,,,,,,,,,,,,,,,,,,,,
Cama Box,7898619899770,,,,,,,,,,,,,,,,,,,,,,Não encontrado,,,,,,,,,,,,,,,,,,,,,,,,
Cama Box,7898619900162,,,,,,,,,,,,,,,,,,,,,,Não encontrado,,,,,,,,,,,,,,,,,,,,,,,,
Cama Box,7898619903453,,,,,,,,,,,,,,,,,,,,,,Não encontrado,,,,,,,,,,,,,,,,,,,,,,,,
Cama Box,7898619991825,,,,,,,,,,,,,,,,,,,,,,Não encontrado,,,,,,,,,,,,,,,,,,,,,,,,
Cama Box,7898619994710,,,,,,,,,,,,,,,,,,,,,,Não encontrado,,,,,,,,,,,,,,,,,,,,,,,,
Cama Box,7898619995946,,,,,,,,,,,,,,,,,,,,,,Não encontrado,,,,,,,,,,,,,,,,,,,,,,,,
Cama Box,7898619996264,,,,,,,,,,,,,,,,,,,,,,Não encontrado,,,,,,,,,,,,,,,,,,,,,,,,
Cama Box,7898631956390,,,,,,,,,,,,,,,,,,,,,,Não encontrado,,,,,,,,,,,,,,,,,,,,,,,,
Cama Box,7898692423442,,,,,,,,,,,,,,,,,,,,,,Não encontrado,,,,,,,,,,,,,,,,,,,,,,,,
Cama Box,7898695572109,,,,,,,,,,,,,,,,,,,,,,Não encontrado,,,,,,,,,,,,,,,,,,,,,,,,
Cama Box,7898695572246,,,,,,,,,,,,,,,,,,,,,,Não encontrado,,,,,,,,,,,,,,,,,,,,,,,,
Cama Box,7898695579177,,,,,,,,,,,,,,,,,,,,,,Não encontrado,,,,,,,,,,,,,,,,,,,,,,,,
Cama Box,7898698240234,,,,,,,,,,,,,,,,,,,,,,Não encontrado,,,,,,,,,,,,,,,,,,,,,,,,
Cama Box,7898707397676,,,,,,,,,,,,,,,,,,,,,,Não encontrado,,,,,,,,,,,,,,,,,,,,,,,,
Cama Box,7898723389808,,,,,,,,,,,,,,,,,,,,,,Não encontrado,,,,,,,,,,,,,,,,,,,,,,,,
Cama Box,7898724236002,,,,,,,,,,,,,,,,,,,,,,Não encontrado,,,,,,,,,,,,,,,,,,,,,,,,
Cama Box,7898726223673,,,,,,,,,,,,,,,,,,,,,,Não encontrado,,,,,,,,,,,,,,,,,,,,,,,,
Cama Box,7898726225059,,,,,,,,,,,,,,,,,,,,,,Não encontrado,,,,,,,,,,,,,,,,,,,,,,,,
Cama Box,7898742752515,,,,,,,,,,,,,,,,,,,,,,Não encontrado,,,,,,,,,,,,,,,,,,,,,,,,
Cama Box,7898749506111,,,,,,,,,,,,,,,,,,,,,,Não encontrado,,,,,,,,,,,,,,,,,,,,,,,,
Cama Box,7898910997540,,,,,,,,,,,,,,,,,,,,,,Não encontrado,,,,,,,,,,,,,,,,,,,,,,,,
Cama Box,7899000000522,,,,,,,,,,,,,,,,,,,,,,Não encontrado,,,,,,,,,,,,,,,,,,,,,,,,
Cama Box,7899000002519,,,,,,,,,,,,,,,,,,,,,,Não encontrado,,,,,,,,,,,,,,,,,,,,,,,,
Cama Box,7899076944133,,,,,,,,,,,,,,,,,,,,,,Não encontrado,,,,,,,,,,,,,,,,,,,,,,,,
Cama Box,7899108442026,,,,,,,,,,,,,,,,,,,,,,Não encontrado,,,,,,,,,,,,,,,,,,,,,,,,
Cama Box,7899108612832,,,,,,,,,,,,,,,,,,,,,,Não encontrado,,,,,,,,,,,,,,,,,,,,,,,,
Cama Box,7899108615925,,,,,,,,,,,,,,,,,,,,,,Não encontrado,,,,,,,,,,,,,,,,,,,,,,,,
Cama Box,7899108625153,,,,,,,,,,,,,,,,,,,,,,Não encontrado,,,,,,,,,,,,,,,,,,,,,,,,
Cama Box,7899108818227,,,,,,,,,,,,,,,,,,,,,,Não encontrado,,,,,,,,,,,,,,,,,,,,,,,,
Cama Box,7899108821555,,,,,,,,,,,,,,,,,,,,,,Não encontrado,,,,,,,,,,,,,,,,,,,,,,,,
Cama Box,7899108823313,,,,,,,,,,,,,,,,,,,,,,Não encontrado,,,,,,,,,,,,,,,,,,,,,,,,
Cama Box,7899108849795,,,,,,,,,,,,,,,,,,,,,,Não encontrado,,,,,,,,,,,,,,,,,,,,,,,,
Cama Box,7899108962753,,,,,,,,,,,,,,,,,,,,,,Não encontrado,,,,,,,,,,,,,,,,,,,,,,,,
Cama Box,7899108968700,,,,,,,,,,,,,,,,,,,,,,Não encontrado,,,,,,,,,,,,,,,,,,,,,,,,
Cama Box,7899108975746,,,,,,,,,,,,,,,,,,,,,,Não encontrado,,,,,,,,,,,,,,,,,,,,,,,,
Cama Box,7899108977931,,,,,,,,,,,,,,,,,,,,,,Não encontrado,,,,,,,,,,,,,,,,,,,,,,,,
Cama Box,7899108985745,,,,,,,,,,,,,,,,,,,,,,Não encontrado,,,,,,,,,,,,,,,,,,,,,,,,
Cama Box,7899108986612,,,,,,,,,,,,,,,,,,,,,,Não encontrado,,,,,,,,,,,,,,,,,,,,,,,,
Cama Box,7899108987251,,,,,,,,,,,,,,,,,,,,,,Não encontrado,,,,,,,,,,,,,,,,,,,,,,,,
Cama Box,7899108996833,,,,,,,,,,,,,,,,,,,,,,Não encontrado,,,,,,,,,,,,,,,,,,,,,,,,
Cama Box,7899108997410,,,,,,,,,,,,,,,,,,,,,,Não encontrado,,,,,,,,,,,,,,,,,,,,,,,,
Cama Box,7899164585644,,,,,,,,,,,,,,,,,,,,,,Não encontrado,,,,,,,,,,,,,,,,,,,,,,,,
Cama Box,7899180090924,,,,,,,,,,,,,,,,,,,,,,Não encontrado,,,,,,,,,,,,,,,,,,,,,,,,
Cama Box,7899180438436,,,,,,,,,,,,,,,,,,,,,,Não encontrado,,,,,,,,,,,,,,,,,,,,,,,,
Cama Box,7899180810003,,,,,,,,,,,,,,,,,,,,,,Não encontrado,,,,,,,,,,,,,,,,,,,,,,,,
Cama Box,7899180816722,,,,,,,,,,,,,,,,,,,,,,Não encontrado,,,,,,,,,,,,,,,,,,,,,,,,
Cama Box,7899180817279,,,,,,,,,,,,,,,,,,,,,,Não encontrado,,,,,,,,,,,,,,,,,,,,,,,,
Cama Box,7899180823010,,,,,,,,,,,,,,,,,,,,,,Não encontrado,,,,,,,,,,,,,,,,,,,,,,,,
Cama Box,7899180860435,,,,,,,,,,,,,,,,,,,,,,Não encontrado,,,,,,,,,,,,,,,,,,,,,,,,
Cama Box,7899180981680,,,,,,,,,,,,,,,,,,,,,,Não encontrado,,,,,,,,,,,,,,,,,,,,,,,,
Cama Box,7899180987231,,,,,,,,,,,,,,,,,,,,,,Não encontrado,,,,,,,,,,,,,,,,,,,,,,,,
Cama Box,7899180988610,,,,,,,,,,,,,,,,,,,,,,Não encontrado,,,,,,,,,,,,,,,,,,,,,,,,
Cama Box,7899180989556,,,,,,,,,,,,,,,,,,,,,,Não encontrado,,,,,,,,,,,,,,,,,,,,,,,,
Cama Box,7899180995045,,,,,,,,,,,,,,,,,,,,,,Não encontrado,,,,,,,,,,,,,,,,,,,,,,,,
Cama Box,7899180995786,,,,,,,,,,,,,,,,,,,,,,Não encontrado,,,,,,,,,,,,,,,,,,,,,,,,
Cama Box,7899285946584,,,,,,,,,,,,,,,,,,,,,,Não encontrado,,,,,,,,,,,,,,,,,,,,,,,,
Cama Box,7899285949158,,,,,,,,,,,,,,,,,,,,,,Não encontrado,,,,,,,,,,,,,,,,,,,,,,,,
Cama Box,7899285951281,,,,,,,,,,,,,,,,,,,,,,Não encontrado,,,,,,,,,,,,,,,,,,,,,,,,
Cama Box,7899285955616,,,,,,,,,,,,,,,,,,,,,,Não encontrado,,,,,,,,,,,,,,,,,,,,,,,,
Cama Box,7899285962263,,,,,,,,,,,,,,,,,,,,,,Não encontrado,,,,,,,,,,,,,,,,,,,,,,,,
Cama Box,7899285962355,,,,,,,,,,,,,,,,,,,,,,Não encontrado,,,,,,,,,,,,,,,,,,,,,,,,
Cama Box,7899285968784,,,,,,,,,,,,,,,,,,,,,,Não encontrado,,,,,,,,,,,,,,,,,,,,,,,,
Cama Box,7899285969415,,,,,,,,,,,,,,,,,,,,,,Não encontrado,,,,,,,,,,,,,,,,,,,,,,,,
Cama Box,7899285972637,,,,,,,,,,,,,,,,,,,,,,Não encontrado,,,,,,,,,,,,,,,,,,,,,,,,
Cama Box,7899285976703,,,,,,,,,,,,,,,,,,,,,,Não encontrado,,,,,,,,,,,,,,,,,,,,,,,,
Cama Box,7899285976918,,,,,,,,,,,,,,,,,,,,,,Não encontrado,,,,,,,,,,,,,,,,,,,,,,,,
Cama Box,7899285984142,,,,,,,,,,,,,,,,,,,,,,Não encontrado,,,,,,,,,,,,,,,,,,,,,,,,
Cama Box,7899285997487,,,,,,,,,,,,,,,,,,,,,,Não encontrado,,,,,,,,,,,,,,,,,,,,,,,,
Cama Box,7899341135389,,,,,,,,,,,,,,,,,,,,,,Não encontrado,,,,,,,,,,,,,,,,,,,,,,,,
Cama Box,7899390817908,,,,,,,,,,,,,,,,,,,,,,Não encontrado,,,,,,,,,,,,,,,,,,,,,,,,
Cama Box,7899467167561,,,,,,,,,,,,,,,,,,,,,,Não encontrado,,,,,,,,,,,,,,,,,,,,,,,,
Cama Box,7899486373134,,,,,,,,,,,,,,,,,,,,,,Não encontrado,,,,,,,,,,,,,,,,,,,,,,,,
Cama Box,7899660923940,,,,,,,,,,,,,,,,,,,,,,Não encontrado,,,,,,,,,,,,,,,,,,,,,,,,
Cama Box,7899852367507,,,,,,,,,,,,,,,,,,,,,,Não encontrado,,,,,,,,,,,,,,,,,,,,,,,,
Cama Box,7899852369365,,,,,,,,,,,,,,,,,,,,,,Não encontrado,,,,,,,,,,,,,,,,,,,,,,,,
Cama Box,7899852369532,,,,,,,,,,,,,,,,,,,,,,Não encontrado,,,,,,,,,,,,,,,,,,,,,,,,
Cama Box,7899852371245,,,,,,,,,,,,,,,,,,,,,,Não encontrado,,,,,,,,,,,,,,,,,,,,,,,,
Cama Box,7899852372471,,,,,,,,,,,,,,,,,,,,,,Não encontrado,,,,,,,,,,,,,,,,,,,,,,,,
Cama Box,7899852373362,,,,,,,,,,,,,,,,,,,,,,Não encontrado,,,,,,,,,,,,,,,,,,,,,,,,
Cama Box,7899852381275,,,,,,,,,,,,,,,,,,,,,,Não encontrado,,,,,,,,,,,,,,,,,,,,,,,,
Cama Box,7899852386218,,,,,,,,,,,,,,,,,,,,,,Não encontrado,,,,,,,,,,,,,,,,,,,,,,,,
Cama Box,7899986183196,,,,,,,,,,,,,,,,,,,,,,Não encontrado,,,,,,,,,,,,,,,,,,,,,,,,
Cama Box,7900288352392,,,,,,,,,,,,,,,,,,,,,,Não encontrado,,,,,,,,,,,,,,,,,,,,,,,,
Cama Box,7900288470911,,,,,,,,,,,,,,,,,,,,,,Não encontrado,,,,,,,,,,,,,,,,,,,,,,,,
Cama Box,7901034201735,,,,,,,,,,,,,,,,,,,,,,Não encontrado,,,,,,,,,,,,,,,,,,,,,,,,
Cama Box,7901034202084,,,,,,,,,,,,,,,,,,,,,,Não encontrado,,,,,,,,,,,,,,,,,,,,,,,,
Cama Box,7901046130016,,,,,,,,,,,,,,,,,,,,,,Não encontrado,,,,,,,,,,,,,,,,,,,,,,,,
Cama Box,7901112902059,,,,,,,,,,,,,,,,,,,,,,Não encontrado,,,,,,,,,,,,,,,,,,,,,,,,
Cama Box,7901112907276,,,,,,,,,,,,,,,,,,,,,,Não encontrado,,,,,,,,,,,,,,,,,,,,,,,,
Cama Box,7901112911921,,,,,,,,,,,,,,,,,,,,,,Não encontrado,,,,,,,,,,,,,,,,,,,,,,,,
Cama Box,7901112912140,,,,,,,,,,,,,,,,,,,,,,Não encontrado,,,,,,,,,,,,,,,,,,,,,,,,
Cama Box,7901112913550,,,,,,,,,,,,,,,,,,,,,,Não encontrado,,,,,,,,,,,,,,,,,,,,,,,,
Cama Box,7901112913994,,,,,,,,,,,,,,,,,,,,,,Não encontrado,,,,,,,,,,,,,,,,,,,,,,,,
Cama Box,7901188803489,,,,,,,,,,,,,,,,,,,,,,Não encontrado,,,,,,,,,,,,,,,,,,,,,,,,
Cama Box,7901188804059,,,,,,,,,,,,,,,,,,,,,,Não encontrado,,,,,,,,,,,,,,,,,,,,,,,,
Cama Box,7901198900741,,,,,,,,,,,,,,,,,,,,,,Não encontrado,,,,,,,,,,,,,,,,,,,,,,,,
Cama Box,7901198902622,,,,,,,,,,,,,,,,,,,,,,Não encontrado,,,,,,,,,,,,,,,,,,,,,,,,
Cama Box,7904883415285,,,,,,,,,,,,,,,,,,,,,,Não encontrado,,,,,,,,,,,,,,,,,,,,,,,,
Cama Box,7904883416923,,,,,,,,,,,,,,,,,,,,,,Não encontrado,,,,,,,,,,,,,,,,,,,,,,,,
Cama Box,7904883420920,,,,,,,,,,,,,,,,,,,,,,Não encontrado,,,,,,,,,,,,,,,,,,,,,,,,
Cama Box,7904883421187,,,,,,,,,,,,,,,,,,,,,,Não encontrado,,,,,,,,,,,,,,,,,,,,,,,,
Cama Box,7904883422221,,,,,,,,,,,,,,,,,,,,,,Não encontrado,,,,,,,,,,,,,,,,,,,,,,,,
Cama Box,7904883436792,,,,,,,,,,,,,,,,,,,,,,Não encontrado,,,,,,,,,,,,,,,,,,,,,,,,
Cama Box,7904883437690,,,,,,,,,,,,,,,,,,,,,,Não encontrado,,,,,,,,,,,,,,,,,,,,,,,,
Cama Box,7904883438314,,,,,,,,,,,,,,,,,,,,,,Não encontrado,,,,,,,,,,,,,,,,,,,,,,,,
Cama Box,7904883439786,,,,,,,,,,,,,,,,,,,,,,Não encontrado,,,,,,,,,,,,,,,,,,,,,,,,
Cama Box,7904883440188,,,,,,,,,,,,,,,,,,,,,,Não encontrado,,,,,,,,,,,,,,,,,,,,,,,,
Cama Box,7904883445848,,,,,,,,,,,,,,,,,,,,,,Não encontrado,,,,,,,,,,,,,,,,,,,,,,,,
Cama Box,7904883446135,,,,,,,,,,,,,,,,,,,,,,Não encontrado,,,,,,,,,,,,,,,,,,,,,,,,
Cama Box,7904883451610,,,,,,,,,,,,,,,,,,,,,,Não encontrado,,,,,,,,,,,,,,,,,,,,,,,,
Cama Box,7904883451764,,,,,,,,,,,,,,,,,,,,,,Não encontrado,,,,,,,,,,,,,,,,,,,,,,,,
Cama Box,7904883459197,,,,,,,,,,,,,,,,,,,,,,Não encontrado,,,,,,,,,,,,,,,,,,,,,,,,
Cama Box,7904883460391,,,,,,,,,,,,,,,,,,,,,,Não encontrado,,,,,,,,,,,,,,,,,,,,,,,,
Cama Box,7904883463491,,,,,,,,,,,,,,,,,,,,,,Não encontrado,,,,,,,,,,,,,,,,,,,,,,,,
Cama Box,7904883471755,,,,,,,,,,,,,,,,,,,,,,Não encontrado,,,,,,,,,,,,,,,,,,,,,,,,
Cama Box,7904883474008,,,,,,,,,,,,,,,,,,,,,,Não encontrado,,,,,,,,,,,,,,,,,,,,,,,,
Cama Box,7904883474237,,,,,,,,,,,,,,,,,,,,,,Não encontrado,,,,,,,,,,,,,,,,,,,,,,,,
Cama Box,7904883474527,,,,,,,,,,,,,,,,,,,,,,Não encontrado,,,,,,,,,,,,,,,,,,,,,,,,
Cama Box,7904883476453,,,,,,,,,,,,,,,,,,,,,,Não encontrado,,,,,,,,,,,,,,,,,,,,,,,,
Cama Box,7904883478082,,,,,,,,,,,,,,,,,,,,,,Não encontrado,,,,,,,,,,,,,,,,,,,,,,,,
Cama Box,7905103913635,,,,,,,,,,,,,,,,,,,,,,Não encontrado,,,,,,,,,,,,,,,,,,,,,,,,
Cama Box,7908569293242,,,,,,,,,,,,,,,,,,,,,,Não encontrado,,,,,,,,,,,,,,,,,,,,,,,,
Cama Box,7908645502671,,,,,,,,,,,,,,,,,,,,,,Não encontrado,,,,,,,,,,,,,,,,,,,,,,,,
Cama Box,7908645507072,,,,,,,,,,,,,,,,,,,,,,Não encontrado,,,,,,,,,,,,,,,,,,,,,,,,
Cama Box,7908645517279,,,,,,,,,,,,,,,,,,,,,,Não encontrado,,,,,,,,,,,,,,,,,,,,,,,,
Cama Box,7908645518528,,,,,,,,,,,,,,,,,,,,,,Não encontrado,,,,,,,,,,,,,,,,,,,,,,,,
Cama Box,7908645521122,,,,,,,,,,,,,,,,,,,,,,Não encontrado,,,,,,,,,,,,,,,,,,,,,,,,
Cama Box,7908645524543,,,,,,,,,,,,,,,,,,,,,,Não encontrado,,,,,,,,,,,,,,,,,,,,,,,,
Cama Box,7908748804597,,,,,,,,,,,,,,,,,,,,,,Não encontrado,,,,,,,,,,,,,,,,,,,,,,,,
Cama Box,7908801508769,,,,,,,,,,,,,,,,,,,,,,Não encontrado,,,,,,,,,,,,,,,,,,,,,,,,
Cama Box,7909285123196,,,,,,,,,,,,,,,,,,,,,,Não encontrado,,,,,,,,,,,,,,,,,,,,,,,,
Cama Box,7909285299143,,,,,,,,,,,,,,,,,,,,,,Não encontrado,,,,,,,,,,,,,,,,,,,,,,,,
Cama Box,7909285376073,,,,,,,,,,,,,,,,,,,,,,Não encontrado,,,,,,,,,,,,,,,,,,,,,,,,
Cama Box,7909285450148,,,,,,,,,,,,,,,,,,,,,,Não encontrado,,,,,,,,,,,,,,,,,,,,,,,,
Cama Box,7909285593944,,,,,,,,,,,,,,,,,,,,,,Não encontrado,,,,,,,,,,,,,,,,,,,,,,,,
Cama Box,7909903640517,,,,,,,,,,,,,,,,,,,,,,Não encontrado,,,,,,,,,,,,,,,,,,,,,,,,
Cama Box,7909903961216,,,,,,,,,,,,,,,,,,,,,,Não encontrado,,,,,,,,,,,,,,,,,,,,,,,,
Colchão,6992351569142,,,,,,,,,,,,,,,,,,,,,,Não encontrado,,,,,,,,,,,,,,,,,,,,,,,,
Colchão,7803177352803,,,,,,,,,,,,,,,,,,,,,,Não encontrado,,,,,,,,,,,,,,,,,,,,,,,,
Colchão,7808772415670,,,,,,,,,,,,,,,,,,,,,,Não encontrado,,,,,,,,,,,,,,,,,,,,,,,,
Colchão,7890010411162,,,,,,,,,,,,,,,,,,,,,,Não encontrado,,,,,,,,,,,,,,,,,,,,,,,,
Colchão,7890016401433,,,,,,,,,,,,,,,,,,,,,,Não encontrado,,,,,,,,,,,,,,,,,,,,,,,,
Colchão,7890372378967,,,,,,,,,,,,,,,,,,,,,,Não encontrado,,,,,,,,,,,,,,,,,,,,,,,,
Colchão,7890372449407,,,,,,,,,,,,,,,,,,,,,,Não encontrado,,,,,,,,,,,,,,,,,,,,,,,,
Colchão,7892190350422,,,,,,,,,,,,,,,,,,,,,,Não encontrado,,,,,,,,,,,,,,,,,,,,,,,,
Colchão,7892285106088,,,,,,,,,,,,,,,,,,,,,,Não encontrado,,,,,,,,,,,,,,,,,,,,,,,,
Colchão,7892285106200,,,,,,,,,,,,,,,,,,,,,,Não encontrado,,,,,,,,,,,,,,,,,,,,,,,,
Colchão,7892617981260,,,,,,,,,,,,,,,,,,,,,,Não encontrado,,,,,,,,,,,,,,,,,,,,,,,,
Colchão,7894883462450,,,,,,,,,,,,,,,,,,,,,,Não encontrado,,,,,,,,,,,,,,,,,,,,,,,,
Colchão,7894957006498,COL. DIAMANTE D33 138X188X25,7894957006498,,,,,,2024-10-06T22:50:47.000-03:00,2024-10-06T22:50:48.000-03:00,,,,0,0,7894957006498,Unidade,1,,,COSMOS,https://cosmos.bluesoft.com.br/products/barcode/7C6163BB68CBA3765B082953169A99C1.png,,,,,,,,,,,,,,,,,,,,,,,,,
Colchão,7894957040911,,,,,,,,,,,,,,,,,,,,,,Não encontrado,,,,,,,,,,,,,,,,,,,,,,,,
Colchão,7894957174326,,,,,,,,,,,,,,,,,,,,,,Não encontrado,,,,,,,,,,,,,,,,,,,,,,,,
Colchão,7895152806760,,,,,,,,,,,,,,,,,,,,,,Não encontrado,,,,,,,,,,,,,,,,,,,,,,,,
Colchão,7895606012952,,,,,,,,,,,,,,,,,,,,,,Não encontrado,,,,,,,,,,,,,,,,,,,,,,,,
Colchão,7895606772221,,,,,,,,,,,,,,,,,,,,,,Não encontrado,,,,,,,,,,,,,,,,,,,,,,,,
Colchão,7895606871467,,,,,,,,,,,,,,,,,,,,,,Não encontrado,,,,,,,,,,,,,,,,,,,,,,,,
Colchão,7895606926327,,,,,,,,,,,,,,,,,,,,,,Não encontrado,,,,,,,,,,,,,,,,,,,,,,,,
Colchão,7895606983580,,,,,,,,,,,,,,,,,,,,,,Não encontrado,,,,,,,,,,,,,,,,,,,,,,,,
Colchão,7895606998911,,,,,,,,,,,,,,,,,,,,,,Não encontrado,,,,,,,,,,,,,,,,,,,,,,,,
Colchão,7896506974005,,,,,,,,,,,,,,,,,,,,,,Não encontrado,,,,,,,,,,,,,,,,,,,,,,,,
Colchão,7896599544321,,,,,,,,,,,,,,,,,,,,,,Não encontrado,,,,,,,,,,,,,,,,,,,,,,,,
Colchão,7896988024786,,,,,,,,,,,,,,,,,,,,,,Não encontrado,,,,,,,,,,,,,,,,,,,,,,,,
Colchão,7896988049338,,,,,,,,,,,,,,,,,,,,,,Não encontrado,,,,,,,,,,,,,,,,,,,,,,,,
Colchão,7896988164970,,,,,,,,,,,,,,,,,,,,,,Não encontrado,,,,,,,,,,,,,,,,,,,,,,,,
Colchão,7896988167100,,,,,,,,,,,,,,,,,,,,,,Não encontrado,,,,,,,,,,,,,,,,,,,,,,,,
Colchão,7896988304758,,,,,,,,,,,,,,,,,,,,,,Não encontrado,,,,,,,,,,,,,,,,,,,,,,,,
Colchão,7896988317499,,,,,,,,,,,,,,,,,,,,,,Não encontrado,,,,,,,,,,,,,,,,,,,,,,,,
Colchão,7896988317536,COLCHAO SOLTEIRO ORTOBOM ISO 60 D28 78X188CM 1674682 CASSOL,7896988317536,,,,,,2024-06-14T11:57:09.000-03:00,2025-12-04T20:04:07.000-03:00,,,,0,0,7896988317536,Unidade,1,,,COSMOS,https://cosmos.bluesoft.com.br/products/barcode/C3EBAEE8C17113D203FAE298B58C8AE2.png,,,,,94042100,"De borracha alveolar ou de plásticos alveolares, mesmo recobertos","Móveis, mobiliário médico-cirúrgico; colchões, almofadas e semelhantes; aparelhos de iluminação não especificados nem compreendidos em outros Capítulos; anúncios, cartazes ou tabuletas e placas indicadoras luminosos, e artigos semelhantes; construções pré-fabricadas - Suportes elásticos para camas (somiês); colchões, edredões, almofadas, pufes, travesseiros e artigos semelhantes, equipados com molas ou guarnecidos interiormente de quaisquer matérias, compreendendo esses artigos de borracha ou de plásticos, alveolares, mesmo recobertos - Colchões: - De borracha alveolar ou de plásticos alveolares, mesmo recobertos",,,,,,,,,,,,,,,,,,
Colchão,7896988327764,,,,,,,,,,,,,,,,,,,,,,Não encontrado,,,,,,,,,,,,,,,,,,,,,,,,
Colchão,7896988334397,NEW FREEDOM 32X198X158,7896988334397,,,,,,2024-02-17T21:54:58.000-03:00,2024-02-17T21:54:59.000-03:00,,,,0,0,7896988334397,Unidade,1,,,COSMOS,https://cosmos.bluesoft.com.br/products/barcode/C3EBAEE8C17113D25B87D170770BBC7A.png,,,,,,,,,,,,,,,,,,,,,,,,,
Colchão,7896988380424,,,,,,,,,,,,,,,,,,,,,,Não encontrado,,,,,,,,,,,,,,,,,,,,,,,,
Colchão,7896988657267,,,,,,,,,,,,,,,,,,,,,,Não encontrado,,,,,,,,,,,,,,,,,,,,,,,,
Colchão,7896988954434,,,,,,,,,,,,,,,,,,,,,,Não encontrado,,,,,,,,,,,,,,,,,,,,,,,,
Colchão,7896988965812,,,,,,,,,,,,,,,,,,,,,,Não encontrado,,,,,,,,,,,,,,,,,,,,,,,,
Colchão,7897288897919,,,,,,,,,,,,,,,,,,,,,,Não encontrado,,,,,,,,,,,,,,,,,,,,,,,,
Colchão,7897840914672,,,,,,,,,,,,,,,,,,,,,,Não encontrado,,,,,,,,,,,,,,,,,,,,,,,,
Colchão,7897895922448,,,,,,,,,,,,,,,,,,,,,,Não encontrado,,,,,,,,,,,,,,,,,,,,,,,,
Colchão,7897895999464,,,,,,,,,,,,,,,,,,,,,,Não encontrado,,,,,,,,,,,,,,,,,,,,,,,,
Colchão,7898081914445,,,,,,,,,,,,,,,,,,,,,,Não encontrado,,,,,,,,,,,,,,,,,,,,,,,,
Colchão,7898081914858,,,,,,,,,,,,,,,,,,,,,,Não encontrado,,,,,,,,,,,,,,,,,,,,,,,,
Colchão,7898619312842,,,,,,,,,,,,,,,,,,,,,,Não encontrado,,,,,,,,,,,,,,,,,,,,,,,,
Colchão,7898619897639,,,,,,,,,,,,,,,,,,,,,,Não encontrado,,,,,,,,,,,,,,,,,,,,,,,,
Colchão,7898619904467,,,,,,,,,,,,,,,,,,,,,,Não encontrado,,,,,,,,,,,,,,,,,,,,,,,,
Colchão,7898619905389,,,,,,,,,,,,,,,,,,,,,,Não encontrado,,,,,,,,,,,,,,,,,,,,,,,,
Colchão,7898619993874,,,,,,,,,,,,,,,,,,,,,,Não encontrado,,,,,,,,,,,,,,,,,,,,,,,,
Colchão,7898763486338,,,,,,,,,,,,,,,,,,,,,,Não encontrado,,,,,,,,,,,,,,,,,,,,,,,,
Colchão,7898907856812,,,,,,,,,,,,,,,,,,,,,,Não encontrado,,,,,,,,,,,,,,,,,,,,,,,,
Colchão,7898910998455,,,,,,,,,,,,,,,,,,,,,,Não encontrado,,,,,,,,,,,,,,,,,,,,,,,,
Colchão,7899076414674,,,,,,,,,,,,,,,,,,,,,,Não encontrado,,,,,,,,,,,,,,,,,,,,,,,,
Colchão,7899076940449,,,,,,,,,,,,,,,,,,,,,,Não encontrado,,,,,,,,,,,,,,,,,,,,,,,,
Colchão,7899076944621,,,,,,,,,,,,,,,,,,,,,,Não encontrado,,,,,,,,,,,,,,,,,,,,,,,,
Colchão,7899076996811,,,,,,,,,,,,,,,,,,,,,,Não encontrado,,,,,,,,,,,,,,,,,,,,,,,,
Colchão,7899108618094,,,,,,,,,,,,,,,,,,,,,,Não encontrado,,,,,,,,,,,,,,,,,,,,,,,,
Colchão,7899108620127,,,,,,,,,,,,,,,,,,,,,,Não encontrado,,,,,,,,,,,,,,,,,,,,,,,,
Colchão,7899108813062,,,,,,,,,,,,,,,,,,,,,,Não encontrado,,,,,,,,,,,,,,,,,,,,,,,,
Colchão,7899108824365,,,,,,,,,,,,,,,,,,,,,,Não encontrado,,,,,,,,,,,,,,,,,,,,,,,,
Colchão,7899108970093,,,,,,,,,,,,,,,,,,,,,,Não encontrado,,,,,,,,,,,,,,,,,,,,,,,,
Colchão,7899108970949,,,,,,,,,,,,,,,,,,,,,,Não encontrado,,,,,,,,,,,,,,,,,,,,,,,,
Colchão,7899108982515,,,,,,,,,,,,,,,,,,,,,,Não encontrado,,,,,,,,,,,,,,,,,,,,,,,,
Colchão,7899108983796,,,,,,,,,,,,,,,,,,,,,,Não encontrado,,,,,,,,,,,,,,,,,,,,,,,,
Colchão,7899180441627,,,,,,,,,,,,,,,,,,,,,,Não encontrado,,,,,,,,,,,,,,,,,,,,,,,,
Colchão,7899180477299,,,,,,,,,,,,,,,,,,,,,,Não encontrado,,,,,,,,,,,,,,,,,,,,,,,,
Colchão,7899180823683,,,,,,,,,,,,,,,,,,,,,,Não encontrado,,,,,,,,,,,,,,,,,,,,,,,,
Colchão,7899285964137,,,,,,,,,,,,,,,,,,,,,,Não encontrado,,,,,,,,,,,,,,,,,,,,,,,,
Colchão,7899285971616,,,,,,,,,,,,,,,,,,,,,,Não encontrado,,,,,,,,,,,,,,,,,,,,,,,,
Colchão,7899285974792,,,,,,,,,,,,,,,,,,,,,,Não encontrado,,,,,,,,,,,,,,,,,,,,,,,,
Colchão,7899285982025,,,,,,,,,,,,,,,,,,,,,,Não encontrado,,,,,,,,,,,,,,,,,,,,,,,,
Colchão,7899370091410,,,,,,,,,,,,,,,,,,,,,,Não encontrado,,,,,,,,,,,,,,,,,,,,,,,,
Colchão,7899852376141,,,,,,,,,,,,,,,,,,,,,,Não encontrado,,,,,,,,,,,,,,,,,,,,,,,,
Colchão,7899852378510,,,,,,,,,,,,,,,,,,,,,,Não encontrado,,,,,,,,,,,,,,,,,,,,,,,,
Colchão,7899918757495,,,,,,,,,,,,,,,,,,,,,,Não encontrado,,,,,,,,,,,,,,,,,,,,,,,,
Colchão,7899918763816,,,,,,,,,,,,,,,,,,,,,,Não encontrado,,,,,,,,,,,,,,,,,,,,,,,,
Colchão,7899943005387,,,,,,,,,,,,,,,,,,,,,,Não encontrado,,,,,,,,,,,,,,,,,,,,,,,,
Colchão,7899943405019,,,,,,,,,,,,,,,,,,,,,,Não encontrado,,,,,,,,,,,,,,,,,,,,,,,,
Colchão,7905228187539,,,,,,,,,,,,,,,,,,,,,,Não encontrado,,,,,,,,,,,,,,,,,,,,,,,,
Colchão,7905606352054,,,,,,,,,,,,,,,,,,,,,,Não encontrado,,,,,,,,,,,,,,,,,,,,,,,,
Colchão,7905606352801,,,,,,,,,,,,,,,,,,,,,,Não encontrado,,,,,,,,,,,,,,,,,,,,,,,,
Colchão,7905606353259,,,,,,,,,,,,,,,,,,,,,,Não encontrado,,,,,,,,,,,,,,,,,,,,,,,,
Colchão,7905606360110,,,,,,,,,,,,,,,,,,,,,,Não encontrado,,,,,,,,,,,,,,,,,,,,,,,,
Colchão,7908030641121,,,,,,,,,,,,,,,,,,,,,,Não encontrado,,,,,,,,,,,,,,,,,,,,,,,,
Colchão,7908277225894,,,,,,,,,,,,,,,,,,,,,,Não encontrado,,,,,,,,,,,,,,,,,,,,,,,,
Colchão,7908355108026,,,,,,,,,,,,,,,,,,,,,,Não encontrado,,,,,,,,,,,,,,,,,,,,,,,,
Colchão,7908381008994,,,,,,,,,,,,,,,,,,,,,,Não encontrado,,,,,,,,,,,,,,,,,,,,,,,,
Colchão,7908381009144,,,,,,,,,,,,,,,,,,,,,,Não encontrado,,,,,,,,,,,,,,,,,,,,,,,,
Colchão,7908381009168,,,,,,,,,,,,,,,,,,,,,,Não encontrado,,,,,,,,,,,,,,,,,,,,,,,,
Colchão,7908381009342,,,,,,,,,,,,,,,,,,,,,,Não encontrado,,,,,,,,,,,,,,,,,,,,,,,,
Colchão,7908444810229,,,,,,,,,,,,,,,,,,,,,,Não encontrado,,,,,,,,,,,,,,,,,,,,,,,,
Colchão,7908455030692,,,,,,,,,,,,,,,,,,,,,,Não encontrado,,,,,,,,,,,,,,,,,,,,,,,,
Colchão,7908801505522,,,,,,,,,,,,,,,,,,,,,,Não encontrado,,,,,,,,,,,,,,,,,,,,,,,,
Colchão,7909103723546,,,,,,,,,,,,,,,,,,,,,,Não encontrado,,,,,,,,,,,,,,,,,,,,,,,,
Colchão,7909124161723,,,,,,,,,,,,,,,,,,,,,,Não encontrado,,,,,,,,,,,,,,,,,,,,,,,,
Colchão,7909192618372,"COLCHÃO KIEV 1,38X1,88X26",7909192618372,,,,,,2023-08-14T09:43:43.000-03:00,2023-08-14T09:43:45.000-03:00,,,,0,0,7909192618372,Unidade,1,,,COSMOS,https://cosmos.bluesoft.com.br/products/barcode/73E8722C60FEA1FE5A5C79E8267F8099.png,,,,,,,,,,,,,,,,,,,,,,,,,
Colchão,7909615129539,,,,,,,,,,,,,,,,,,,,,,Não encontrado,,,,,,,,,,,,,,,,,,,,,,,,
Colchão,7909903387900,,,,,,,,,,,,,,,,,,,,,,Não encontrado,,,,,,,,,,,,,,,,,,,,,,,,
Colchão,8418529511204,,,,,,,,,,,,,,,,,,,,,,Não encontrado,,,,,,,,,,,,,,,,,,,,,,,,
Colchão,8418529511242,,,,,,,,,,,,,,,,,,,,,,Não encontrado,,,,,,,,,,,,,,,,,,,,,,,,
Colchão,8418529511280,,,,,,,,,,,,,,,,,,,,,,Não encontrado,,,,,,,,,,,,,,,,,,,,,,,,
Freezer,6979048651748,,,,,,,,,,,,,,,,,,,,,,Não encontrado,,,,,,,,,,,,,,,,,,,,,,,,
Freezer,7891129098725,CONSUL CHB53C HORIZONTAL BRANCO,7891129098725,,,,,,2015-07-21T14:02:49.000-03:00,2026-09-11T15:51:10.000-03:00,,,,0,0,7891129098725,Unidade,1,,,COSMOS,https://cosmos.bluesoft.com.br/products/barcode/11EB7804CCDCD6959220439A974E6632.png,,https://cdn-cosmos.bluesoft.com.br/products/consul-chb53c-horizontal-branco_600x600-PU69f8_1.jpg,CONSUL,/assets/brand-placeholder-7080174fbd24025783105a607811edad.png,,,,,,,,,,,,,,,,,,,,,
Freezer,7891129235885,,,,,,,,,,,,,,,,,,,,,,Não encontrado,,,,,,,,,,,,,,,,,,,,,,,,
Freezer,7891129550605,FREEZER 228L BRASTEMP BVR28NB VERT 110V BC.,7891129550605,,,,,,2023-03-11T15:45:30.000-03:00,2026-03-15T20:01:22.000-03:00,,,,0,0,7891129550605,Unidade,1,,,COSMOS,https://cosmos.bluesoft.com.br/products/barcode/ED13B884D30600DFEEFD2349BC44B71D.png,,,,,,,,,,,,,,,,,,,,,,,,,
Freezer,7891129550643,CHA22 FREEZER 213L HORIZ CONSUL TRIBUTOS APROXIMADOS FED R 212 75 9 25 EST R 0 00 0 MUN R 0 00 0,7891129550643,,,,,,2023-03-11T15:46:15.000-03:00,2026-02-19T02:06:11.000-03:00,,,,0,0,7891129550643,Unidade,1,,,COSMOS,https://cosmos.bluesoft.com.br/products/barcode/ED13B884D30600DFCE4F6EBC8AE5DD7E.png,,,,,,,,,,,,,,,,,,,,,,,,,
Freezer,7891129550698,FREEZER HORIZONTAL CONSUL 404L CHB42FBBNA BRANCO 220V,7891129550698,,,,,,2023-03-11T15:45:51.000-03:00,2023-03-16T01:26:06.000-03:00,,,,0,0,7891129550698,Unidade,1,,,COSMOS,https://cosmos.bluesoft.com.br/products/barcode/ED13B884D30600DF9BF87CA9AE58A80D.png,,,,,,,,,,,,,,,,,,,,,,,,,
Freezer,7891129579422,FREEZER HORIZONTAL CONSUL 142L CHA14AB BRANCO 220V,7891129579422,,,,,,2024-12-21T18:45:31.000-03:00,2026-04-01T20:04:21.000-03:00,,,,0,0,7891129579422,Unidade,1,,,COSMOS,https://cosmos.bluesoft.com.br/products/barcode/ED13B884D30600DF1BE22B3DA7D2F9B5.png,,,,,,,,,,,,,,,,,,,,,,,,,
Freezer,7891129588615,,,,,,,,,,,,,,,,,,,,,,Não encontrado,,,,,,,,,,,,,,,,,,,,,,,,
Freezer,7891129588660,,,,,,,,,,,,,,,,,,,,,,Não encontrado,,,,,,,,,,,,,,,,,,,,,,,,
Freezer,7891129588684,,,,,,,,,,,,,,,,,,,,,,Não encontrado,,,,,,,,,,,,,,,,,,,,,,,,
Freezer,7891129588691,,,,,,,,,,,,,,,,,,,,,,Não encontrado,,,,,,,,,,,,,,,,,,,,,,,,
Freezer,7891129588714,,,,,,,,,,,,,,,,,,,,,,Não encontrado,,,,,,,,,,,,,,,,,,,,,,,,
Freezer,7891129595811,,,,,,,,,,,,,,,,,,,,,,Não encontrado,,,,,,,,,,,,,,,,,,,,,,,,
Freezer,7891129596047,,,,,,,,,,,,,,,,,,,,,,Não encontrado,,,,,,,,,,,,,,,,,,,,,,,,
Freezer,7891129596054,,,,,,,,,,,,,,,,,,,,,,Não encontrado,,,,,,,,,,,,,,,,,,,,,,,,
Freezer,7891129596207,,,,,,,,,,,,,,,,,,,,,,Não encontrado,,,,,,,,,,,,,,,,,,,,,,,,
Freezer,7891129596221,,,,,,,,,,,,,,,,,,,,,,Não encontrado,,,,,,,,,,,,,,,,,,,,,,,,
Freezer,7891356081699,FREEZER 201L PHILCO PFV205B VERT 220V,7891356081699,,,,,,2022-03-07T04:43:04.000-03:00,2025-09-06T19:11:51.000-03:00,,,,0,0,7891356081699,Unidade,1,,,COSMOS,https://cosmos.bluesoft.com.br/products/barcode/7273861E81AD72DA47BE3D00421B342A.png,,,,,,,,,,,,,,,,,,,,,,,,,
Freezer,7891356083624,FREEZER HORIZONTAL PFH260B 127V 56751008 BRITANIA,7891356083624,,,,,,2022-01-10T13:47:58.000-03:00,2024-11-29T15:46:37.000-03:00,,,,0,0,7891356083624,Unidade,1,,,COSMOS,https://cosmos.bluesoft.com.br/products/barcode/7273861E81AD72DADFB2C0D9CD896299.png,,,,,84184000,"Congeladores (freezers) verticais tipo armário, de capacidade não superior a 900 l","Reatores nucleares, caldeiras, máquinas, aparelhos e instrumentos mecânicos, e suas partes - Refrigeradores, congeladores (freezers) e outros materiais, máquinas e aparelhos, para a produção de frio, com equipamento elétrico ou outro; bombas de calor, excluindo as máquinas e aparelhos de ar-condicionado da posição 84.15. - Congeladores (freezers) verticais tipo armário, de capacidade não superior a 900 l",,,,,,,,,,,,,,,,,,
Freezer,7891356086991,FREEZER HORIZONTAL PFH400B 127V PHILCO,7891356086991,,,,,,2025-03-27T19:21:56.000-03:00,2025-03-27T19:21:57.000-03:00,,,,0,0,7891356086991,Unidade,1,,,COSMOS,https://cosmos.bluesoft.com.br/products/barcode/7273861E81AD72DA72F7490D10C7CA94.png,,,,,,,,,,,,,,,,,,,,,,,,,
Freezer,7891356088759,FREEZER HORIZONTAL PFH515B 127V 56751006 BRITANIA,7891356088759,,,,,,2022-01-10T13:48:00.000-03:00,2025-01-09T20:54:19.000-03:00,,,,0,0,7891356088759,Unidade,1,,,COSMOS,https://cosmos.bluesoft.com.br/products/barcode/7273861E81AD72DA262E0F802BF37199.png,,,,,84183000,"Congeladores (freezers) horizontais tipo arca, de capacidade não superior a 800 l","Reatores nucleares, caldeiras, máquinas, aparelhos e instrumentos mecânicos, e suas partes - Refrigeradores, congeladores (freezers) e outros materiais, máquinas e aparelhos, para a produção de frio, com equipamento elétrico ou outro; bombas de calor, excluindo as máquinas e aparelhos de ar-condicionado da posição 84.15. - Congeladores (freezers) horizontais tipo arca, de capacidade não superior a 800 l",,,,,,,,,,,,,,,,,,
Freezer,7891356088827,FREEZER 99L 1P HORIZ PFH105B BCO 127V PHILCO ELETRODOMESTI,7891356088827,,,,,,2023-03-12T16:18:32.000-03:00,2023-03-12T16:18:32.000-03:00,,,,0,0,7891356088827,Unidade,1,,,COSMOS,https://cosmos.bluesoft.com.br/products/barcode/7273861E81AD72DA42027BB7B0725812.png,,,,,,,,,,,,,,,,,,,,,,,,,
Freezer,7891356097126,FREEZER VERTICAL PHILCO 232L PFV300I 2 EM 1 CLAS.A INOX 110V,7891356097126,,,,,,2024-01-03T21:52:58.000-03:00,2025-09-06T19:12:19.000-03:00,,,,0,0,7891356097126,Unidade,1,,,COSMOS,https://cosmos.bluesoft.com.br/products/barcode/7273861E81AD72DAA34B195F0315B157.png,,,,,,,,,,,,,,,,,,,,,,,,,
Freezer,7891356107344,FREEZER HORIZONTAL PHILCO 290L PFH300B 127V BR,7891356107344,,,,,,2024-10-12T18:13:12.000-03:00,2024-10-12T18:13:12.000-03:00,,,,0,0,7891356107344,Unidade,1,,,COSMOS,https://cosmos.bluesoft.com.br/products/barcode/F6328E5D08A1038174C0738BB3ECE3C6.png,,,,,,,,,,,,,,,,,,,,,,,,,
Freezer,7891356126888,,,,,,,,,,,,,,,,,,,,,,Não encontrado,,,,,,,,,,,,,,,,,,,,,,,,
Freezer,7898578154811,FREEZER 150L FHZ 01 W150 BRANCO 110V,7898578154811,,,,,,2025-11-07T05:49:12.000-03:00,2025-11-07T05:49:13.000-03:00,,,,0,0,7898578154811,Unidade,1,,,COSMOS,https://cosmos.bluesoft.com.br/products/barcode/894472800AFEE0851EB05EC3B448D021.png,,,,,,,,,,,,,,,,,,,,,,,,,
Freezer,7898578154828,FREEZER 150L FHZ 01 W150 BRANCO 220V,7898578154828,,,,,,2025-11-26T20:16:27.000-03:00,2025-11-26T20:16:27.000-03:00,,,,0,0,7898578154828,Unidade,1,,,COSMOS,https://cosmos.bluesoft.com.br/products/barcode/894472800AFEE0852F22D755BD018C63.png,,,,,,,,,,,,,,,,,,,,,,,,,
Freezer,7899081701202,FREEZER HORIZONTAL ESMALTEC ECH250 CIB 214L BRANCO 220V,7899081701202,,,,,,2025-09-07T03:58:23.000-03:00,2025-09-21T09:46:22.000-03:00,,,,0,0,7899081701202,Unidade,1,,,COSMOS,https://cosmos.bluesoft.com.br/products/barcode/DCA1E860C6ACD21CF72783E6CE9EEAE7.png,,,,,,,,,,,,,,,,,,,,,,,,,
Freezer,7899908762584,METALFRIO FREEZER DA550IFT01 BRANCO BIVOLT,7899908762584,,,,,,2026-01-14T07:49:39.000-03:00,2026-02-27T09:37:27.000-03:00,,,,0,0,7899908762584,Unidade,1,,,COSMOS,https://cosmos.bluesoft.com.br/products/barcode/AE141F4AED8742176200FAED380A4DC4.png,,,,,,,,,,,,,,,,,,,,,,,,,
Freezer,7900163015442,,,,,,,,,,,,,,,,,,,,,,Não encontrado,,,,,,,,,,,,,,,,,,,,,,,,
Freezer,7900163015459,,,,,,,,,,,,,,,,,,,,,,Não encontrado,,,,,,,,,,,,,,,,,,,,,,,,
Freezer,7900163015527,,,,,,,,,,,,,,,,,,,,,,Não encontrado,,,,,,,,,,,,,,,,,,,,,,,,
Freezer,7900163015565,,,,,,,,,,,,,,,,,,,,,,Não encontrado,,,,,,,,,,,,,,,,,,,,,,,,
Freezer,7900163016432,,,,,,,,,,,,,,,,,,,,,,Não encontrado,,,,,,,,,,,,,,,,,,,,,,,,
Freezer,7900163022693,,,,,,,,,,,,,,,,,,,,,,Não encontrado,,,,,,,,,,,,,,,,,,,,,,,,
Freezer,7900163025960,,,,,,,,,,,,,,,,,,,,,,Não encontrado,,,,,,,,,,,,,,,,,,,,,,,,
Freezer,7900163026202,,,,,,,,,,,,,,,,,,,,,,Não encontrado,,,,,,,,,,,,,,,,,,,,,,,,
Freezer,7904305121046,,,,,,,,,,,,,,,,,,,,,,Não encontrado,,,,,,,,,,,,,,,,,,,,,,,,
Freezer,7908198003120,FREEZER MIDEA HORIZ CBA10P1 100L PT 127V,7908198003120,,,,,,2023-06-11T08:49:35.000-03:00,2025-01-26T14:19:13.000-03:00,,,,0,0,7908198003120,Unidade,1,,,COSMOS,https://cosmos.bluesoft.com.br/products/barcode/7558A159B066A46F87D3B0D62E837E25.png,,,,,84183000,"Congeladores (freezers) horizontais tipo arca, de capacidade não superior a 800 l","Reatores nucleares, caldeiras, máquinas, aparelhos e instrumentos mecânicos, e suas partes - Refrigeradores, congeladores (freezers) e outros materiais, máquinas e aparelhos, para a produção de frio, com equipamento elétrico ou outro; bombas de calor, excluindo as máquinas e aparelhos de ar-condicionado da posição 84.15. - Congeladores (freezers) horizontais tipo arca, de capacidade não superior a 800 l",,,,,,,,,,,,,,,,,,
Freezer,7908198022923,,,,,,,,,,,,,,,,,,,,,,Não encontrado,,,,,,,,,,,,,,,,,,,,,,,,
Freezer,7908198023463,,,,,,,,,,,,,,,,,,,,,,Não encontrado,,,,,,,,,,,,,,,,,,,,,,,,
Freezer,7908198023609,,,,,,,,,,,,,,,,,,,,,,Não encontrado,,,,,,,,,,,,,,,,,,,,,,,,
Freezer,7908786412792,,,,,,,,,,,,,,,,,,,,,,Não encontrado,,,,,,,,,,,,,,,,,,,,,,,,
Freezer,7908786412815,,,,,,,,,,,,,,,,,,,,,,Não encontrado,,,,,,,,,,,,,,,,,,,,,,,,
Freezer,7909569448755,HI330 FREEZER HORIZ 314L BR 1P INVERTE,7909569448755,,,,,,2025-09-07T17:02:16.000-03:00,2026-03-01T20:07:51.000-03:00,,,,0,0,7909569448755,Unidade,1,,,COSMOS,https://cosmos.bluesoft.com.br/products/barcode/9323792639B62A8A30BB1F7729F50BC8.png,,,,,84183000,"Congeladores (freezers) horizontais tipo arca, de capacidade não superior a 800 l","Reatores nucleares, caldeiras, máquinas, aparelhos e instrumentos mecânicos, e suas partes - Refrigeradores, congeladores (freezers) e outros materiais, máquinas e aparelhos, para a produção de frio, com equipamento elétrico ou outro; bombas de calor, excluindo as máquinas e aparelhos de ar-condicionado da posição 84.15. - Congeladores (freezers) horizontais tipo arca, de capacidade não superior a 800 l",,,,,,,,,,,,,,,,,,
Freezer,7909569448830,FREEZER BRANCO 513L 127V HI550 92047761 ELECTROLUX,7909569448830,,,,,,2025-03-28T13:37:13.000-03:00,2026-03-01T20:07:56.000-03:00,,,,0,0,7909569448830,Unidade,1,,,COSMOS,https://cosmos.bluesoft.com.br/products/barcode/9323792639B62A8A4C564C95D4F33356.png,,,,,84183000,"Congeladores (freezers) horizontais tipo arca, de capacidade não superior a 800 l","Reatores nucleares, caldeiras, máquinas, aparelhos e instrumentos mecânicos, e suas partes - Refrigeradores, congeladores (freezers) e outros materiais, máquinas e aparelhos, para a produção de frio, com equipamento elétrico ou outro; bombas de calor, excluindo as máquinas e aparelhos de ar-condicionado da posição 84.15. - Congeladores (freezers) horizontais tipo arca, de capacidade não superior a 800 l",,,,,,,,,,,,,,,,,,
Freezer,7909569449776,FREEZER VERTICAL ELECTROLUX FEI19 162 LITROS BRANCO 220V,7909569449776,,,,,,2025-09-07T16:31:10.000-03:00,2026-03-02T20:00:38.000-03:00,,,,0,0,7909569449776,Unidade,1,,,COSMOS,https://cosmos.bluesoft.com.br/products/barcode/9323792639B62A8A185E7C4A15BEE22B.png,,,,,,,,,,,,,,,,,,,,,,,,,
Freezer,7909569449790,FREEZER VERTICAL ELECTROLUX 197L FEI23 BRANCO 110V,7909569449790,,,,,,2025-09-07T16:31:23.000-03:00,2026-03-02T20:00:39.000-03:00,,,,0,0,7909569449790,Unidade,1,,,COSMOS,https://cosmos.bluesoft.com.br/products/barcode/9323792639B62A8A08E9E8C2BE8067C1.png,,,,,,,,,,,,,,,,,,,,,,,,,
Freezer,7909569449820,FREEZER VERTICAL ELECTROLUX 234L FEI27 BRANCO 110V,7909569449820,,,,,,2025-09-07T15:54:58.000-03:00,2026-03-02T20:00:42.000-03:00,,,,0,0,7909569449820,Unidade,1,,,COSMOS,https://cosmos.bluesoft.com.br/products/barcode/9323792639B62A8AEBBDD157DECBFBD8.png,,,,,,,,,,,,,,,,,,,,,,,,,
Freezer,7909569524831,,,,,,,,,,,,,,,,,,,,,,Não encontrado,,,,,,,,,,,,,,,,,,,,,,,,
Grill,0000000010658,,,,,,,,,,,,,,,,,,,,,,Não encontrado,,,,,,,,,,,,,,,,,,,,,,,,
Grill,0070341000908,GRILL PANINI 220V,70341000908,,,,,,2024-07-14T09:12:29.000-03:00,2026-09-11T15:53:49.000-03:00,,,,0,0,70341000908,Unidade,1,,,COSMOS,https://cosmos.bluesoft.com.br/products/barcode/53528B59114AA8FC4809B2C7D8A81583.png,,,,,,,,,,,,,,,,,,,,,,,,,
Grill,0127493335508,,,,,,,,,,,,,,,,,,,,,,Não encontrado,,,,,,,,,,,,,,,,,,,,,,,,
Grill,0606529712174,GRILL SANDUICHEIRA PRIME AUSTIN A5 750W A5819PR B PRETO 220 VOLTS,606529712174,,,,,,2024-09-28T10:34:50.000-03:00,2024-09-28T10:34:50.000-03:00,,,,0,0,606529712174,Unidade,1,,,COSMOS,https://cosmos.bluesoft.com.br/products/barcode/3D48EFB276466BE75BEC80F21F59F9A8.png,,,,,,,,,,,,,,,,,,,,,,,,,
Grill,0622356300704,,,,,,,,,,,,,,,,,,,,,,Não encontrado,,,,,,,,,,,,,,,,,,,,,,,,
Grill,3016661152917,GRILL/SANDUICHEIRA ARNO UNO RETANGULAR 760W - COM COLETOR DE GORDURA,3016661152917,,,,,,2020-08-08T03:12:05.000-03:00,2026-04-16T19:23:15.000-03:00,,,,0,0,3016661152917,Unidade,1,,,COSMOS,https://cosmos.bluesoft.com.br/products/barcode/7651862CFC686D312CD0DB9B2F3285BD.png,,,,,,,,,,,,,,,,,,,,,,,,,
Grill,3016661152924,SANDUICHEIRA GRILL 760W COMPACT UNO VM . 220V,3016661152924,,,,,,2020-08-08T03:11:07.000-03:00,2026-05-06T23:52:42.000-03:00,,,,0,0,3016661152924,Unidade,1,,,COSMOS,https://cosmos.bluesoft.com.br/products/barcode/7651862CFC686D31F82A8AB2AE3B022D.png,,,,,,,,,,,,,,,,,,,,,,,,,
Grill,3016661152948,GRILL 1100W DUAL GNOX INOX . 220V,3016661152948,,,,,,2020-10-14T00:41:58.000-03:00,2023-01-25T08:09:09.000-03:00,,,,0,0,3016661152948,Unidade,1,,,COSMOS,https://cosmos.bluesoft.com.br/products/barcode/7651862CFC686D319C06924CE4207178.png,,,,,,,,,,,,,,,,,,,,,,,,,
Grill,3168431162739,GRILL INOX GGRA 127V ARNO,3168431162739,,,,,,2020-11-18T18:50:34.000-03:00,2023-01-25T08:09:08.000-03:00,,,,0,0,3168431162739,Unidade,1,,,COSMOS,https://cosmos.bluesoft.com.br/products/barcode/8EB974321AA97C940A32E1E0DFD90A23.png,,,,,,,,,,,,,,,,,,,,,,,,,
Grill,7891013532335,,,,,,,,,,,,,,,,,,,,,,Não encontrado,,,,,,,,,,,,,,,,,,,,,,,,
Grill,7891116099582,GRILL ELETR. ACO INOX 127V ADJUSTA,7891116099582,,,,,,2024-10-23T18:58:11.000-03:00,2024-10-23T18:58:13.000-03:00,,,,0,0,7891116099582,Unidade,1,,,COSMOS,https://cosmos.bluesoft.com.br/products/barcode/C6CFD317BA27723E7563C4E57AB69258.png,,,,,,,,,,,,,,,,,,,,,,,,,
Grill,7891116099599,ADJUSTA GRILL 220V TRAMONTINA BY BREVILLE,7891116099599,,,,,,2016-09-08T03:38:25.000-03:00,2023-01-14T05:56:11.000-03:00,,,,0,0,7891116099599,Unidade,1,,,COSMOS,https://cosmos.bluesoft.com.br/products/barcode/C6CFD317BA27723E533055B6E6CE4DF7.png,,https://cdn-cosmos.bluesoft.com.br/products/7891116099599,,,,,,,,,,,,,,,,,,,,,,,
Grill,7891356045455,GRILL ELÉTRICO PRETA SAÚDE INOX N BRITÂNIA 127V,7891356045455,,,,,,2014-04-24T11:07:34.000-03:00,2026-07-27T00:37:29.000-03:00,,,,0,0,7891356045455,Unidade,1,,,COSMOS,https://cosmos.bluesoft.com.br/products/barcode/7273861E81AD72DAE71427D05346ACEC.png,,https://cdn-cosmos.bluesoft.com.br/products/7891356045455,BRITÂNIA,/assets/brand-placeholder-7080174fbd24025783105a607811edad.png,85166000,"Outros fornos; fogões de cozinha, fogareiros (incluindo as chapas de cocção), grelhas e assadeiras","Máquinas, aparelhos e materiais elétricos, e suas partes; aparelhos de gravação ou de reprodução de som, aparelhos de gravação ou de reprodução de imagens e de som em televisão, e suas partes e acessórios - Aquecedores elétricos de água, incluindo os de imersão; aparelhos elétricos para aquecimentodeambientes,dosoloouparausossemelhantes;aparelhos eletrotérmicos para arranjos do cabelo (por exemplo, secadores de cabelo, frisadores, aquecedores de ferros de frisar) ou para secar as mãos; ferros elétricos de passar; outros aparelhos eletrotérmicos de uso doméstico; resistências de aquecimento, exceto as da posição 85.45. - Outros fornos; fogões de cozinha, fogareiros (incluindo as chapas de cocção), grelhas e assadeiras",,,,,,,,,,,,,,,,,,
Grill,7891356053160,GRILL PHILCO LARGE,7891356053160,,,,,,2015-08-14T22:13:20.000-03:00,2026-07-27T00:37:44.000-03:00,,,,0,0,7891356053160,Unidade,1,,,COSMOS,https://cosmos.bluesoft.com.br/products/barcode/7273861E81AD72DA4C2D44243D2734D0.png,,https://cdn-cosmos.bluesoft.com.br/products/grill-philco-large_600x600-PU7ece3_1.jpg,PHILCO,/assets/brand-placeholder-7080174fbd24025783105a607811edad.png,85166000,"Outros fornos; fogões de cozinha, fogareiros (incluindo as chapas de cocção), grelhas e assadeiras","Máquinas, aparelhos e materiais elétricos, e suas partes; aparelhos de gravação ou de reprodução de som, aparelhos de gravação ou de reprodução de imagens e de som em televisão, e suas partes e acessórios - Aquecedores elétricos de água, incluindo os de imersão; aparelhos elétricos para aquecimentodeambientes,dosoloouparausossemelhantes;aparelhos eletrotérmicos para arranjos do cabelo (por exemplo, secadores de cabelo, frisadores, aquecedores de ferros de frisar) ou para secar as mãos; ferros elétricos de passar; outros aparelhos eletrotérmicos de uso doméstico; resistências de aquecimento, exceto as da posição 85.45. - Outros fornos; fogões de cozinha, fogareiros (incluindo as chapas de cocção), grelhas e assadeiras",,,,,,,,,,,,,,,,,,
Grill,7891356066658,GRILL JUMBO STEEL N 127V NOVO 054001030 BRITANIA,7891356066658,,,,,,2021-07-22T15:29:52.000-03:00,2023-04-22T14:46:10.000-03:00,,,,0,0,7891356066658,Unidade,1,,,COSMOS,https://cosmos.bluesoft.com.br/products/barcode/7273861E81AD72DA0C223DF5EACAF6BC.png,,,,,85166000,"Outros fornos; fogões de cozinha, fogareiros (incluindo as chapas de cocção), grelhas e assadeiras","Máquinas, aparelhos e materiais elétricos, e suas partes; aparelhos de gravação ou de reprodução de som, aparelhos de gravação ou de reprodução de imagens e de som em televisão, e suas partes e acessórios - Aquecedores elétricos de água, incluindo os de imersão; aparelhos elétricos para aquecimentodeambientes,dosoloouparausossemelhantes;aparelhos eletrotérmicos para arranjos do cabelo (por exemplo, secadores de cabelo, frisadores, aquecedores de ferros de frisar) ou para secar as mãos; ferros elétricos de passar; outros aparelhos eletrotérmicos de uso doméstico; resistências de aquecimento, exceto as da posição 85.45. - Outros fornos; fogões de cozinha, fogareiros (incluindo as chapas de cocção), grelhas e assadeiras",,,,,,,,,,,,,,,,,,
Grill,7891356066726,GRILL PHILCO DESTAC I 127V,7891356066726,,,,,,2020-10-14T05:50:31.000-03:00,2023-03-15T01:05:29.000-03:00,,,,0,0,7891356066726,Unidade,1,,,COSMOS,https://cosmos.bluesoft.com.br/products/barcode/7273861E81AD72DACAD28EB312AA8F7D.png,,,,,,,,,,,,,,,,,,,,,,,,,
Grill,7891356068799,GRILL BRITÂNIA BPE01 1200W - COLETOR DE GORDURA,7891356068799,,,,,,2020-09-01T14:26:00.000-03:00,2023-04-18T14:04:25.000-03:00,,,,0,0,7891356068799,Unidade,1,,,COSMOS,https://cosmos.bluesoft.com.br/products/barcode/7273861E81AD72DAA3B45A1943505F2B.png,,,,,85167990,Outros,"Máquinas, aparelhos e materiais elétricos, e suas partes; aparelhos de gravação ou de reprodução de som, aparelhos de gravação ou de reprodução de imagens e de som em televisão, e suas partes e acessórios - Aquecedores elétricos de água, incluindo os de imersão; aparelhos elétricos para aquecimentodeambientes,dosoloouparausossemelhantes;aparelhos eletrotérmicos para arranjos do cabelo (por exemplo, secadores de cabelo, frisadores, aquecedores de ferros de frisar) ou para secar as mãos; ferros elétricos de passar; outros aparelhos eletrotérmicos de uso doméstico; resistências de aquecimento, exceto as da posição 85.45. - Outros aparelhos eletrotérmicos: - Outros - Outros",,,,,,,,,,,,,,,,,,
Grill,7891356068805,SANDUICHEIRA GRILL BRITANIA BPE01 REDOND PRETO 220V,7891356068805,,,,,,2020-09-01T13:46:54.000-03:00,2024-07-04T02:33:37.000-03:00,,,,0,0,7891356068805,Unidade,1,,,COSMOS,https://cosmos.bluesoft.com.br/products/barcode/7273861E81AD72DAEFAE7B7B4C466F67.png,,,,,85166000,"Outros fornos; fogões de cozinha, fogareiros (incluindo as chapas de cocção), grelhas e assadeiras","Máquinas, aparelhos e materiais elétricos, e suas partes; aparelhos de gravação ou de reprodução de som, aparelhos de gravação ou de reprodução de imagens e de som em televisão, e suas partes e acessórios - Aquecedores elétricos de água, incluindo os de imersão; aparelhos elétricos para aquecimentodeambientes,dosoloouparausossemelhantes;aparelhos eletrotérmicos para arranjos do cabelo (por exemplo, secadores de cabelo, frisadores, aquecedores de ferros de frisar) ou para secar as mãos; ferros elétricos de passar; outros aparelhos eletrotérmicos de uso doméstico; resistências de aquecimento, exceto as da posição 85.45. - Outros fornos; fogões de cozinha, fogareiros (incluindo as chapas de cocção), grelhas e assadeiras",,,,,,,,,,,,,,,,,,
Grill,7891356068850,SANDUICHEIRA GRILL BRITANIA PRESS 180 PRETO/PRATA 110V,7891356068850,,,,,,2020-08-12T00:39:06.000-03:00,2026-07-27T00:38:17.000-03:00,,,,0,0,7891356068850,Unidade,1,,,COSMOS,https://cosmos.bluesoft.com.br/products/barcode/7273861E81AD72DAA8B7F9B3D63042CB.png,,,,,85166000,"Outros fornos; fogões de cozinha, fogareiros (incluindo as chapas de cocção), grelhas e assadeiras","Máquinas, aparelhos e materiais elétricos, e suas partes; aparelhos de gravação ou de reprodução de som, aparelhos de gravação ou de reprodução de imagens e de som em televisão, e suas partes e acessórios - Aquecedores elétricos de água, incluindo os de imersão; aparelhos elétricos para aquecimentodeambientes,dosoloouparausossemelhantes;aparelhos eletrotérmicos para arranjos do cabelo (por exemplo, secadores de cabelo, frisadores, aquecedores de ferros de frisar) ou para secar as mãos; ferros elétricos de passar; outros aparelhos eletrotérmicos de uso doméstico; resistências de aquecimento, exceto as da posição 85.45. - Outros fornos; fogões de cozinha, fogareiros (incluindo as chapas de cocção), grelhas e assadeiras",,,,,,,,,,,,,,,,,,
Grill,7891356083785,GRILL PRESS DIAMANTE PGR07P PHILCO PRETO 220V,7891356083785,,,,,,2021-01-31T11:00:27.000-03:00,2021-10-08T08:35:36.000-03:00,,,,0,0,7891356083785,Unidade,1,,,COSMOS,https://cosmos.bluesoft.com.br/products/barcode/7273861E81AD72DACB560810A15772BB.png,,,,,,,,,,,,,,,,,,,,,,,,,
Grill,7891356098123,GRILL PGR21PI 220V 56702043 BRITANIA,7891356098123,,,,,,2022-01-10T11:35:21.000-03:00,2025-09-06T19:12:23.000-03:00,,,,0,0,7891356098123,Unidade,1,,,COSMOS,https://cosmos.bluesoft.com.br/products/barcode/7273861E81AD72DA70B7F6DF2A189EF8.png,,,,,85167990,Outros,"Máquinas, aparelhos e materiais elétricos, e suas partes; aparelhos de gravação ou de reprodução de som, aparelhos de gravação ou de reprodução de imagens e de som em televisão, e suas partes e acessórios - Aquecedores elétricos de água, incluindo os de imersão; aparelhos elétricos para aquecimentodeambientes,dosoloouparausossemelhantes;aparelhos eletrotérmicos para arranjos do cabelo (por exemplo, secadores de cabelo, frisadores, aquecedores de ferros de frisar) ou para secar as mãos; ferros elétricos de passar; outros aparelhos eletrotérmicos de uso doméstico; resistências de aquecimento, exceto as da posição 85.45. - Outros aparelhos eletrotérmicos: - Outros - Outros",,,,,,,,,,,,,,,,,,
Grill,7891356098154,GRILL PHILCO PGR19PI REDSTONE PRETO/INOX 110V,7891356098154,,,,,,2023-08-20T15:09:40.000-03:00,2025-10-11T10:15:10.000-03:00,,,,0,0,7891356098154,Unidade,1,,,COSMOS,https://cosmos.bluesoft.com.br/products/barcode/7273861E81AD72DA232739B1E8549CDB.png,,,,,85166000,"Outros fornos; fogões de cozinha, fogareiros (incluindo as chapas de cocção), grelhas e assadeiras","Máquinas, aparelhos e materiais elétricos, e suas partes; aparelhos de gravação ou de reprodução de som, aparelhos de gravação ou de reprodução de imagens e de som em televisão, e suas partes e acessórios - Aquecedores elétricos de água, incluindo os de imersão; aparelhos elétricos para aquecimentodeambientes,dosoloouparausossemelhantes;aparelhos eletrotérmicos para arranjos do cabelo (por exemplo, secadores de cabelo, frisadores, aquecedores de ferros de frisar) ou para secar as mãos; ferros elétricos de passar; outros aparelhos eletrotérmicos de uso doméstico; resistências de aquecimento, exceto as da posição 85.45. - Outros fornos; fogões de cozinha, fogareiros (incluindo as chapas de cocção), grelhas e assadeiras",,,,,,,,,,,,,,,,,,
Grill,7891356098192,GRILL E SANDUICHEIRA PHILCO PGR17PI INOX 110V,7891356098192,,,,,,2023-05-06T13:42:19.000-03:00,2023-08-08T04:36:42.000-03:00,,,,0,0,7891356098192,Unidade,1,,,COSMOS,https://cosmos.bluesoft.com.br/products/barcode/7273861E81AD72DA35F894E7B9F0FD30.png,,,,,,,,,,,,,,,,,,,,,,,,,
Grill,7891356098208,GRILL E SANDUICHEIRA PHILCO PGR17PI,7891356098208,,,,,,2023-04-16T15:13:43.000-03:00,2023-04-16T15:13:44.000-03:00,,,,0,0,7891356098208,Unidade,1,,,COSMOS,https://cosmos.bluesoft.com.br/products/barcode/7273861E81AD72DA597B2AF2018DD78C.png,,,,,,,,,,,,,,,,,,,,,,,,,
Grill,7891356103537,GRILL PRESS BGR27I 127V,7891356103537,,,,,,2022-05-16T09:53:24.000-03:00,2026-08-27T10:10:46.000-03:00,,,,0,0,7891356103537,Unidade,1,,,COSMOS,https://cosmos.bluesoft.com.br/products/barcode/F6328E5D08A10381BDCB9BA2323B4842.png,,,,,85167990,Outros,"Máquinas, aparelhos e materiais elétricos, e suas partes; aparelhos de gravação ou de reprodução de som, aparelhos de gravação ou de reprodução de imagens e de som em televisão, e suas partes e acessórios - Aquecedores elétricos de água, incluindo os de imersão; aparelhos elétricos para aquecimentodeambientes,dosoloouparausossemelhantes;aparelhos eletrotérmicos para arranjos do cabelo (por exemplo, secadores de cabelo, frisadores, aquecedores de ferros de frisar) ou para secar as mãos; ferros elétricos de passar; outros aparelhos eletrotérmicos de uso doméstico; resistências de aquecimento, exceto as da posição 85.45. - Outros aparelhos eletrotérmicos: - Outros - Outros",,,,,,,,,,,,,,,,,,
Grill,7891356118166,PGR32 GRILL 2 EM 1 PHILCO TRIBUTOS APROXIMADOS FED R 20 81 9 25 EST R 0 00 0 MUN R 0 00 0,7891356118166,,,,,,2024-05-12T17:02:21.000-03:00,2026-07-20T16:23:24.000-03:00,,,,0,0,7891356118166,Unidade,1,,,COSMOS,https://cosmos.bluesoft.com.br/products/barcode/F6328E5D08A103818F3DD4A1721022DE.png,,,,,,,,,,,,,,,,,,,,,,,,,
Grill,7891356120848,GRILL BRITANIA BGR12,7891356120848,,,,,,2025-09-03T15:40:49.000-03:00,2025-09-06T19:14:10.000-03:00,,,,0,0,7891356120848,Unidade,1,,,COSMOS,https://cosmos.bluesoft.com.br/products/barcode/F6328E5D08A1038175C4B8D06502A299.png,,,,,,,,,,,,,,,,,,,,,,,,,
Grill,7891356126703,SANDUICHEIRA E GRILL BGR25B INOX 220V PRETO INOX,7891356126703,,,,,,2025-05-24T19:06:52.000-03:00,2026-08-20T18:54:02.000-03:00,,,,0,0,7891356126703,Unidade,1,,,COSMOS,https://cosmos.bluesoft.com.br/products/barcode/F6328E5D08A10381956E2C0228E4305F.png,,,,,,,,,,,,,,,,,,,,,,,,,
Grill,7891356127533,,,,,,,,,,,,,,,,,,,,,,Não encontrado,,,,,,,,,,,,,,,,,,,,,,,,
Grill,7892946455289,SANDUICHEIRA GRILL ESSENCIAL 1000W ITATIAIA INOX,7892946455289,,,,,,2025-01-09T22:22:42.000-03:00,2026-09-09T14:52:23.000-03:00,,,,0,0,7892946455289,Unidade,1,,,COSMOS,https://cosmos.bluesoft.com.br/products/barcode/83E18AA7C0E68D53983C43B4597126BC.png,,,,,,,,,,,,,,,,,,,,,,,,,
Grill,7892946455296,GRILL ESSENCIAL 1000W INOX 220V,7892946455296,,,,,,2025-01-09T22:26:57.000-03:00,2025-01-09T22:26:58.000-03:00,,,,0,0,7892946455296,Unidade,1,,,COSMOS,https://cosmos.bluesoft.com.br/products/barcode/83E18AA7C0E68D53A12B304E85A742DC.png,,,,,,,,,,,,,,,,,,,,,,,,,
Grill,7892946455357,SANDUICHEIRA ESSENCIAL 750W INOX 127V,7892946455357,,,,,,2025-01-09T22:17:19.000-03:00,2026-05-01T11:35:22.000-03:00,,,,0,0,7892946455357,Unidade,1,,,COSMOS,https://cosmos.bluesoft.com.br/products/barcode/83E18AA7C0E68D53341173E6603BC241.png,,,,,,,,,,,,,,,,,,,,,,,,,
Grill,7895277461530,,,,,,,,,,,,,,,,,,,,,,Não encontrado,,,,,,,,,,,,,,,,,,,,,,,,
Grill,7896443139727,,,,,,,,,,,,,,,,,,,,,,Não encontrado,,,,,,,,,,,,,,,,,,,,,,,,
Grill,7896475209153,CHURRASQUEIRA PANTH GRILL ELETRICA CLASSIC,7896475209153,0,0,0,,,2016-04-06T02:13:38.000-03:00,2017-04-25T23:37:35.000-03:00,,,,0,0,7896475209153,Unidade,1,,,COSMOS,https://cosmos.bluesoft.com.br/products/barcode/7F4829FA99ACD7154CA48C2D6EFB0B07.png,,,,,,,,,,,,,,,,,,,,,,,,,
Grill,7897624900044,GRILL ELÉTRICO GRELHA DE PEDRA GRANITO ÔNIX CHAPA ELÉTRICA STONE GRILL 127 VOLTS,7897624900044,23,2.5,35,,,2021-08-28T08:34:26.000-03:00,2024-10-03T15:50:06.000-03:00,,,,0,0,7897624900044,Unidade,1,,,COSMOS,https://cosmos.bluesoft.com.br/products/barcode/6CF58C409E903FF2D1371B9C32997528.png,,https://cdn-cosmos.bluesoft.com.br/products/7897624900044,FERGUS,/assets/brand-placeholder-7080174fbd24025783105a607811edad.png,,,,,,,,,,459,Utensílios de cozinha,381,,,,,,,,,
Grill,7898221459423,JOGO DE FACA GRILL,7898221459423,,,,,,2019-06-11T18:17:54.000-03:00,2026-08-02T05:11:37.000-03:00,,,,0,0,7898221459423,Unidade,1,,,COSMOS,https://cosmos.bluesoft.com.br/products/barcode/77086AD6B30ABED27B6F0CF67494FC5D.png,,https://cdn-cosmos.bluesoft.com.br/products/7898221459423,,,85166000,"Outros fornos; fogões de cozinha, fogareiros (incluindo as chapas de cocção), grelhas e assadeiras","Máquinas, aparelhos e materiais elétricos, e suas partes; aparelhos de gravação ou de reprodução de som, aparelhos de gravação ou de reprodução de imagens e de som em televisão, e suas partes e acessórios - Aquecedores elétricos de água, incluindo os de imersão; aparelhos elétricos para aquecimentodeambientes,dosoloouparausossemelhantes;aparelhos eletrotérmicos para arranjos do cabelo (por exemplo, secadores de cabelo, frisadores, aquecedores de ferros de frisar) ou para secar as mãos; ferros elétricos de passar; outros aparelhos eletrotérmicos de uso doméstico; resistências de aquecimento, exceto as da posição 85.45. - Outros fornos; fogões de cozinha, fogareiros (incluindo as chapas de cocção), grelhas e assadeiras",,17898221459420,Caixa,4,9,9,,,,,,,,,,,,
Grill,7898221459430,GRILL MULTIFUNCIONAL CADENCE 220V,7898221459430,,,,,,2018-03-20T08:54:12.000-03:00,2026-08-22T01:05:34.000-03:00,,,,0,0,7898221459430,Unidade,1,,,COSMOS,https://cosmos.bluesoft.com.br/products/barcode/77086AD6B30ABED2B7760D7736542D66.png,,https://cdn-cosmos.bluesoft.com.br/products/7898221459430,,,85167990,Outros,"Máquinas, aparelhos e materiais elétricos, e suas partes; aparelhos de gravação ou de reprodução de som, aparelhos de gravação ou de reprodução de imagens e de som em televisão, e suas partes e acessórios - Aquecedores elétricos de água, incluindo os de imersão; aparelhos elétricos para aquecimentodeambientes,dosoloouparausossemelhantes;aparelhos eletrotérmicos para arranjos do cabelo (por exemplo, secadores de cabelo, frisadores, aquecedores de ferros de frisar) ou para secar as mãos; ferros elétricos de passar; outros aparelhos eletrotérmicos de uso doméstico; resistências de aquecimento, exceto as da posição 85.45. - Outros aparelhos eletrotérmicos: - Outros - Outros",,,,,,,,,,,,,,,,,,
Grill,7898461976629,MULTI GRILL MR CHEFF AGRATTO 1500ML INOX,7898461976629,,,,,,2025-09-10T22:43:48.000-03:00,2025-09-10T22:43:49.000-03:00,,,,0,0,7898461976629,Unidade,1,,,COSMOS,https://cosmos.bluesoft.com.br/products/barcode/A4E22137D0BC449A5F89ED1FFD141E86.png,,,,,,,,,,,,,,,,,,,,,,,,,
Grill,7898490162390,GRILL MONDIAL G-07,7898490162390,,,,,,2015-07-28T17:35:56.000-03:00,2023-01-15T00:07:45.000-03:00,,,,0,0,7898490162390,Unidade,1,,,COSMOS,https://cosmos.bluesoft.com.br/products/barcode/9191C4685F121AAB734449AB52835040.png,,https://cdn-cosmos.bluesoft.com.br/products/grill-mondial-g-07_300x300-PU5bb85_1.jpg,MONDIAL,/assets/brand-placeholder-7080174fbd24025783105a607811edad.png,85166000,"Outros fornos; fogões de cozinha, fogareiros (incluindo as chapas de cocção), grelhas e assadeiras","Máquinas, aparelhos e materiais elétricos, e suas partes; aparelhos de gravação ou de reprodução de som, aparelhos de gravação ou de reprodução de imagens e de som em televisão, e suas partes e acessórios - Aquecedores elétricos de água, incluindo os de imersão; aparelhos elétricos para aquecimentodeambientes,dosoloouparausossemelhantes;aparelhos eletrotérmicos para arranjos do cabelo (por exemplo, secadores de cabelo, frisadores, aquecedores de ferros de frisar) ou para secar as mãos; ferros elétricos de passar; outros aparelhos eletrotérmicos de uso doméstico; resistências de aquecimento, exceto as da posição 85.45. - Outros fornos; fogões de cozinha, fogareiros (incluindo as chapas de cocção), grelhas e assadeiras",,,,,,,,,,,,,,,,,,
Grill,7898578151414,PRESS GRILL RED CERAMIC PG01RC 220V/60HZ .,7898578151414,,,,,,2023-03-13T07:11:51.000-03:00,2025-07-03T17:43:27.000-03:00,,,,0,0,7898578151414,Unidade,1,,,COSMOS,https://cosmos.bluesoft.com.br/products/barcode/894472800AFEE0859D42C4B20BC13793.png,,,,,,,,,,,,,,,,,,,,,,,,,
Grill,7898578151667,CHAPA DUE GRILL PREMIUM MK 1270W G10 PRETO INOX 220V,7898578151667,,,,,,2025-09-05T00:37:10.000-03:00,2025-09-05T00:37:11.000-03:00,,,,0,0,7898578151667,Unidade,1,,,COSMOS,https://cosmos.bluesoft.com.br/products/barcode/894472800AFEE0855982C316D2B69A2B.png,,,,,,,,,,,,,,,,,,,,,,,,,
Grill,7898578152633,PRESS GRILL MONDIAL 180PG02 220V,7898578152633,,,,,,2023-12-25T07:21:57.000-03:00,2026-01-14T20:02:48.000-03:00,,,,0,0,7898578152633,Unidade,1,,,COSMOS,https://cosmos.bluesoft.com.br/products/barcode/894472800AFEE085AA7AC031102323EC.png,,,,,,,,,,,,,,,,,,,,,,,,,
Grill,7898578153739,GRILL PG-01-180 MASTER PRESS DUO 127V MONDIAL,7898578153739,,,,,,2024-04-21T05:04:58.000-03:00,2024-04-21T05:05:00.000-03:00,,,,0,0,7898578153739,Unidade,1,,,COSMOS,https://cosmos.bluesoft.com.br/products/barcode/894472800AFEE08548FCCF4F19FCC9DA.png,,,,,,,,,,,,,,,,,,,,,,,,,
Grill,7898578153746,PRESS GRILL PG01180 PRETO INOX 220V,7898578153746,,,,,,2025-09-05T00:00:46.000-03:00,2025-09-05T00:00:47.000-03:00,,,,0,0,7898578153746,Unidade,1,,,COSMOS,https://cosmos.bluesoft.com.br/products/barcode/894472800AFEE08547B3A7A1DF51EC43.png,,,,,,,,,,,,,,,,,,,,,,,,,
Grill,7898589673172,SANDUICHEIRA GRILL PRESS INOX COM PLACA ANTIADERENTE 1500W 127V 2727 BEST,7898589673172,,,,,,2025-09-05T00:22:31.000-03:00,2025-09-05T00:22:32.000-03:00,,,,0,0,7898589673172,Unidade,1,,,COSMOS,https://cosmos.bluesoft.com.br/products/barcode/D49CC74383E372196292C77E32A09F14.png,,,,,,,,,,,,,,,,,,,,,,,,,
Grill,7898589673189,GRILL BEST PRESS GRILLKJ 225,7898589673189,,,,,,2024-06-30T08:33:27.000-03:00,2024-06-30T08:33:29.000-03:00,,,,0,0,7898589673189,Unidade,1,,,COSMOS,https://cosmos.bluesoft.com.br/products/barcode/D49CC74383E372198E577FA2F7C4A632.png,,,,,,,,,,,,,,,,,,,,,,,,,
Grill,7898615987761,GRILL OSTER OGRL500,7898615987761,,,,,,2021-07-11T08:47:47.000-03:00,2023-03-15T01:33:59.000-03:00,,,,0,0,7898615987761,Unidade,1,,,COSMOS,https://cosmos.bluesoft.com.br/products/barcode/D07F69E83BBBEC82036889E10E2930F8.png,,,,,,,,,,,,,,,,,,,,,,,,,
Grill,7898649372007,SAND E GRILL AMVOX AMS800 127V 1X1UN,7898649372007,,,,,,2024-06-30T08:44:14.000-03:00,2025-03-27T17:54:49.000-03:00,,,,0,0,7898649372007,Unidade,1,,,COSMOS,https://cosmos.bluesoft.com.br/products/barcode/766DA997D9EDDEB56077AB9C50778A48.png,,,,,,,,,,,,,,,,,,,,,,,,,
Grill,7898663745184,SANDUICHEIRA UNITERMI 220V PRE,7898663745184,,,,,,2025-09-05T01:58:33.000-03:00,2025-09-05T01:58:34.000-03:00,,,,0,0,7898663745184,Unidade,1,,,COSMOS,https://cosmos.bluesoft.com.br/products/barcode/8A8E38E00C0452A284DDE1F6DAA48988.png,,,,,,,,,,,,,,,,,,,,,,,,,
Grill,7898663745238,6 4 007R GRILL ELETRICO INOX 127V 12 UNITERMI,7898663745238,,,,,,2026-01-28T00:32:55.000-03:00,2026-06-20T11:43:29.000-03:00,,,,0,0,7898663745238,Unidade,1,,,COSMOS,https://cosmos.bluesoft.com.br/products/barcode/8A8E38E00C0452A25757943E427323CF.png,,,,,,,,,,,,,,,,,,,,,,,,,
Grill,7898663745245,SANDUICHEIRA GRILL ELETRICA INOX 220V 6 4 008 UNITERMI,7898663745245,,,,,,2025-09-05T02:33:08.000-03:00,2026-07-01T01:43:44.000-03:00,,,,0,0,7898663745245,Unidade,1,,,COSMOS,https://cosmos.bluesoft.com.br/products/barcode/8A8E38E00C0452A254D89B9E6F5C177A.png,,,,,,,,,,,,,,,,,,,,,,,,,
Grill,7898681496846,MINI GRILL 220V,7898681496846,,,,,,2023-11-26T06:27:11.000-03:00,2023-11-26T06:27:12.000-03:00,,,,0,0,7898681496846,Unidade,1,,,COSMOS,https://cosmos.bluesoft.com.br/products/barcode/10EFB16D00A5A253954B6D22A232CA56.png,,,,,,,,,,,,,,,,,,,,,,,,,
Grill,7898700216714,GRILL 127V GRL621 CADENCE,7898700216714,,,,,,2023-06-25T12:10:08.000-03:00,2023-06-25T12:10:08.000-03:00,,,,0,0,7898700216714,Unidade,1,,,COSMOS,https://cosmos.bluesoft.com.br/products/barcode/25C809B59EF6BCCF455AB94A5B275732.png,,https://cdn-cosmos.bluesoft.com.br/products/7898700216714,,,85166000,"Outros fornos; fogões de cozinha, fogareiros (incluindo as chapas de cocção), grelhas e assadeiras","Máquinas, aparelhos e materiais elétricos, e suas partes; aparelhos de gravação ou de reprodução de som, aparelhos de gravação ou de reprodução de imagens e de som em televisão, e suas partes e acessórios - Aquecedores elétricos de água, incluindo os de imersão; aparelhos elétricos para aquecimentodeambientes,dosoloouparausossemelhantes;aparelhos eletrotérmicos para arranjos do cabelo (por exemplo, secadores de cabelo, frisadores, aquecedores de ferros de frisar) ou para secar as mãos; ferros elétricos de passar; outros aparelhos eletrotérmicos de uso doméstico; resistências de aquecimento, exceto as da posição 85.45. - Outros fornos; fogões de cozinha, fogareiros (incluindo as chapas de cocção), grelhas e assadeiras",,,,,,,,,,,,,,,,,,
Grill,7898700216721,GRILL 220V GRL621 CADENCE,7898700216721,,,,,,2023-06-14T07:00:42.000-03:00,2025-09-10T23:19:42.000-03:00,,,,0,0,7898700216721,Unidade,1,,,COSMOS,https://cosmos.bluesoft.com.br/products/barcode/25C809B59EF6BCCF5F73DDD199F7F837.png,,,,,85166000,"Outros fornos; fogões de cozinha, fogareiros (incluindo as chapas de cocção), grelhas e assadeiras","Máquinas, aparelhos e materiais elétricos, e suas partes; aparelhos de gravação ou de reprodução de som, aparelhos de gravação ou de reprodução de imagens e de som em televisão, e suas partes e acessórios - Aquecedores elétricos de água, incluindo os de imersão; aparelhos elétricos para aquecimentodeambientes,dosoloouparausossemelhantes;aparelhos eletrotérmicos para arranjos do cabelo (por exemplo, secadores de cabelo, frisadores, aquecedores de ferros de frisar) ou para secar as mãos; ferros elétricos de passar; outros aparelhos eletrotérmicos de uso doméstico; resistências de aquecimento, exceto as da posição 85.45. - Outros fornos; fogões de cozinha, fogareiros (incluindo as chapas de cocção), grelhas e assadeiras",,,,,,,,,,,,,,,,,,
Grill,7898735584253,,,,,,,,,,,,,,,,,,,,,,Não encontrado,,,,,,,,,,,,,,,,,,,,,,,,
Grill,7898742841332,GRILL ELETRICO OSTER MULTIUSO INOX 2 EM 1 127V OGRL610-127 CADENCE,7898742841332,,,,,,2025-04-03T15:10:37.000-03:00,2026-08-18T09:51:35.000-03:00,,,,0,0,7898742841332,Unidade,1,,,COSMOS,https://cosmos.bluesoft.com.br/products/barcode/1A691C2462C40DBE388A378A5EAEE4D0.png,,https://cdn-cosmos.bluesoft.com.br/products/7898742841332,,,85166000,"Outros fornos; fogões de cozinha, fogareiros (incluindo as chapas de cocção), grelhas e assadeiras","Máquinas, aparelhos e materiais elétricos, e suas partes; aparelhos de gravação ou de reprodução de som, aparelhos de gravação ou de reprodução de imagens e de som em televisão, e suas partes e acessórios - Aquecedores elétricos de água, incluindo os de imersão; aparelhos elétricos para aquecimentodeambientes,dosoloouparausossemelhantes;aparelhos eletrotérmicos para arranjos do cabelo (por exemplo, secadores de cabelo, frisadores, aquecedores de ferros de frisar) ou para secar as mãos; ferros elétricos de passar; outros aparelhos eletrotérmicos de uso doméstico; resistências de aquecimento, exceto as da posição 85.45. - Outros fornos; fogões de cozinha, fogareiros (incluindo as chapas de cocção), grelhas e assadeiras",,,,,,,,,,,,,,,,,,
Grill,7898742841349,GRILL ELETRICO OSTER MULTIUSO INOX 2 EM 1 220V OGRL610-220 CADENCE,7898742841349,,,,,,2025-04-03T15:10:37.000-03:00,2026-04-02T11:18:21.000-03:00,,,,0,0,7898742841349,Unidade,1,,,COSMOS,https://cosmos.bluesoft.com.br/products/barcode/1A691C2462C40DBE8A8075D08E8AD73E.png,,,,,85166000,"Outros fornos; fogões de cozinha, fogareiros (incluindo as chapas de cocção), grelhas e assadeiras","Máquinas, aparelhos e materiais elétricos, e suas partes; aparelhos de gravação ou de reprodução de som, aparelhos de gravação ou de reprodução de imagens e de som em televisão, e suas partes e acessórios - Aquecedores elétricos de água, incluindo os de imersão; aparelhos elétricos para aquecimentodeambientes,dosoloouparausossemelhantes;aparelhos eletrotérmicos para arranjos do cabelo (por exemplo, secadores de cabelo, frisadores, aquecedores de ferros de frisar) ou para secar as mãos; ferros elétricos de passar; outros aparelhos eletrotérmicos de uso doméstico; resistências de aquecimento, exceto as da posição 85.45. - Outros fornos; fogões de cozinha, fogareiros (incluindo as chapas de cocção), grelhas e assadeiras",,,,,,,,,,,,,,,,,,
Grill,7898742841370,,,,,,,,,,,,,,,,,,,,,,Não encontrado,,,,,,,,,,,,,,,,,,,,,,,,
Grill,7898742841387,,,,,,,,,,,,,,,,,,,,,,Não encontrado,,,,,,,,,,,,,,,,,,,,,,,,
Grill,7898742843381,GRILL CADENCE CLICK,7898742843381,,,,,,2025-10-26T03:54:35.000-03:00,2025-11-27T06:45:08.000-03:00,,,,0,0,7898742843381,Unidade,1,,,COSMOS,https://cosmos.bluesoft.com.br/products/barcode/1A691C2462C40DBEFA94E24E09E08731.png,,,,,85166000,"Outros fornos; fogões de cozinha, fogareiros (incluindo as chapas de cocção), grelhas e assadeiras","Máquinas, aparelhos e materiais elétricos, e suas partes; aparelhos de gravação ou de reprodução de som, aparelhos de gravação ou de reprodução de imagens e de som em televisão, e suas partes e acessórios - Aquecedores elétricos de água, incluindo os de imersão; aparelhos elétricos para aquecimentodeambientes,dosoloouparausossemelhantes;aparelhos eletrotérmicos para arranjos do cabelo (por exemplo, secadores de cabelo, frisadores, aquecedores de ferros de frisar) ou para secar as mãos; ferros elétricos de passar; outros aparelhos eletrotérmicos de uso doméstico; resistências de aquecimento, exceto as da posição 85.45. - Outros fornos; fogões de cozinha, fogareiros (incluindo as chapas de cocção), grelhas e assadeiras",,,,,,,,,,,,,,,,,,
Grill,7898908868814,GRILL MONDIAL COOK & GRILL G-03,7898908868814,,,,,,2014-04-24T11:07:34.000-03:00,2026-08-03T08:08:51.000-03:00,,,,0,0,7898908868814,Unidade,1,,,COSMOS,https://cosmos.bluesoft.com.br/products/barcode/69D55A6630CF46F91A9DA40520EEFA71.png,,https://cdn-cosmos.bluesoft.com.br/products/7898908868814,MONDIAL,/assets/brand-placeholder-7080174fbd24025783105a607811edad.png,85166000,"Outros fornos; fogões de cozinha, fogareiros (incluindo as chapas de cocção), grelhas e assadeiras","Máquinas, aparelhos e materiais elétricos, e suas partes; aparelhos de gravação ou de reprodução de som, aparelhos de gravação ou de reprodução de imagens e de som em televisão, e suas partes e acessórios - Aquecedores elétricos de água, incluindo os de imersão; aparelhos elétricos para aquecimentodeambientes,dosoloouparausossemelhantes;aparelhos eletrotérmicos para arranjos do cabelo (por exemplo, secadores de cabelo, frisadores, aquecedores de ferros de frisar) ou para secar as mãos; ferros elétricos de passar; outros aparelhos eletrotérmicos de uso doméstico; resistências de aquecimento, exceto as da posição 85.45. - Outros fornos; fogões de cozinha, fogareiros (incluindo as chapas de cocção), grelhas e assadeiras",,,,,,,,,,,,,,,,,,
Grill,7899497689774,GRILL ELETRICO C/ABERTUR A 180 GRAUS 127V,7899497689774,,,,,,2024-05-02T11:35:19.000-03:00,2025-08-06T19:10:02.000-03:00,,,,0,0,7899497689774,Unidade,1,,,COSMOS,https://cosmos.bluesoft.com.br/products/barcode/A00EE114BB6B8FE5D92300F39314C78E.png,,,,,85166000,"Outros fornos; fogões de cozinha, fogareiros (incluindo as chapas de cocção), grelhas e assadeiras","Máquinas, aparelhos e materiais elétricos, e suas partes; aparelhos de gravação ou de reprodução de som, aparelhos de gravação ou de reprodução de imagens e de som em televisão, e suas partes e acessórios - Aquecedores elétricos de água, incluindo os de imersão; aparelhos elétricos para aquecimentodeambientes,dosoloouparausossemelhantes;aparelhos eletrotérmicos para arranjos do cabelo (por exemplo, secadores de cabelo, frisadores, aquecedores de ferros de frisar) ou para secar as mãos; ferros elétricos de passar; outros aparelhos eletrotérmicos de uso doméstico; resistências de aquecimento, exceto as da posição 85.45. - Outros fornos; fogões de cozinha, fogareiros (incluindo as chapas de cocção), grelhas e assadeiras",,,,,,,,,,,,,,,,,,
Grill,7899710021565,GRILL PANINI KIAN VERM 127,7899710021565,,,,,,2025-09-07T06:01:12.000-03:00,2025-09-07T06:01:13.000-03:00,,,,0,0,7899710021565,Unidade,1,,,COSMOS,https://cosmos.bluesoft.com.br/products/barcode/2DBBF78F72917F111B112D3469AEA97D.png,,,,,,,,,,,,,,,,,,,,,,,,,
Grill,7899710021572,,,,,,,,,,,,,,,,,,,,,,Não encontrado,,,,,,,,,,,,,,,,,,,,,,,,
Grill,7899838823409,MULTILASER 220VSUPER GRILL INOX VTS CE12 PRETO 220V,7899838823409,,,,,,2020-09-02T05:14:35.000-03:00,2020-10-10T10:16:25.000-03:00,,,,0,0,7899838823409,Unidade,1,,,COSMOS,https://cosmos.bluesoft.com.br/products/barcode/9D287CA8F08B71AA06D7DFD942208344.png,,,,,,,,,,,,,,,,,,,,,,,,,
Grill,7899838874104,MULTILASER MINI GRILL PANINI CE122 220V850W,7899838874104,,,,,,2021-07-16T11:05:44.000-03:00,2023-03-15T01:52:21.000-03:00,,,,0,0,7899838874104,Unidade,1,,,COSMOS,https://cosmos.bluesoft.com.br/products/barcode/9D287CA8F08B71AAC34A35E7C7F951FA.png,,,,,,,,,,,,,,,,,,,,,,,,,
Grill,7899838874111,GRILL PANINI 127V 1500W ABERT 180G CE123 MULTILASER,7899838874111,145,340,330,1000,2440,2022-05-16T10:36:01.000-03:00,2023-05-07T06:40:58.000-03:00,,,,0,0,7899838874111,Unidade,1,,,COSMOS,https://cosmos.bluesoft.com.br/products/barcode/9D287CA8F08B71AA12183D79D6EA4E95.png,,https://cdn-cosmos.bluesoft.com.br/products/7899838874111,,,85166000,"Outros fornos; fogões de cozinha, fogareiros (incluindo as chapas de cocção), grelhas e assadeiras","Máquinas, aparelhos e materiais elétricos, e suas partes; aparelhos de gravação ou de reprodução de som, aparelhos de gravação ou de reprodução de imagens e de som em televisão, e suas partes e acessórios - Aquecedores elétricos de água, incluindo os de imersão; aparelhos elétricos para aquecimentodeambientes,dosoloouparausossemelhantes;aparelhos eletrotérmicos para arranjos do cabelo (por exemplo, secadores de cabelo, frisadores, aquecedores de ferros de frisar) ou para secar as mãos; ferros elétricos de passar; outros aparelhos eletrotérmicos de uso doméstico; resistências de aquecimento, exceto as da posição 85.45. - Outros fornos; fogões de cozinha, fogareiros (incluindo as chapas de cocção), grelhas e assadeiras",,17899838874118,Caixa,3,0,0,,,,,,,,,,,,
Grill,7899838874128,GRILL CE124 PANINI 220V MULTILASER,7899838874128,,,,,,2021-09-05T09:46:41.000-03:00,2023-03-15T01:52:21.000-03:00,,,,0,0,7899838874128,Unidade,1,,,COSMOS,https://cosmos.bluesoft.com.br/products/barcode/9D287CA8F08B71AA29DF2202CDC1F865.png,,,,,85166000,"Outros fornos; fogões de cozinha, fogareiros (incluindo as chapas de cocção), grelhas e assadeiras","Máquinas, aparelhos e materiais elétricos, e suas partes; aparelhos de gravação ou de reprodução de som, aparelhos de gravação ou de reprodução de imagens e de som em televisão, e suas partes e acessórios - Aquecedores elétricos de água, incluindo os de imersão; aparelhos elétricos para aquecimentodeambientes,dosoloouparausossemelhantes;aparelhos eletrotérmicos para arranjos do cabelo (por exemplo, secadores de cabelo, frisadores, aquecedores de ferros de frisar) ou para secar as mãos; ferros elétricos de passar; outros aparelhos eletrotérmicos de uso doméstico; resistências de aquecimento, exceto as da posição 85.45. - Outros fornos; fogões de cozinha, fogareiros (incluindo as chapas de cocção), grelhas e assadeiras",,,,,,,,,,,,,,,,,,
Grill,7899864183218,,,,,,,,,,,,,,,,,,,,,,Não encontrado,,,,,,,,,,,,,,,,,,,,,,,,
Grill,7899882312935,GRILL G03 PREMIUM MONDIAL 317..,7899882312935,,,,,,2023-05-07T08:23:02.000-03:00,2023-05-07T08:23:03.000-03:00,,,,0,0,7899882312935,Unidade,1,,,COSMOS,https://cosmos.bluesoft.com.br/products/barcode/CB4AAE86613B0379788F9D8069674E32.png,,,,,,,,,,,,,,,,,,,,,,,,,
Grill,7899963920998,,,,,,,,,,,,,,,,,,,,,,Não encontrado,,,,,,,,,,,,,,,,,,,,,,,,
Grill,7899963921025,,,,,,,,,,,,,,,,,,,,,,Não encontrado,,,,,,,,,,,,,,,,,,,,,,,,
Grill,7900044550017,,,,,,,,,,,,,,,,,,,,,,Não encontrado,,,,,,,,,,,,,,,,,,,,,,,,
Grill,7900163005696,SANDUICHEIRA GRILL HQ INOX 1000W 220V,7900163005696,,,,,,2025-09-07T08:36:07.000-03:00,2025-09-07T08:36:08.000-03:00,,,,0,0,7900163005696,Unidade,1,,,COSMOS,https://cosmos.bluesoft.com.br/products/barcode/7BA31CA84B7D3720332F942B5F41553A.png,,,,,,,,,,,,,,,,,,,,,,,,,
Grill,7900363770691,,,,,,,,,,,,,,,,,,,,,,Não encontrado,,,,,,,,,,,,,,,,,,,,,,,,
Grill,7900501125062,,,,,,,,,,,,,,,,,,,,,,Não encontrado,,,,,,,,,,,,,,,,,,,,,,,,
Grill,7901026414549,,,,,,,,,,,,,,,,,,,,,,Não encontrado,,,,,,,,,,,,,,,,,,,,,,,,
Grill,7901150264447,,,,,,,,,,,,,,,,,,,,,,Não encontrado,,,,,,,,,,,,,,,,,,,,,,,,
Grill,7901300605427,,,,,,,,,,,,,,,,,,,,,,Não encontrado,,,,,,,,,,,,,,,,,,,,,,,,
Grill,7901461402002,,,,,,,,,,,,,,,,,,,,,,Não encontrado,,,,,,,,,,,,,,,,,,,,,,,,
Grill,7901769763478,,,,,,,,,,,,,,,,,,,,,,Não encontrado,,,,,,,,,,,,,,,,,,,,,,,,
Grill,7902405411302,,,,,,,,,,,,,,,,,,,,,,Não encontrado,,,,,,,,,,,,,,,,,,,,,,,,
Grill,7903488701847,,,,,,,,,,,,,,,,,,,,,,Não encontrado,,,,,,,,,,,,,,,,,,,,,,,,
Grill,7903504004044,,,,,,,,,,,,,,,,,,,,,,Não encontrado,,,,,,,,,,,,,,,,,,,,,,,,
Grill,7904054603107,,,,,,,,,,,,,,,,,,,,,,Não encontrado,,,,,,,,,,,,,,,,,,,,,,,,
Grill,7904055312060,,,,,,,,,,,,,,,,,,,,,,Não encontrado,,,,,,,,,,,,,,,,,,,,,,,,
Grill,7904215140007,,,,,,,,,,,,,,,,,,,,,,Não encontrado,,,,,,,,,,,,,,,,,,,,,,,,
Grill,7904241016437,,,,,,,,,,,,,,,,,,,,,,Não encontrado,,,,,,,,,,,,,,,,,,,,,,,,
Grill,7904654153415,,,,,,,,,,,,,,,,,,,,,,Não encontrado,,,,,,,,,,,,,,,,,,,,,,,,
Grill,7905000464452,,,,,,,,,,,,,,,,,,,,,,Não encontrado,,,,,,,,,,,,,,,,,,,,,,,,
Grill,7905001463546,,,,,,,,,,,,,,,,,,,,,,Não encontrado,,,,,,,,,,,,,,,,,,,,,,,,
Grill,7905050410645,,,,,,,,,,,,,,,,,,,,,,Não encontrado,,,,,,,,,,,,,,,,,,,,,,,,
Grill,7908216129498,,,,,,,,,,,,,,,,,,,,,,Não encontrado,,,,,,,,,,,,,,,,,,,,,,,,
Grill,7908216129511,GRILL PLUS GR02 220V AQ,7908216129511,,,,,,2025-09-07T10:44:30.000-03:00,2025-09-07T10:44:31.000-03:00,,,,0,0,7908216129511,Unidade,1,,,COSMOS,https://cosmos.bluesoft.com.br/products/barcode/5992937896AB7DCA46F3FB7B7908E660.png,,,,,,,,,,,,,,,,,,,,,,,,,
Grill,7908348212587,,,,,,,,,,,,,,,,,,,,,,Não encontrado,,,,,,,,,,,,,,,,,,,,,,,,
Grill,7908485907353,CHAPA GRILL ELETRICO BE SMART PRETO INOX 220V,7908485907353,,,,,,2025-09-07T12:34:25.000-03:00,2025-09-07T12:34:27.000-03:00,,,,0,0,7908485907353,Unidade,1,,,COSMOS,https://cosmos.bluesoft.com.br/products/barcode/AFB7F1E5D6F59962737A39123DED7DC5.png,,,,,,,,,,,,,,,,,,,,,,,,,
Grill,7909782074526,SANDUICHEIRA E GRILL BENE CASA 220V UNICO,7909782074526,0,0,0,,,2025-09-11T11:11:32.000-03:00,2026-03-26T17:16:22.000-03:00,,,,0,0,7909782074526,Unidade,1,,,COSMOS,https://cosmos.bluesoft.com.br/products/barcode/F3FB777CE4E1B30B7DE7F03C49A5B93A.png,,,,,85167990,Outros,"Máquinas, aparelhos e materiais elétricos, e suas partes; aparelhos de gravação ou de reprodução de som, aparelhos de gravação ou de reprodução de imagens e de som em televisão, e suas partes e acessórios - Aquecedores elétricos de água, incluindo os de imersão; aparelhos elétricos para aquecimentodeambientes,dosoloouparausossemelhantes;aparelhos eletrotérmicos para arranjos do cabelo (por exemplo, secadores de cabelo, frisadores, aquecedores de ferros de frisar) ou para secar as mãos; ferros elétricos de passar; outros aparelhos eletrotérmicos de uso doméstico; resistências de aquecimento, exceto as da posição 85.45. - Outros aparelhos eletrotérmicos: - Outros - Outros",,,,,,,,,,,,,,,,,,
Grill,7909782074533,SANDUICHEIRA E GRILL BENE CASA 110V UNICO,7909782074533,,,,,,2025-09-07T16:27:09.000-03:00,2026-03-26T17:36:05.000-03:00,,,,0,0,7909782074533,Unidade,1,,,COSMOS,https://cosmos.bluesoft.com.br/products/barcode/F3FB777CE4E1B30B6320F397522C5E24.png,,,,,85167990,Outros,"Máquinas, aparelhos e materiais elétricos, e suas partes; aparelhos de gravação ou de reprodução de som, aparelhos de gravação ou de reprodução de imagens e de som em televisão, e suas partes e acessórios - Aquecedores elétricos de água, incluindo os de imersão; aparelhos elétricos para aquecimentodeambientes,dosoloouparausossemelhantes;aparelhos eletrotérmicos para arranjos do cabelo (por exemplo, secadores de cabelo, frisadores, aquecedores de ferros de frisar) ou para secar as mãos; ferros elétricos de passar; outros aparelhos eletrotérmicos de uso doméstico; resistências de aquecimento, exceto as da posição 85.45. - Outros aparelhos eletrotérmicos: - Outros - Outros",,,,,,,,,,,,,,,,,,
Grill,9796171262866,,,,,,,,,,,,,,,,,,,,,,Não encontrado,,,,,,,,,,,,,,,,,,,,,,,,
Guarda-roupa,0074468856165,,,,,,,,,,,,,,,,,,,,,,Não encontrado,,,,,,,,,,,,,,,,,,,,,,,,
Guarda-roupa,0779280129021,,,,,,,,,,,,,,,,,,,,,,Não encontrado,,,,,,,,,,,,,,,,,,,,,,,,
Guarda-roupa,0779280155389,,,,,,,,,,,,,,,,,,,,,,Não encontrado,,,,,,,,,,,,,,,,,,,,,,,,
Guarda-roupa,7795794715102,,,,,,,,,,,,,,,,,,,,,,Não encontrado,,,,,,,,,,,,,,,,,,,,,,,,
Guarda-roupa,7796081751773,,,,,,,,,,,,,,,,,,,,,,Não encontrado,,,,,,,,,,,,,,,,,,,,,,,,
Guarda-roupa,7797214719721,,,,,,,,,,,,,,,,,,,,,,Não encontrado,,,,,,,,,,,,,,,,,,,,,,,,
Guarda-roupa,7800493679379,,,,,,,,,,,,,,,,,,,,,,Não encontrado,,,,,,,,,,,,,,,,,,,,,,,,
Guarda-roupa,7808086341320,,,,,,,,,,,,,,,,,,,,,,Não encontrado,,,,,,,,,,,,,,,,,,,,,,,,
Guarda-roupa,7890001542141,MUDA DE IPE BRANCO,7890001542141,,,,,,2026-02-09T10:52:18.000-03:00,2026-02-09T10:52:19.000-03:00,,,,0,0,7890001542141,Unidade,1,,,COSMOS,https://cosmos.bluesoft.com.br/products/barcode/6AEF4970EE799D8252E71AB86ADD81FE.png,,,,,,,,,,,,,,,,,,,,,,,,,
Guarda-roupa,7890001593396,,,,,,,,,,,,,,,,,,,,,,Não encontrado,,,,,,,,,,,,,,,,,,,,,,,,
Guarda-roupa,7890022069061,D205 ROUPEIRO 6P4GAV 230X262X54 HENN,7890022069061,,,,,,2024-05-05T13:45:55.000-03:00,2026-05-26T11:19:22.000-03:00,,,,0,0,7890022069061,Unidade,1,,,COSMOS,https://cosmos.bluesoft.com.br/products/barcode/139DFA597CB2A4AC0C2772FFAF13189A.png,,,,,,,,,,,,,,,,,,,,,,,,,
Guarda-roupa,7890022134165,,,,,,,,,,,,,,,,,,,,,,Não encontrado,,,,,,,,,,,,,,,,,,,,,,,,
Guarda-roupa,7890022158727,ROUPEIRO BE12-198 04 PORTAS 02 GAVETAS C/ PES JEQUITIBA BRILHO BRIZ,7890022158727,,,,,,2024-01-03T19:16:11.000-03:00,2024-01-03T19:16:12.000-03:00,,,,0,0,7890022158727,Unidade,1,,,COSMOS,https://cosmos.bluesoft.com.br/products/barcode/8C12E669E526F9AC031DD4C1FE0BC646.png,,,,,,,,,,,,,,,,,,,,,,,,,
Guarda-roupa,7890022840202,,,,,,,,,,,,,,,,,,,,,,Não encontrado,,,,,,,,,,,,,,,,,,,,,,,,
Guarda-roupa,7890253401869,,,,,,,,,,,,,,,,,,,,,,Não encontrado,,,,,,,,,,,,,,,,,,,,,,,,
Guarda-roupa,7890253403023,,,,,,,,,,,,,,,,,,,,,,Não encontrado,,,,,,,,,,,,,,,,,,,,,,,,
Guarda-roupa,7890253403047,,,,,,,,,,,,,,,,,,,,,,Não encontrado,,,,,,,,,,,,,,,,,,,,,,,,
Guarda-roupa,7890583944685,,,,,,,,,,,,,,,,,,,,,,Não encontrado,,,,,,,,,,,,,,,,,,,,,,,,
Guarda-roupa,7890583947174,,,,,,,,,,,,,,,,,,,,,,Não encontrado,,,,,,,,,,,,,,,,,,,,,,,,
Guarda-roupa,7890583969039,ROUP.NEW HONDURAS 2PT ESPELHO BRANCO,7890583969039,,,,,,2024-10-23T17:41:27.000-03:00,2024-10-23T17:41:28.000-03:00,,,,0,0,7890583969039,Unidade,1,,,COSMOS,https://cosmos.bluesoft.com.br/products/barcode/C83E14C67B6595D385D2F13AC56A58B8.png,,,,,,,,,,,,,,,,,,,,,,,,,
Guarda-roupa,7890583972435,,,,,,,,,,,,,,,,,,,,,,Não encontrado,,,,,,,,,,,,,,,,,,,,,,,,
Guarda-roupa,7890583974507,,,,,,,,,,,,,,,,,,,,,,Não encontrado,,,,,,,,,,,,,,,,,,,,,,,,
Guarda-roupa,7890888307260,,,,,,,,,,,,,,,,,,,,,,Não encontrado,,,,,,,,,,,,,,,,,,,,,,,,
Guarda-roupa,7890913756995,,,,,,,,,,,,,,,,,,,,,,Não encontrado,,,,,,,,,,,,,,,,,,,,,,,,
Guarda-roupa,7891746874252,,,,,,,,,,,,,,,,,,,,,,Não encontrado,,,,,,,,,,,,,,,,,,,,,,,,
Guarda-roupa,7891760185006,,,,,,,,,,,,,,,,,,,,,,Não encontrado,,,,,,,,,,,,,,,,,,,,,,,,
Guarda-roupa,7891760406149,,,,,,,,,,,,,,,,,,,,,,Não encontrado,,,,,,,,,,,,,,,,,,,,,,,,
Guarda-roupa,7891760416278,,,,,,,,,,,,,,,,,,,,,,Não encontrado,,,,,,,,,,,,,,,,,,,,,,,,
Guarda-roupa,7891760420169,,,,,,,,,,,,,,,,,,,,,,Não encontrado,,,,,,,,,,,,,,,,,,,,,,,,
Guarda-roupa,7891760504388,,,,,,,,,,,,,,,,,,,,,,Não encontrado,,,,,,,,,,,,,,,,,,,,,,,,
Guarda-roupa,7891760571694,,,,,,,,,,,,,,,,,,,,,,Não encontrado,,,,,,,,,,,,,,,,,,,,,,,,
Guarda-roupa,7891760668608,,,,,,,,,,,,,,,,,,,,,,Não encontrado,,,,,,,,,,,,,,,,,,,,,,,,
Guarda-roupa,7891760843968,,,,,,,,,,,,,,,,,,,,,,Não encontrado,,,,,,,,,,,,,,,,,,,,,,,,
Guarda-roupa,7891760864024,,,,,,,,,,,,,,,,,,,,,,Não encontrado,,,,,,,,,,,,,,,,,,,,,,,,
Guarda-roupa,7891760867773,,,,,,,,,,,,,,,,,,,,,,Não encontrado,,,,,,,,,,,,,,,,,,,,,,,,
Guarda-roupa,7891760884534,,,,,,,,,,,,,,,,,,,,,,Não encontrado,,,,,,,,,,,,,,,,,,,,,,,,
Guarda-roupa,7891760921659,,,,,,,,,,,,,,,,,,,,,,Não encontrado,,,,,,,,,,,,,,,,,,,,,,,,
Guarda-roupa,7891760946713,,,,,,,,,,,,,,,,,,,,,,Não encontrado,,,,,,,,,,,,,,,,,,,,,,,,
Guarda-roupa,7891760947079,,,,,,,,,,,,,,,,,,,,,,Não encontrado,,,,,,,,,,,,,,,,,,,,,,,,
Guarda-roupa,7891760947802,,,,,,,,,,,,,,,,,,,,,,Não encontrado,,,,,,,,,,,,,,,,,,,,,,,,
Guarda-roupa,7891760948649,,,,,,,,,,,,,,,,,,,,,,Não encontrado,,,,,,,,,,,,,,,,,,,,,,,,
Guarda-roupa,7891760952837,,,,,,,,,,,,,,,,,,,,,,Não encontrado,,,,,,,,,,,,,,,,,,,,,,,,
Guarda-roupa,7891760979537,,,,,,,,,,,,,,,,,,,,,,Não encontrado,,,,,,,,,,,,,,,,,,,,,,,,
Guarda-roupa,7891760986467,,,,,,,,,,,,,,,,,,,,,,Não encontrado,,,,,,,,,,,,,,,,,,,,,,,,
Guarda-roupa,7891967256370,,,,,,,,,,,,,,,,,,,,,,Não encontrado,,,,,,,,,,,,,,,,,,,,,,,,
Guarda-roupa,7891967257117,,,,,,,,,,,,,,,,,,,,,,Não encontrado,,,,,,,,,,,,,,,,,,,,,,,,
Guarda-roupa,7891967262807,,,,,,,,,,,,,,,,,,,,,,Não encontrado,,,,,,,,,,,,,,,,,,,,,,,,
Guarda-roupa,7892660441759,,,,,,,,,,,,,,,,,,,,,,Não encontrado,,,,,,,,,,,,,,,,,,,,,,,,
Guarda-roupa,7893455708682,,,,,,,,,,,,,,,,,,,,,,Não encontrado,,,,,,,,,,,,,,,,,,,,,,,,
Guarda-roupa,7893726684424,,,,,,,,,,,,,,,,,,,,,,Não encontrado,,,,,,,,,,,,,,,,,,,,,,,,
Guarda-roupa,7893762140199,,,,,,,,,,,,,,,,,,,,,,Não encontrado,,,,,,,,,,,,,,,,,,,,,,,,
Guarda-roupa,7893826104839,,,,,,,,,,,,,,,,,,,,,,Não encontrado,,,,,,,,,,,,,,,,,,,,,,,,
Guarda-roupa,7893854257408,,,,,,,,,,,,,,,,,,,,,,Não encontrado,,,,,,,,,,,,,,,,,,,,,,,,
Guarda-roupa,7893928245829,,,,,,,,,,,,,,,,,,,,,,Não encontrado,,,,,,,,,,,,,,,,,,,,,,,,
Guarda-roupa,7894903967248,,,,,,,,,,,,,,,,,,,,,,Não encontrado,,,,,,,,,,,,,,,,,,,,,,,,
Guarda-roupa,7895036448703,,,,,,,,,,,,,,,,,,,,,,Não encontrado,,,,,,,,,,,,,,,,,,,,,,,,
Guarda-roupa,7895036453127,,,,,,,,,,,,,,,,,,,,,,Não encontrado,,,,,,,,,,,,,,,,,,,,,,,,
Guarda-roupa,7895098905497,,,,,,,,,,,,,,,,,,,,,,Não encontrado,,,,,,,,,,,,,,,,,,,,,,,,
Guarda-roupa,7895183099469,,,,,,,,,,,,,,,,,,,,,,Não encontrado,,,,,,,,,,,,,,,,,,,,,,,,
Guarda-roupa,7895183427897,,,,,,,,,,,,,,,,,,,,,,Não encontrado,,,,,,,,,,,,,,,,,,,,,,,,
Guarda-roupa,7895183790052,,,,,,,,,,,,,,,,,,,,,,Não encontrado,,,,,,,,,,,,,,,,,,,,,,,,
Guarda-roupa,7896368284335,,,,,,,,,,,,,,,,,,,,,,Não encontrado,,,,,,,,,,,,,,,,,,,,,,,,
Guarda-roupa,7896460011761,,,,,,,,,,,,,,,,,,,,,,Não encontrado,,,,,,,,,,,,,,,,,,,,,,,,
Guarda-roupa,7896460011969,,,,,,,,,,,,,,,,,,,,,,Não encontrado,,,,,,,,,,,,,,,,,,,,,,,,
Guarda-roupa,7896460013109,,,,,,,,,,,,,,,,,,,,,,Não encontrado,,,,,,,,,,,,,,,,,,,,,,,,
Guarda-roupa,7896460065986,,,,,,,,,,,,,,,,,,,,,,Não encontrado,,,,,,,,,,,,,,,,,,,,,,,,
Guarda-roupa,7896614978636,,,,,,,,,,,,,,,,,,,,,,Não encontrado,,,,,,,,,,,,,,,,,,,,,,,,
Guarda-roupa,7896659170774,,,,,,,,,,,,,,,,,,,,,,Não encontrado,,,,,,,,,,,,,,,,,,,,,,,,
Guarda-roupa,7896659175342,,,,,,,,,,,,,,,,,,,,,,Não encontrado,,,,,,,,,,,,,,,,,,,,,,,,
Guarda-roupa,7896659175977,,,,,,,,,,,,,,,,,,,,,,Não encontrado,,,,,,,,,,,,,,,,,,,,,,,,
Guarda-roupa,7896659213129,,,,,,,,,,,,,,,,,,,,,,Não encontrado,,,,,,,,,,,,,,,,,,,,,,,,
Guarda-roupa,7896659989109,,,,,,,,,,,,,,,,,,,,,,Não encontrado,,,,,,,,,,,,,,,,,,,,,,,,
Guarda-roupa,7896659992918,,,,,,,,,,,,,,,,,,,,,,Não encontrado,,,,,,,,,,,,,,,,,,,,,,,,
Guarda-roupa,7896659994103,,,,,,,,,,,,,,,,,,,,,,Não encontrado,,,,,,,,,,,,,,,,,,,,,,,,
Guarda-roupa,7898184999554,,,,,,,,,,,,,,,,,,,,,,Não encontrado,,,,,,,,,,,,,,,,,,,,,,,,
Guarda-roupa,7898414098644,,,,,,,,,,,,,,,,,,,,,,Não encontrado,,,,,,,,,,,,,,,,,,,,,,,,
Guarda-roupa,7898414101467,,,,,,,,,,,,,,,,,,,,,,Não encontrado,,,,,,,,,,,,,,,,,,,,,,,,
Guarda-roupa,7898414121533,,,,,,,,,,,,,,,,,,,,,,Não encontrado,,,,,,,,,,,,,,,,,,,,,,,,
Guarda-roupa,7898463868571,,,,,,,,,,,,,,,,,,,,,,Não encontrado,,,,,,,,,,,,,,,,,,,,,,,,
Guarda-roupa,7898514913915,,,,,,,,,,,,,,,,,,,,,,Não encontrado,,,,,,,,,,,,,,,,,,,,,,,,
Guarda-roupa,7898574995852,,,,,,,,,,,,,,,,,,,,,,Não encontrado,,,,,,,,,,,,,,,,,,,,,,,,
Guarda-roupa,7898621255106,,,,,,,,,,,,,,,,,,,,,,Não encontrado,,,,,,,,,,,,,,,,,,,,,,,,
Guarda-roupa,7898713943676,,,,,,,,,,,,,,,,,,,,,,Não encontrado,,,,,,,,,,,,,,,,,,,,,,,,
Guarda-roupa,7898757597743,,,,,,,,,,,,,,,,,,,,,,Não encontrado,,,,,,,,,,,,,,,,,,,,,,,,
Guarda-roupa,7898773372829,,,,,,,,,,,,,,,,,,,,,,Não encontrado,,,,,,,,,,,,,,,,,,,,,,,,
Guarda-roupa,7898879986982,,,,,,,,,,,,,,,,,,,,,,Não encontrado,,,,,,,,,,,,,,,,,,,,,,,,
Guarda-roupa,7899390701214,,,,,,,,,,,,,,,,,,,,,,Não encontrado,,,,,,,,,,,,,,,,,,,,,,,,
Guarda-roupa,7899390833236,,,,,,,,,,,,,,,,,,,,,,Não encontrado,,,,,,,,,,,,,,,,,,,,,,,,
Guarda-roupa,7899390833434,,,,,,,,,,,,,,,,,,,,,,Não encontrado,,,,,,,,,,,,,,,,,,,,,,,,
Guarda-roupa,7899390863165,,,,,,,,,,,,,,,,,,,,,,Não encontrado,,,,,,,,,,,,,,,,,,,,,,,,
Guarda-roupa,7899581835674,,,,,,,,,,,,,,,,,,,,,,Não encontrado,,,,,,,,,,,,,,,,,,,,,,,,
Guarda-roupa,7899585143614,,,,,,,,,,,,,,,,,,,,,,Não encontrado,,,,,,,,,,,,,,,,,,,,,,,,
Guarda-roupa,7899585149920,,,,,,,,,,,,,,,,,,,,,,Não encontrado,,,,,,,,,,,,,,,,,,,,,,,,
Guarda-roupa,7899606916876,,,,,,,,,,,,,,,,,,,,,,Não encontrado,,,,,,,,,,,,,,,,,,,,,,,,
Guarda-roupa,7899630673769,,,,,,,,,,,,,,,,,,,,,,Não encontrado,,,,,,,,,,,,,,,,,,,,,,,,
Guarda-roupa,7899630674773,ROUPEIRO 2PTS DESLIZ SERENO,7899630674773,,,,,,2025-09-07T05:58:57.000-03:00,2025-09-07T05:58:58.000-03:00,,,,0,0,7899630674773,Unidade,1,,,COSMOS,https://cosmos.bluesoft.com.br/products/barcode/C8FE69C9F54C0E5016C36B36428BB6DB.png,,,,,,,,,,,,,,,,,,,,,,,,,
Guarda-roupa,7899630679648,,,,,,,,,,,,,,,,,,,,,,Não encontrado,,,,,,,,,,,,,,,,,,,,,,,,
Guarda-roupa,7899767318144,,,,,,,,,,,,,,,,,,,,,,Não encontrado,,,,,,,,,,,,,,,,,,,,,,,,
Guarda-roupa,7899800546244,ROUPEIRO 2P FLORESTA C ES 5915 CAP MEN OFFW THB,7899800546244,,,,,,2025-09-07T06:59:30.000-03:00,2025-09-07T06:59:31.000-03:00,,,,0,0,7899800546244,Unidade,1,,,COSMOS,https://cosmos.bluesoft.com.br/products/barcode/3D778DF2DFD1499A4A74AEB80599CC45.png,,,,,,,,,,,,,,,,,,,,,,,,,
Guarda-roupa,7899885090823,,,,,,,,,,,,,,,,,,,,,,Não encontrado,,,,,,,,,,,,,,,,,,,,,,,,
Guarda-roupa,7899885091646,,,,,,,,,,,,,,,,,,,,,,Não encontrado,,,,,,,,,,,,,,,,,,,,,,,,
Guarda-roupa,7899885993742,,,,,,,,,,,,,,,,,,,,,,Não encontrado,,,,,,,,,,,,,,,,,,,,,,,,
Guarda-roupa,7899940100412,,,,,,,,,,,,,,,,,,,,,,Não encontrado,,,,,,,,,,,,,,,,,,,,,,,,
Guarda-roupa,7899940501158,,,,,,,,,,,,,,,,,,,,,,Não encontrado,,,,,,,,,,,,,,,,,,,,,,,,
Guarda-roupa,7899955505875,,,,,,,,,,,,,,,,,,,,,,Não encontrado,,,,,,,,,,,,,,,,,,,,,,,,
Guarda-roupa,7899959940177,,,,,,,,,,,,,,,,,,,,,,Não encontrado,,,,,,,,,,,,,,,,,,,,,,,,
Guarda-roupa,7899959964289,,,,,,,,,,,,,,,,,,,,,,Não encontrado,,,,,,,,,,,,,,,,,,,,,,,,
Guarda-roupa,7899959970495,,,,,,,,,,,,,,,,,,,,,,Não encontrado,,,,,,,,,,,,,,,,,,,,,,,,
Guarda-roupa,7899959970624,,,,,,,,,,,,,,,,,,,,,,Não encontrado,,,,,,,,,,,,,,,,,,,,,,,,
Guarda-roupa,7899959995900,,,,,,,,,,,,,,,,,,,,,,Não encontrado,,,,,,,,,,,,,,,,,,,,,,,,
Guarda-roupa,7900288069559,,,,,,,,,,,,,,,,,,,,,,Não encontrado,,,,,,,,,,,,,,,,,,,,,,,,
Guarda-roupa,7900288072122,,,,,,,,,,,,,,,,,,,,,,Não encontrado,,,,,,,,,,,,,,,,,,,,,,,,
Guarda-roupa,7900288111173,,,,,,,,,,,,,,,,,,,,,,Não encontrado,,,,,,,,,,,,,,,,,,,,,,,,
Guarda-roupa,7900288152510,,,,,,,,,,,,,,,,,,,,,,Não encontrado,,,,,,,,,,,,,,,,,,,,,,,,
Guarda-roupa,7900288179340,,,,,,,,,,,,,,,,,,,,,,Não encontrado,,,,,,,,,,,,,,,,,,,,,,,,
Guarda-roupa,7900288192721,,,,,,,,,,,,,,,,,,,,,,Não encontrado,,,,,,,,,,,,,,,,,,,,,,,,
Guarda-roupa,7900288199423,,,,,,,,,,,,,,,,,,,,,,Não encontrado,,,,,,,,,,,,,,,,,,,,,,,,
Guarda-roupa,7900288257154,,,,,,,,,,,,,,,,,,,,,,Não encontrado,,,,,,,,,,,,,,,,,,,,,,,,
Guarda-roupa,7900288281166,,,,,,,,,,,,,,,,,,,,,,Não encontrado,,,,,,,,,,,,,,,,,,,,,,,,
Guarda-roupa,7900288290748,,,,,,,,,,,,,,,,,,,,,,Não encontrado,,,,,,,,,,,,,,,,,,,,,,,,
Guarda-roupa,7900288308740,,,,,,,,,,,,,,,,,,,,,,Não encontrado,,,,,,,,,,,,,,,,,,,,,,,,
Guarda-roupa,7900288326331,,,,,,,,,,,,,,,,,,,,,,Não encontrado,,,,,,,,,,,,,,,,,,,,,,,,
Guarda-roupa,7900288353276,,,,,,,,,,,,,,,,,,,,,,Não encontrado,,,,,,,,,,,,,,,,,,,,,,,,
Guarda-roupa,7900288394316,,,,,,,,,,,,,,,,,,,,,,Não encontrado,,,,,,,,,,,,,,,,,,,,,,,,
Guarda-roupa,7900288414069,,,,,,,,,,,,,,,,,,,,,,Não encontrado,,,,,,,,,,,,,,,,,,,,,,,,
Guarda-roupa,7900288431998,,,,,,,,,,,,,,,,,,,,,,Não encontrado,,,,,,,,,,,,,,,,,,,,,,,,
Guarda-roupa,7900288445735,,,,,,,,,,,,,,,,,,,,,,Não encontrado,,,,,,,,,,,,,,,,,,,,,,,,
Guarda-roupa,7900288461094,,,,,,,,,,,,,,,,,,,,,,Não encontrado,,,,,,,,,,,,,,,,,,,,,,,,
Guarda-roupa,7900288464330,,,,,,,,,,,,,,,,,,,,,,Não encontrado,,,,,,,,,,,,,,,,,,,,,,,,
Guarda-roupa,7901019314726,,,,,,,,,,,,,,,,,,,,,,Não encontrado,,,,,,,,,,,,,,,,,,,,,,,,
Guarda-roupa,7901019324596,,,,,,,,,,,,,,,,,,,,,,Não encontrado,,,,,,,,,,,,,,,,,,,,,,,,
Guarda-roupa,7901019325265,,,,,,,,,,,,,,,,,,,,,,Não encontrado,,,,,,,,,,,,,,,,,,,,,,,,
Guarda-roupa,7901034165549,,,,,,,,,,,,,,,,,,,,,,Não encontrado,,,,,,,,,,,,,,,,,,,,,,,,
Guarda-roupa,7901034169998,,,,,,,,,,,,,,,,,,,,,,Não encontrado,,,,,,,,,,,,,,,,,,,,,,,,
Guarda-roupa,7901034177535,,,,,,,,,,,,,,,,,,,,,,Não encontrado,,,,,,,,,,,,,,,,,,,,,,,,
Guarda-roupa,7901034177887,,,,,,,,,,,,,,,,,,,,,,Não encontrado,,,,,,,,,,,,,,,,,,,,,,,,
Guarda-roupa,7901064700369,,,,,,,,,,,,,,,,,,,,,,Não encontrado,,,,,,,,,,,,,,,,,,,,,,,,
Guarda-roupa,7901092206499,,,,,,,,,,,,,,,,,,,,,,Não encontrado,,,,,,,,,,,,,,,,,,,,,,,,
Guarda-roupa,7901092230272,,,,,,,,,,,,,,,,,,,,,,Não encontrado,,,,,,,,,,,,,,,,,,,,,,,,
Guarda-roupa,7901092243555,,,,,,,,,,,,,,,,,,,,,,Não encontrado,,,,,,,,,,,,,,,,,,,,,,,,
Guarda-roupa,7901092244903,,,,,,,,,,,,,,,,,,,,,,Não encontrado,,,,,,,,,,,,,,,,,,,,,,,,
Guarda-roupa,7901092245504,,,,,,,,,,,,,,,,,,,,,,Não encontrado,,,,,,,,,,,,,,,,,,,,,,,,
Guarda-roupa,7901092246440,,,,,,,,,,,,,,,,,,,,,,Não encontrado,,,,,,,,,,,,,,,,,,,,,,,,
Guarda-roupa,7901092248116,,,,,,,,,,,,,,,,,,,,,,Não encontrado,,,,,,,,,,,,,,,,,,,,,,,,
Guarda-roupa,7901092254377,,,,,,,,,,,,,,,,,,,,,,Não encontrado,,,,,,,,,,,,,,,,,,,,,,,,
Guarda-roupa,7901092255572,,,,,,,,,,,,,,,,,,,,,,Não encontrado,,,,,,,,,,,,,,,,,,,,,,,,
Guarda-roupa,7901092255831,,,,,,,,,,,,,,,,,,,,,,Não encontrado,,,,,,,,,,,,,,,,,,,,,,,,
Guarda-roupa,7901092259099,,,,,,,,,,,,,,,,,,,,,,Não encontrado,,,,,,,,,,,,,,,,,,,,,,,,
Guarda-roupa,7901092266578,,,,,,,,,,,,,,,,,,,,,,Não encontrado,,,,,,,,,,,,,,,,,,,,,,,,
Guarda-roupa,7901092266660,,,,,,,,,,,,,,,,,,,,,,Não encontrado,,,,,,,,,,,,,,,,,,,,,,,,
Guarda-roupa,7901092272098,,,,,,,,,,,,,,,,,,,,,,Não encontrado,,,,,,,,,,,,,,,,,,,,,,,,
Guarda-roupa,7901092272203,,,,,,,,,,,,,,,,,,,,,,Não encontrado,,,,,,,,,,,,,,,,,,,,,,,,
Guarda-roupa,7901092274528,,,,,,,,,,,,,,,,,,,,,,Não encontrado,,,,,,,,,,,,,,,,,,,,,,,,
Guarda-roupa,7908090406906,,,,,,,,,,,,,,,,,,,,,,Não encontrado,,,,,,,,,,,,,,,,,,,,,,,,
Guarda-roupa,7908241624838,,,,,,,,,,,,,,,,,,,,,,Não encontrado,,,,,,,,,,,,,,,,,,,,,,,,
Guarda-roupa,7908308798472,,,,,,,,,,,,,,,,,,,,,,Não encontrado,,,,,,,,,,,,,,,,,,,,,,,,
Guarda-roupa,7908352806727,,,,,,,,,,,,,,,,,,,,,,Não encontrado,,,,,,,,,,,,,,,,,,,,,,,,
Guarda-roupa,7908395631539,,,,,,,,,,,,,,,,,,,,,,Não encontrado,,,,,,,,,,,,,,,,,,,,,,,,
Guarda-roupa,7908485906950,,,,,,,,,,,,,,,,,,,,,,Não encontrado,,,,,,,,,,,,,,,,,,,,,,,,
Guarda-roupa,7908509322438,,,,,,,,,,,,,,,,,,,,,,Não encontrado,,,,,,,,,,,,,,,,,,,,,,,,
Guarda-roupa,7908542303227,,,,,,,,,,,,,,,,,,,,,,Não encontrado,,,,,,,,,,,,,,,,,,,,,,,,
Guarda-roupa,7908548401835,,,,,,,,,,,,,,,,,,,,,,Não encontrado,,,,,,,,,,,,,,,,,,,,,,,,
Guarda-roupa,7908567804242,,,,,,,,,,,,,,,,,,,,,,Não encontrado,,,,,,,,,,,,,,,,,,,,,,,,
Guarda-roupa,7908631639510,,,,,,,,,,,,,,,,,,,,,,Não encontrado,,,,,,,,,,,,,,,,,,,,,,,,
Guarda-roupa,7908631640530,,,,,,,,,,,,,,,,,,,,,,Não encontrado,,,,,,,,,,,,,,,,,,,,,,,,
Guarda-roupa,7908631650553,,,,,,,,,,,,,,,,,,,,,,Não encontrado,,,,,,,,,,,,,,,,,,,,,,,,
Guarda-roupa,7908631669852,,,,,,,,,,,,,,,,,,,,,,Não encontrado,,,,,,,,,,,,,,,,,,,,,,,,
Guarda-roupa,7908631674535,,,,,,,,,,,,,,,,,,,,,,Não encontrado,,,,,,,,,,,,,,,,,,,,,,,,
Guarda-roupa,7908631678540,,,,,,,,,,,,,,,,,,,,,,Não encontrado,,,,,,,,,,,,,,,,,,,,,,,,
Guarda-roupa,7908631681717,,,,,,,,,,,,,,,,,,,,,,Não encontrado,,,,,,,,,,,,,,,,,,,,,,,,
Guarda-roupa,7908673005007,GRPA LOPAS ALONZO 6PTS AMENDOA CLEAN OFF WHITE C ESP,7908673005007,,,,,,2025-09-07T14:41:42.000-03:00,2026-02-06T08:15:05.000-03:00,,,,0,0,7908673005007,Unidade,1,,,COSMOS,https://cosmos.bluesoft.com.br/products/barcode/E522572EC46D6B29B1752BCE61B46070.png,,,,,,,,,,,,,,,,,,,,,,,,,
Guarda-roupa,7908687501731,,,,,,,,,,,,,,,,,,,,,,Não encontrado,,,,,,,,,,,,,,,,,,,,,,,,
Guarda-roupa,7908687507634,,,,,,,,,,,,,,,,,,,,,,Não encontrado,,,,,,,,,,,,,,,,,,,,,,,,
Guarda-roupa,7908687508068,,,,,,,,,,,,,,,,,,,,,,Não encontrado,,,,,,,,,,,,,,,,,,,,,,,,
Guarda-roupa,7908687513130,,,,,,,,,,,,,,,,,,,,,,Não encontrado,,,,,,,,,,,,,,,,,,,,,,,,
Guarda-roupa,7908790617534,,,,,,,,,,,,,,,,,,,,,,Não encontrado,,,,,,,,,,,,,,,,,,,,,,,,
Guarda-roupa,7908791216088,,,,,,,,,,,,,,,,,,,,,,Não encontrado,,,,,,,,,,,,,,,,,,,,,,,,
Guarda-roupa,7908801519369,,,,,,,,,,,,,,,,,,,,,,Não encontrado,,,,,,,,,,,,,,,,,,,,,,,,
Guarda-roupa,7908821400814,,,,,,,,,,,,,,,,,,,,,,Não encontrado,,,,,,,,,,,,,,,,,,,,,,,,
Guarda-roupa,7908821450673,,,,,,,,,,,,,,,,,,,,,,Não encontrado,,,,,,,,,,,,,,,,,,,,,,,,
Guarda-roupa,7908858004061,,,,,,,,,,,,,,,,,,,,,,Não encontrado,,,,,,,,,,,,,,,,,,,,,,,,
Guarda-roupa,7908858007307,,,,,,,,,,,,,,,,,,,,,,Não encontrado,,,,,,,,,,,,,,,,,,,,,,,,
Guarda-roupa,7908898708905,,,,,,,,,,,,,,,,,,,,,,Não encontrado,,,,,,,,,,,,,,,,,,,,,,,,
Guarda-roupa,7908986100024,,,,,,,,,,,,,,,,,,,,,,Não encontrado,,,,,,,,,,,,,,,,,,,,,,,,
Guarda-roupa,7909192283167,ROUPEIRO 2 32 6P AB 2G CV HERVAL,7909192283167,,,,,,2025-09-07T15:08:06.000-03:00,2025-09-07T15:08:07.000-03:00,,,,0,0,7909192283167,Unidade,1,,,COSMOS,https://cosmos.bluesoft.com.br/products/barcode/CB8456AD190A2F9CA4AE17CC370F937B.png,,,,,,,,,,,,,,,,,,,,,,,,,
Guarda-roupa,7909875378142,,,,,,,,,,,,,,,,,,,,,,Não encontrado,,,,,,,,,,,,,,,,,,,,,,,,
Guarda-roupa,7909903198100,,,,,,,,,,,,,,,,,,,,,,Não encontrado,,,,,,,,,,,,,,,,,,,,,,,,
Guarda-roupa,7909903315132,,,,,,,,,,,,,,,,,,,,,,Não encontrado,,,,,,,,,,,,,,,,,,,,,,,,
Guarda-roupa,7909903453834,,,,,,,,,,,,,,,,,,,,,,Não encontrado,,,,,,,,,,,,,,,,,,,,,,,,
Guarda-roupa,7909903469736,,,,,,,,,,,,,,,,,,,,,,Não encontrado,,,,,,,,,,,,,,,,,,,,,,,,
Guarda-roupa,7909903487006,,,,,,,,,,,,,,,,,,,,,,Não encontrado,,,,,,,,,,,,,,,,,,,,,,,,
Guarda-roupa,7909903494981,,,,,,,,,,,,,,,,,,,,,,Não encontrado,,,,,,,,,,,,,,,,,,,,,,,,
Guarda-roupa,7909903531570,,,,,,,,,,,,,,,,,,,,,,Não encontrado,,,,,,,,,,,,,,,,,,,,,,,,
Guarda-roupa,7909903765722,,,,,,,,,,,,,,,,,,,,,,Não encontrado,,,,,,,,,,,,,,,,,,,,,,,,
Guarda-roupa,7909903774397,,,,,,,,,,,,,,,,,,,,,,Não encontrado,,,,,,,,,,,,,,,,,,,,,,,,
Guarda-roupa,8910029892161,,,,,,,,,,,,,,,,,,,,,,Não encontrado,,,,,,,,,,,,,,,,,,,,,,,,
Guarda-roupa,9810028714107,,,,,,,,,,,,,,,,,,,,,,Não encontrado,,,,,,,,,,,,,,,,,,,,,,,,
Guarda-roupa,9810028714251,,,,,,,,,,,,,,,,,,,,,,Não encontrado,,,,,,,,,,,,,,,,,,,,,,,,
Guarda-roupa,9810028714664,,,,,,,,,,,,,,,,,,,,,,Não encontrado,,,,,,,,,,,,,,,,,,,,,,,,
Guarda-roupa,9810028714855,,,,,,,,,,,,,,,,,,,,,,Não encontrado,,,,,,,,,,,,,,,,,,,,,,,,
Lava e Seca,6901101835499,,,,,,,,,,,,,,,,,,,,,,Não encontrado,,,,,,,,,,,,,,,,,,,,,,,,
Lava e Seca,6901101838032,,,,,,,,,,,,,,,,,,,,,,Não encontrado,,,,,,,,,,,,,,,,,,,,,,,,
Lava e Seca,6921081520758,,,,,,,,,,,,,,,,,,,,,,Não encontrado,,,,,,,,,,,,,,,,,,,,,,,,
Lava e Seca,6921081520796,,,,,,,,,,,,,,,,,,,,,,Não encontrado,,,,,,,,,,,,,,,,,,,,,,,,
Lava e Seca,6921081520802,,,,,,,,,,,,,,,,,,,,,,Não encontrado,,,,,,,,,,,,,,,,,,,,,,,,
Lava e Seca,6921081520819,,,,,,,,,,,,,,,,,,,,,,Não encontrado,,,,,,,,,,,,,,,,,,,,,,,,
Lava e Seca,6921081520826,,,,,,,,,,,,,,,,,,,,,,Não encontrado,,,,,,,,,,,,,,,,,,,,,,,,
Lava e Seca,7891129499263,L/S 10KG BRASTEMP BNQ10AB 127V BC,7891129499263,,,,,,2021-07-29T20:03:10.000-03:00,2023-03-15T01:28:25.000-03:00,,,,0,0,7891129499263,Unidade,1,,,COSMOS,https://cosmos.bluesoft.com.br/products/barcode/2D8FF5D4D839BE2756428D1827BB46D7.png,,,,,,,,,,,,,,,,,,,,,,,,,
Lava e Seca,7891129554344,LAVA E SECA BRASTEMP BNC10AB 10KG BRANCO 110V,7891129554344,,,,,,2023-12-03T15:32:55.000-03:00,2023-12-03T15:32:57.000-03:00,,,,0,0,7891129554344,Unidade,1,,,COSMOS,https://cosmos.bluesoft.com.br/products/barcode/ED13B884D30600DFBAD9D81DAC99B70E.png,,,,,,,,,,,,,,,,,,,,,,,,,
Lava e Seca,7891129607422,,,,,,,,,,,,,,,,,,,,,,Não encontrado,,,,,,,,,,,,,,,,,,,,,,,,
Lava e Seca,7891129607439,,,,,,,,,,,,,,,,,,,,,,Não encontrado,,,,,,,,,,,,,,,,,,,,,,,,
Lava e Seca,7891129607460,,,,,,,,,,,,,,,,,,,,,,Não encontrado,,,,,,,,,,,,,,,,,,,,,,,,
Lava e Seca,7891356087080,PLS11 LAVA E SECA 10KG PHILCO TRIBUTOS APROXIMADOS FED R 310 23 9 25 EST R 0 00 0 MUN R 0 00 0,7891356087080,,,,,,2023-07-22T15:08:44.000-03:00,2023-07-22T15:08:45.000-03:00,,,,0,0,7891356087080,Unidade,1,,,COSMOS,https://cosmos.bluesoft.com.br/products/barcode/7273861E81AD72DAC155EBD1BCD15A5D.png,,,,,,,,,,,,,,,,,,,,,,,,,
Lava e Seca,7891356121197,LAVADORA E SEC PHILCO 11KG PLS11A BRANCA 220V,7891356121197,,,,,,2025-05-24T19:06:49.000-03:00,2025-05-24T19:06:50.000-03:00,,,,0,0,7891356121197,Unidade,1,,,COSMOS,https://cosmos.bluesoft.com.br/products/barcode/F6328E5D08A103813AD4D03691E7905C.png,,,,,,,,,,,,,,,,,,,,,,,,,
Lava e Seca,7891356127069,,,,,,,,,,,,,,,,,,,,,,Não encontrado,,,,,,,,,,,,,,,,,,,,,,,,
Lava e Seca,7891585063183,,,,,,,,,,,,,,,,,,,,,,Não encontrado,,,,,,,,,,,,,,,,,,,,,,,,
Lava e Seca,7892132364722,,,,,,,,,,,,,,,,,,,,,,Não encontrado,,,,,,,,,,,,,,,,,,,,,,,,
Lava e Seca,7896067299180,,,,,,,,,,,,,,,,,,,,,,Não encontrado,,,,,,,,,,,,,,,,,,,,,,,,
Lava e Seca,7908198005162,LAVA SECA CINZA 13KG 127V MF200D130WB-GK-01 MIDEA,7908198005162,,,,,,2023-06-26T16:32:20.000-03:00,2026-02-22T20:02:06.000-03:00,,,,0,0,7908198005162,Unidade,1,,,COSMOS,https://cosmos.bluesoft.com.br/products/barcode/7558A159B066A46F0EDEB813230C4615.png,,,,,84502020,"Outras máquinas, de capacidade não superior a 18 kg","Reatores nucleares, caldeiras, máquinas, aparelhos e instrumentos mecânicos, e suas partes - Máquinas de lavar roupa, mesmo com dispositivos de secagem - Máquinas de capacidade superior a 10kg, em peso de roupa seca - Outras máquinas, de capacidade não superior a 18 kg",,,,,,,,,,,,,,,,,,
Lava e Seca,7908198006176,LAVA SECA BRANCO 11KG 127V M01 MFM01D110WB-WKBR04 MIDEA,7908198006176,,,,,,2024-08-12T09:06:18.000-03:00,2024-08-12T09:06:19.000-03:00,,,,0,0,7908198006176,Unidade,1,,,COSMOS,https://cosmos.bluesoft.com.br/products/barcode/7558A159B066A46F0B566887B7E7C8FE.png,,,,,84502020,"Outras máquinas, de capacidade não superior a 18 kg","Reatores nucleares, caldeiras, máquinas, aparelhos e instrumentos mecânicos, e suas partes - Máquinas de lavar roupa, mesmo com dispositivos de secagem - Máquinas de capacidade superior a 10kg, em peso de roupa seca - Outras máquinas, de capacidade não superior a 18 kg",,,,,,,,,,,,,,,,,,
Lava e Seca,7908198015956,LAVA SECA MIDEA 11KG 127V MF201D110WB-WK-01 MIDEA,7908198015956,,,,,,2025-08-31T05:29:25.000-03:00,2026-02-22T20:02:11.000-03:00,,,,0,0,7908198015956,Unidade,1,,,COSMOS,https://cosmos.bluesoft.com.br/products/barcode/7558A159B066A46FD77820FAECE21DBA.png,,,,,84502020,"Outras máquinas, de capacidade não superior a 18 kg","Reatores nucleares, caldeiras, máquinas, aparelhos e instrumentos mecânicos, e suas partes - Máquinas de lavar roupa, mesmo com dispositivos de secagem - Máquinas de capacidade superior a 10kg, em peso de roupa seca - Outras máquinas, de capacidade não superior a 18 kg",,,,,,,,,,,,,,,,,,
Lava e Seca,7908198022602,,,,,,,,,,,,,,,,,,,,,,Não encontrado,,,,,,,,,,,,,,,,,,,,,,,,
Lava e Seca,7908198023395,,,,,,,,,,,,,,,,,,,,,,Não encontrado,,,,,,,,,,,,,,,,,,,,,,,,
Lava e Seca,7908198023777,,,,,,,,,,,,,,,,,,,,,,Não encontrado,,,,,,,,,,,,,,,,,,,,,,,,
Lava e Seca,7908198023791,,,,,,,,,,,,,,,,,,,,,,Não encontrado,,,,,,,,,,,,,,,,,,,,,,,,
Lava e Seca,7908198025191,,,,,,,,,,,,,,,,,,,,,,Não encontrado,,,,,,,,,,,,,,,,,,,,,,,,
Lava e Seca,7908786404261,,,,,,,,,,,,,,,,,,,,,,Não encontrado,,,,,,,,,,,,,,,,,,,,,,,,
Lava e Seca,7909569002506,L/S 11KG ELECTROLUX LSP11 110V BC,7909569002506,,,,,,2021-04-08T17:45:11.000-03:00,2026-03-01T20:04:13.000-03:00,,,,0,0,7909569002506,Unidade,1,,,COSMOS,https://cosmos.bluesoft.com.br/products/barcode/05054E9D00894799AB87016ED7B35AE5.png,,,,,,,,,,,,,,,,,,,,,,,,,
Lava e Seca,7909569485606,,,,,,,,,,,,,,,,,,,,,,Não encontrado,,,,,,,,,,,,,,,,,,,,,,,,
Lava e Seca,7909569485620,,,,,,,,,,,,,,,,,,,,,,Não encontrado,,,,,,,,,,,,,,,,,,,,,,,,
Lava e Seca,7909569485637,,,,,,,,,,,,,,,,,,,,,,Não encontrado,,,,,,,,,,,,,,,,,,,,,,,,
Lava e Seca,8806084149435,L S 14KG LG SMART WK14BS6A 220V BLACK INOX,8806084149435,,,,,,2025-09-07T18:23:02.000-03:00,2025-09-07T18:23:03.000-03:00,,,,0,0,8806084149435,Unidade,1,,,COSMOS,https://cosmos.bluesoft.com.br/products/barcode/F212AEDB19A33D328DC67174FDE48E4B.png,,,,,,,,,,,,,,,,,,,,,,,,,
Lava e Seca,8806084445490,,,,,,,,,,,,,,,,,,,,,,Não encontrado,,,,,,,,,,,,,,,,,,,,,,,,
Lava e Seca,8806084445674,LAVSEC SMART 14KG IX,8806084445674,,,,,,2025-09-07T18:10:40.000-03:00,2026-03-09T20:01:58.000-03:00,,,,0,0,8806084445674,Unidade,1,,,COSMOS,https://cosmos.bluesoft.com.br/products/barcode/8424377C00124F501348420F7EE3D532.png,,,,,,,,,,,,,,,,,,,,,,,,,
Lava e Seca,8806084445698,LAVADORA+SECADORA LG CV5014WC4 AUT 14KG BR FL,8806084445698,,,,,,2025-09-07T18:33:04.000-03:00,2026-03-09T20:01:59.000-03:00,,,,0,0,8806084445698,Unidade,1,,,COSMOS,https://cosmos.bluesoft.com.br/products/barcode/8424377C00124F50A84AC3663ACBEC2D.png,,,,,,,,,,,,,,,,,,,,,,,,,
Lava e Seca,8806084446077,LAVSEC SMART 12KG BCO,8806084446077,,,,,,2025-09-07T18:10:30.000-03:00,2026-03-09T20:02:07.000-03:00,,,,0,0,8806084446077,Unidade,1,,,COSMOS,https://cosmos.bluesoft.com.br/products/barcode/8424377C00124F50052EDB30FADA1725.png,,,,,,,,,,,,,,,,,,,,,,,,,
Lava e Seca,8806084446084,"MAQUINA DE LAVAR ROUPAS TIPO LAVA E SECA,MODELO LG:CV3012MC5A,COM CAPACIDADE DE 12KG ROUPA SECA,220V,TITANIUM,COM SELO A",8806084446084,,,,,,2025-09-25T21:25:27.000-03:00,2025-09-25T21:25:28.000-03:00,,,,0,0,8806084446084,Unidade,1,,,COSMOS,https://cosmos.bluesoft.com.br/products/barcode/8424377C00124F50595291AC4E1CCB52.png,,,,,,,,,,,,,,,,,,,,,,,,,
Lava e Seca,8806084446275,,,,,,,,,,,,,,,,,,,,,,Não encontrado,,,,,,,,,,,,,,,,,,,,,,,,
Lava e Seca,8806091131874,LAVA SECA LG CV5013W,8806091131874,,,,,,2023-05-07T14:09:14.000-03:00,2026-05-23T10:45:25.000-03:00,,,,0,0,8806091131874,Unidade,1,,,COSMOS,https://cosmos.bluesoft.com.br/products/barcode/65B858C16EB4C71432858A76CE9F8860.png,,,,,,,,,,,,,,,,,,,,,,,,,
Lava e Seca,8806091131881,LAV 13KG LG VC4 WASH ONLY SMART FV5013WC4 110V B,8806091131881,,,,,,2023-05-07T12:44:16.000-03:00,2023-05-07T12:44:17.000-03:00,,,,0,0,8806091131881,Unidade,1,,,COSMOS,https://cosmos.bluesoft.com.br/products/barcode/65B858C16EB4C7140959BC1CC4A51C21.png,,,,,,,,,,,,,,,,,,,,,,,,,
Lava e Seca,8806091728302,,,,,,,,,,,,,,,,,,,,,,Não encontrado,,,,,,,,,,,,,,,,,,,,,,,,
Lava e Seca,8806092567467,LAVADORA WW11J44 11KG BRANCA BRANCO 110V,8806092567467,,,,,,2023-05-07T12:42:17.000-03:00,2025-03-18T20:46:19.000-03:00,,,,0,0,8806092567467,Unidade,1,,,COSMOS,https://cosmos.bluesoft.com.br/products/barcode/6EBC31A81F0BB522831C414C2D55E5A9.png,,,,,84502090,Outras,"Reatores nucleares, caldeiras, máquinas, aparelhos e instrumentos mecânicos, e suas partes - Máquinas de lavar roupa, mesmo com dispositivos de secagem - Máquinas de capacidade superior a 10kg, em peso de roupa seca - Outras",,,,,,,,,,,,,,,,,,
Lava e Seca,8806092939233,LAVADORA E SECADORA SAMSUNG 11KG WD11A4453BW BRANCA 220V,8806092939233,,,,,,2023-05-07T14:09:34.000-03:00,2026-03-31T20:06:18.000-03:00,,,,0,0,8806092939233,Unidade,1,,,COSMOS,https://cosmos.bluesoft.com.br/products/barcode/035678B95A14402BBC98358BD4EADBD9.png,,,,,84502090,Outras,"Reatores nucleares, caldeiras, máquinas, aparelhos e instrumentos mecânicos, e suas partes - Máquinas de lavar roupa, mesmo com dispositivos de secagem - Máquinas de capacidade superior a 10kg, em peso de roupa seca - Outras",,,,,,,,,,,,,,,,,,
Lava e Seca,8806092939257,LAVADORA E SECADORA SAMSUNG 11KG WD11A4453BX INOX 220V,8806092939257,,,,,,2023-05-07T12:41:54.000-03:00,2026-03-31T20:06:21.000-03:00,,,,0,0,8806092939257,Unidade,1,,,COSMOS,https://cosmos.bluesoft.com.br/products/barcode/035678B95A14402BF658674F6C39F8A7.png,,,,,,,,,,,,,,,,,,,,,,,,,
Lava e Seca,8806092939288,LAVA E SECA SAMSUNG WD11M 11KG INOX 110V,8806092939288,,,,,,2022-06-12T16:09:06.000-03:00,2023-01-16T11:38:22.000-03:00,,,,0,0,8806092939288,Unidade,1,,,COSMOS,https://cosmos.bluesoft.com.br/products/barcode/035678B95A14402BDD75127CC9C3084F.png,,,,,,,,,,,,,,,,,,,,,,,,,
Lava e Seca,8806092939295,LAVA E SECA 11KG SAMSUNG FRONT LOAD WD11M4473PXFAZ INOX 220 VOLTS,8806092939295,,,,,,2023-05-07T14:09:11.000-03:00,2023-05-07T14:09:12.000-03:00,,,,0,0,8806092939295,Unidade,1,,,COSMOS,https://cosmos.bluesoft.com.br/products/barcode/035678B95A14402B8574A5C68EFB1A52.png,,,,,,,,,,,,,,,,,,,,,,,,,
Lava e Seca,8806094468168,L/S 18KG SAMSUNG WD18T6500GVFAZ 220V BLACK INX.,8806094468168,,,,,,2023-12-12T06:18:33.000-03:00,2023-12-12T06:18:34.000-03:00,,,,0,0,8806094468168,Unidade,1,,,COSMOS,https://cosmos.bluesoft.com.br/products/barcode/C108A7551A6C5A207508E3DF6DB2977A.png,,,,,,,,,,,,,,,,,,,,,,,,,
Lava e Seca,8806096198834,,,,,,,,,,,,,,,,,,,,,,Não encontrado,,,,,,,,,,,,,,,,,,,,,,,,
Lava e Seca,8806097678700,,,,,,,,,,,,,,,,,,,,,,Não encontrado,,,,,,,,,,,,,,,,,,,,,,,,
Lava e Seca,8806097678755,1B2K5ABYA00058 LAVA E SECA WD13FG BRANCA 13KG 220V EAN: 8806097678755,8806097678755,,,,,,2026-01-09T13:19:36.000-03:00,2026-01-09T13:19:36.000-03:00,,,,0,0,8806097678755,Unidade,1,,,COSMOS,https://cosmos.bluesoft.com.br/products/barcode/A8D8202B413EF034AAAD428C542553C7.png,,,,,,,,,,,,,,,,,,,,,,,,,
Lava-louças,7891129253711,LAVAD LOUCA BRASTEMP 14S BR 220V BLF14AB,7891129253711,,,,,,2020-08-13T06:09:12.000-03:00,2026-09-11T15:58:53.000-03:00,,,,0,0,7891129253711,Unidade,1,,,COSMOS,https://cosmos.bluesoft.com.br/products/barcode/AD159B42EEF6B455B94FCCC945E082D1.png,,,,,,,,,,,,,,,,,,,,,,,,,
Lava-louças,7891129501928,LAVAD LOUCA BRASTEMP 10S I 127V BLF10BR,7891129501928,,,,,,2020-09-01T13:36:09.000-03:00,2026-09-11T15:58:56.000-03:00,,,,0,0,7891129501928,Unidade,1,,,COSMOS,https://cosmos.bluesoft.com.br/products/barcode/ED13B884D30600DF6CAE5ECF2BE3FAED.png,,,,,,,,,,,,,,,,,,,,,,,,,
Lava-louças,7891129501935,LAVAD LOUCA BRASTEMP 10S I 220V BLF10BR,7891129501935,,,,,,2020-08-13T03:05:23.000-03:00,2026-09-11T15:58:57.000-03:00,,,,0,0,7891129501935,Unidade,1,,,COSMOS,https://cosmos.bluesoft.com.br/products/barcode/ED13B884D30600DFC378E330DD319C36.png,,,,,,,,,,,,,,,,,,,,,,,,,
Lava-louças,7891129530850,,,,,,,,,,,,,,,,,,,,,,Não encontrado,,,,,,,,,,,,,,,,,,,,,,,,
Lava-louças,7891129550469,LAVA LOUÇAS 8 S. BRASTEMP BLF08BS CINZ 220V7891129550469,7891129550469,,,,,,2023-03-24T01:05:08.000-03:00,2025-08-23T19:10:47.000-03:00,,,,0,0,7891129550469,Unidade,1,,,COSMOS,https://cosmos.bluesoft.com.br/products/barcode/ED13B884D30600DF265315E9787A4FDD.png,,,,,84221100,Do tipo doméstico,"Reatores nucleares, caldeiras, máquinas, aparelhos e instrumentos mecânicos, e suas partes - Máquinas de lavar louça; máquinas e aparelhos para limpar ou secar garrafas ou outros recipientes; máquinas e aparelhos para encher, fechar, arrolhar ou rotular garrafas, caixas, latas, sacos ou outros recipientes; máquinas e aparelhos para capsulargarrafas,vasos,tuboserecipientessemelhantes;outrasmáquinase aparelhosparaempacotarouembalarmercadorias(incluindoasmáquinase aparelhospara embalarcompelículatermo-retrátil);máquinaseaparelhospara gaseificar bebidas. - Máquinas de lavar louça: - Do tipo doméstico",,,,,,,,,,,,,,,,,,
Lava-louças,7891129571464,LAVAD LOUCA BRASTEMP 8S PT BLF08AE 220,7891129571464,,,,,,2024-01-03T21:06:01.000-03:00,2025-08-23T19:11:28.000-03:00,,,,0,0,7891129571464,Unidade,1,,,COSMOS,https://cosmos.bluesoft.com.br/products/barcode/ED13B884D30600DF90B82E056D4FF669.png,,,,,,,,,,,,,,,,,,,,,,,,,
Lava-louças,7891129579637,,,,,,,,,,,,,,,,,,,,,,Não encontrado,,,,,,,,,,,,,,,,,,,,,,,,
Lava-louças,7891129582019,LAVA LOUCA BRASTEMP 15 SERVICOS BLF61AEANA PRETO 110 VOLTS,7891129582019,,,,,,2025-02-12T19:35:38.000-03:00,2025-08-23T19:11:53.000-03:00,,,,0,0,7891129582019,Unidade,1,,,COSMOS,https://cosmos.bluesoft.com.br/products/barcode/ED13B884D30600DF3E9F90AECA93AC81.png,,,,,,,,,,,,,,,,,,,,,,,,,
Lava-louças,7891129582033,LAVA LOUÇAS 15SERV BRASTEMP SMART BR,7891129582033,,,,,,2025-01-21T19:30:39.000-03:00,2025-08-23T19:11:57.000-03:00,,,,0,0,7891129582033,Unidade,1,,,COSMOS,https://cosmos.bluesoft.com.br/products/barcode/ED13B884D30600DF31010F91727333BE.png,,,,,,,,,,,,,,,,,,,,,,,,,
Lava-louças,7891129582064,,,,,,,,,,,,,,,,,,,,,,Não encontrado,,,,,,,,,,,,,,,,,,,,,,,,
Lava-louças,7891129582224,LAVAD LOUCA BRASTEMP 14S BC BLF60AB 220V,7891129582224,,,,,,2025-09-03T14:53:18.000-03:00,2025-09-03T14:53:19.000-03:00,,,,0,0,7891129582224,Unidade,1,,,COSMOS,https://cosmos.bluesoft.com.br/products/barcode/ED13B884D30600DF1128F786E4296E4E.png,,,,,,,,,,,,,,,,,,,,,,,,,
Lava-louças,7891356117466,,,,,,,,,,,,,,,,,,,,,,Não encontrado,,,,,,,,,,,,,,,,,,,,,,,,
Lava-louças,7891356117473,LAVA LOUCAS PLL10 220V,7891356117473,,,,,,2025-01-09T20:55:35.000-03:00,2025-09-06T19:13:40.000-03:00,,,,0,0,7891356117473,Unidade,1,,,COSMOS,https://cosmos.bluesoft.com.br/products/barcode/F6328E5D08A10381D946D255056034A0.png,,,,,,,,,,,,,,,,,,,,,,,,,
Lava-louças,7891356127083,,,,,,,,,,,,,,,,,,,,,,Não encontrado,,,,,,,,,,,,,,,,,,,,,,,,
Lava-louças,7894693788429,LAVA LOUCA TRAMONTINA INOX SB 09X45 220V,7894693788429,,,,,,2025-09-03T18:21:04.000-03:00,2025-09-03T18:21:05.000-03:00,,,,0,0,7894693788429,Unidade,1,,,COSMOS,https://cosmos.bluesoft.com.br/products/barcode/5DD003BF6780EF87357ABCCD921C73B0.png,,,,,,,,,,,,,,,,,,,,,,,,,
Lava-louças,7899100666024,********** LAVA LOUCA 14 SERVICOS 60CM WQP12 J7309E 220V EMBALAGEM PADRAO,7899100666024,,,,,,2025-10-26T07:22:42.000-03:00,2025-10-26T07:22:44.000-03:00,,,,0,0,7899100666024,Unidade,1,,,COSMOS,https://cosmos.bluesoft.com.br/products/barcode/BCED6B91EB657EC30D8A648066012D4F.png,,,,,,,,,,,,,,,,,,,,,,,,,
Lava-louças,7899650331199,LAVA LOUCAS PRAXIS PORTATIL LLPP SEMI AUTOMATICA 127V BRANCA,7899650331199,,,,,,2025-09-07T05:41:59.000-03:00,2026-05-27T05:42:47.000-03:00,,,,0,0,7899650331199,Unidade,1,,,COSMOS,https://cosmos.bluesoft.com.br/products/barcode/0617A0E4A60A10DE72BD62AB3BADB0D5.png,,,,,,,,,,,,,,,,,,,,,,,,,
Lava-louças,7900163024086,,,,,,,,,,,,,,,,,,,,,,Não encontrado,,,,,,,,,,,,,,,,,,,,,,,,
Lava-louças,7900163024093,,,,,,,,,,,,,,,,,,,,,,Não encontrado,,,,,,,,,,,,,,,,,,,,,,,,
Lava-louças,7900163024147,,,,,,,,,,,,,,,,,,,,,,Não encontrado,,,,,,,,,,,,,,,,,,,,,,,,
Lava-louças,7901203545165,,,,,,,,,,,,,,,,,,,,,,Não encontrado,,,,,,,,,,,,,,,,,,,,,,,,
Lava-louças,7903504440514,,,,,,,,,,,,,,,,,,,,,,Não encontrado,,,,,,,,,,,,,,,,,,,,,,,,
Lava-louças,7904654503012,,,,,,,,,,,,,,,,,,,,,,Não encontrado,,,,,,,,,,,,,,,,,,,,,,,,
Lava-louças,7908198002192,LAVA LOUCAS 14 SERVICOS PRATA 127V DWA14S1 MIDEA,7908198002192,,,,,,2023-02-17T17:56:00.000-03:00,2026-02-22T20:01:56.000-03:00,,,,0,0,7908198002192,Unidade,1,,,COSMOS,https://cosmos.bluesoft.com.br/products/barcode/7558A159B066A46FB5DF6B7F26C80F7B.png,,,,,84221100,Do tipo doméstico,"Reatores nucleares, caldeiras, máquinas, aparelhos e instrumentos mecânicos, e suas partes - Máquinas de lavar louça; máquinas e aparelhos para limpar ou secar garrafas ou outros recipientes; máquinas e aparelhos para encher, fechar, arrolhar ou rotular garrafas, caixas, latas, sacos ou outros recipientes; máquinas e aparelhos para capsulargarrafas,vasos,tuboserecipientessemelhantes;outrasmáquinase aparelhosparaempacotarouembalarmercadorias(incluindoasmáquinase aparelhospara embalarcompelículatermo-retrátil);máquinaseaparelhospara gaseificar bebidas. - Máquinas de lavar louça: - Do tipo doméstico",,,,,,,,,,,,,,,,,,
Lava-louças,7908198023111,LAVA LOUCAS MIDEA 8 SERVICOS CINZA 127V,7908198023111,,,,,,2026-01-23T07:07:01.000-03:00,2026-01-23T07:07:02.000-03:00,,,,0,0,7908198023111,Unidade,1,,,COSMOS,https://cosmos.bluesoft.com.br/products/barcode/7558A159B066A46F9D17CBBB96EE63E3.png,,,,,,,,,,,,,,,,,,,,,,,,,
Lava-louças,7908198023142,LAVA LOUCAS MIDEA 8 SERVICOS BRANCA 220V,7908198023142,,,,,,2026-02-06T07:57:07.000-03:00,2026-02-06T07:57:07.000-03:00,,,,0,0,7908198023142,Unidade,1,,,COSMOS,https://cosmos.bluesoft.com.br/products/barcode/7558A159B066A46F4C1A6FED0C02B7C6.png,,,,,,,,,,,,,,,,,,,,,,,,,
Lava-louças,7908198023159,,,,,,,,,,,,,,,,,,,,,,Não encontrado,,,,,,,,,,,,,,,,,,,,,,,,
Lava-louças,7908198023166,LAVA LOUCAS MIDEA 8 SERVICOS PRETA 220V,7908198023166,,,,,,2026-02-06T07:57:05.000-03:00,2026-02-06T07:57:06.000-03:00,,,,0,0,7908198023166,Unidade,1,,,COSMOS,https://cosmos.bluesoft.com.br/products/barcode/7558A159B066A46F008641207482F627.png,,,,,,,,,,,,,,,,,,,,,,,,,
Lava-louças,7908198024644,,,,,,,,,,,,,,,,,,,,,,Não encontrado,,,,,,,,,,,,,,,,,,,,,,,,
Lava-louças,7908198024682,,,,,,,,,,,,,,,,,,,,,,Não encontrado,,,,,,,,,,,,,,,,,,,,,,,,
Lava-louças,7908198024699,,,,,,,,,,,,,,,,,,,,,,Não encontrado,,,,,,,,,,,,,,,,,,,,,,,,
Lava-louças,7908198024712,,,,,,,,,,,,,,,,,,,,,,Não encontrado,,,,,,,,,,,,,,,,,,,,,,,,
Lava-louças,7908786405206,,,,,,,,,,,,,,,,,,,,,,Não encontrado,,,,,,,,,,,,,,,,,,,,,,,,
Lava-louças,7909189070480,,,,,,,,,,,,,,,,,,,,,,Não encontrado,,,,,,,,,,,,,,,,,,,,,,,,
Lava-louças,7909569001530,,,,,,,,,,,,,,,,,,,,,,Não encontrado,,,,,,,,,,,,,,,,,,,,,,,,
Lava-louças,7909569243176,LAVAD LOUCA ELECTROLUX 8S BC 127V LL08B,7909569243176,,,,,,2025-09-07T15:54:46.000-03:00,2025-09-07T15:54:48.000-03:00,,,,0,0,7909569243176,Unidade,1,,,COSMOS,https://cosmos.bluesoft.com.br/products/barcode/B63CF5ED62FFC74AFA822B016DC3C0FA.png,,,,,,,,,,,,,,,,,,,,,,,,,
Lava-louças,7909569243190,LAVAD LOUCA ELECTROLUX 8S PR 127V LL08S,7909569243190,,,,,,2020-11-20T08:13:52.000-03:00,2026-03-01T20:04:19.000-03:00,,,,0,0,7909569243190,Unidade,1,,,COSMOS,https://cosmos.bluesoft.com.br/products/barcode/B63CF5ED62FFC74ADA689E2B26C4D721.png,,,,,,,,,,,,,,,,,,,,,,,,,
Lava-louças,7909569243206,LAVAD LOUCA ELECTROLUX 8S PR 220V LL08S,7909569243206,,,,,,2025-09-07T15:55:47.000-03:00,2026-03-01T20:04:21.000-03:00,,,,0,0,7909569243206,Unidade,1,,,COSMOS,https://cosmos.bluesoft.com.br/products/barcode/B63CF5ED62FFC74A72F497E26EBD110F.png,,,,,,,,,,,,,,,,,,,,,,,,,
Lava-louças,7909569346594,LAVA LOUCAS ELECTROLUX 14 SERVICOS LL14X INOX 220V,7909569346594,,,,,,2024-01-14T16:54:16.000-03:00,2026-03-01T20:04:47.000-03:00,,,,0,0,7909569346594,Unidade,1,,,COSMOS,https://cosmos.bluesoft.com.br/products/barcode/EA6660E0F34E8595CFF85355DFC2C5C2.png,,,,,,,,,,,,,,,,,,,,,,,,,
Lava-louças,7909569423271,LAVA LOUCAS ELECTROLUX LL14P 14 SERV PRETO 220V,7909569423271,,,,,,2025-09-07T16:03:43.000-03:00,2025-09-07T16:03:45.000-03:00,,,,0,0,7909569423271,Unidade,1,,,COSMOS,https://cosmos.bluesoft.com.br/products/barcode/9323792639B62A8AA8A97BA5A6B5817C.png,,,,,,,,,,,,,,,,,,,,,,,,,
Lava-louças,7909569479841,LAVALOUCAS ELECTROLUX 50 LS08E 8 SERVICOS INOX 220V,7909569479841,,,,,,2025-09-07T16:02:53.000-03:00,2026-03-21T10:00:09.000-03:00,,,,0,0,7909569479841,Unidade,1,,,COSMOS,https://cosmos.bluesoft.com.br/products/barcode/9323792639B62A8A6A5D142052269167.png,,,,,,,,,,,,,,,,,,,,,,,,,
Lava-louças,7909569479889,LAV LOU ELECTROLUX LB10E 10S 220V BRANCA,7909569479889,,,,,,2025-09-07T16:31:59.000-03:00,2026-03-02T20:02:30.000-03:00,,,,0,0,7909569479889,Unidade,1,,,COSMOS,https://cosmos.bluesoft.com.br/products/barcode/9323792639B62A8A02C53A10FF89DED4.png,,,,,,,,,,,,,,,,,,,,,,,,,
Lava-louças,7909569479926,LLOUCAS 14 SERVICOS IX,7909569479926,,,,,,2025-09-07T16:29:48.000-03:00,2026-03-02T20:02:33.000-03:00,,,,0,0,7909569479926,Unidade,1,,,COSMOS,https://cosmos.bluesoft.com.br/products/barcode/9323792639B62A8A52DFFA8CA32A44E8.png,,,,,,,,,,,,,,,,,,,,,,,,,
Lava-louças,7909569479940,LAVALOUCAS ELECTROLUX 50 LS14E 14 SERVICOS INOX 220V,7909569479940,,,,,,2025-09-07T16:31:30.000-03:00,2026-03-02T20:02:34.000-03:00,,,,0,0,7909569479940,Unidade,1,,,COSMOS,https://cosmos.bluesoft.com.br/products/barcode/9323792639B62A8A588176B023AC52B6.png,,,,,,,,,,,,,,,,,,,,,,,,,
Lava-louças,7909569520246,,,,,,,,,,,,,,,,,,,,,,Não encontrado,,,,,,,,,,,,,,,,,,,,,,,,
Lava-louças,7909569520284,,,,,,,,,,,,,,,,,,,,,,Não encontrado,,,,,,,,,,,,,,,,,,,,,,,,
Lava-louças,8436024505276,,,,,,,,,,,,,,,,,,,,,,Não encontrado,,,,,,,,,,,,,,,,,,,,,,,,
Lava-louças,8690842418938,,,,,,,,,,,,,,,,,,,,,,Não encontrado,,,,,,,,,,,,,,,,,,,,,,,,
Lava-louças,8806094793826,B2JGG8DY400061 LAVA LOUCAS 10 SERVICOS ACO INOX PRETA EAN: 8806094793826,8806094793826,,,,,,2026-01-09T13:09:40.000-03:00,2026-01-09T13:09:41.000-03:00,,,,0,0,8806094793826,Unidade,1,,,COSMOS,https://cosmos.bluesoft.com.br/products/barcode/D69CC7CB34C68CBC69BEC8B39F792DD5.png,,,,,,,,,,,,,,,,,,,,,,,,,
Lava-louças,8806094793840,,,,,,,,,,,,,,,,,,,,,,Não encontrado,,,,,,,,,,,,,,,,,,,,,,,,
Lavadora de Roupas,7891129552104,MAQUINA DE LAVA,7891129552104,,,,,,2023-03-24T01:08:34.000-03:00,2026-04-08T12:19:11.000-03:00,,,,0,0,7891129552104,Unidade,1,,,COSMOS,https://cosmos.bluesoft.com.br/products/barcode/ED13B884D30600DF6F9572D6DC73E8E5.png,,,,,84502090,Outras,"Reatores nucleares, caldeiras, máquinas, aparelhos e instrumentos mecânicos, e suas partes - Máquinas de lavar roupa, mesmo com dispositivos de secagem - Máquinas de capacidade superior a 10kg, em peso de roupa seca - Outras",,,,,,,,,,,,,,,,,,
Lavadora de Roupas,7891129568334,LAVADORA BRASTEMP BWF15ABBNA 15KG TIRA MANCHAS ADVANC BRANCA 220V,7891129568334,,,,,,2023-12-10T15:33:30.000-03:00,2025-08-23T19:11:18.000-03:00,,,,0,0,7891129568334,Unidade,1,,,COSMOS,https://cosmos.bluesoft.com.br/products/barcode/ED13B884D30600DFBD1B0E778884623E.png,,,,,,,,,,,,,,,,,,,,,,,,,
Lavadora de Roupas,7891129576261,MAQ DE LAVAR BRASTEMP BWY16A9 16KG PLATINUM 220V,7891129576261,,,,,,2025-01-21T19:33:11.000-03:00,2025-01-21T19:33:12.000-03:00,,,,0,0,7891129576261,Unidade,1,,,COSMOS,https://cosmos.bluesoft.com.br/products/barcode/ED13B884D30600DFD46C9C940DE9AB7A.png,,,,,,,,,,,,,,,,,,,,,,,,,
Lavadora de Roupas,7891129597716,LAVADORA BRASTEMP BWF18AB18KG BRANCO 220V,7891129597716,,,,,,2025-05-31T18:47:43.000-03:00,2026-04-16T12:54:08.000-03:00,,,,0,0,7891129597716,Unidade,1,,,COSMOS,https://cosmos.bluesoft.com.br/products/barcode/ED13B884D30600DF249D630D69B27752.png,,,,,,,,,,,,,,,,,,,,,,,,,
Lavadora de Roupas,7891129597730,,,,,,,,,,,,,,,,,,,,,,Não encontrado,,,,,,,,,,,,,,,,,,,,,,,,
Lavadora de Roupas,7891129600997,,,,,,,,,,,,,,,,,,,,,,Não encontrado,,,,,,,,,,,,,,,,,,,,,,,,
Lavadora de Roupas,7891129611511,,,,,,,,,,,,,,,,,,,,,,Não encontrado,,,,,,,,,,,,,,,,,,,,,,,,
Lavadora de Roupas,7891129611535,,,,,,,,,,,,,,,,,,,,,,Não encontrado,,,,,,,,,,,,,,,,,,,,,,,,
Lavadora de Roupas,7891129614529,,,,,,,,,,,,,,,,,,,,,,Não encontrado,,,,,,,,,,,,,,,,,,,,,,,,
Lavadora de Roupas,7891129615250,,,,,,,,,,,,,,,,,,,,,,Não encontrado,,,,,,,,,,,,,,,,,,,,,,,,
Lavadora de Roupas,7891129615410,,,,,,,,,,,,,,,,,,,,,,Não encontrado,,,,,,,,,,,,,,,,,,,,,,,,
Lavadora de Roupas,7891129616219,,,,,,,,,,,,,,,,,,,,,,Não encontrado,,,,,,,,,,,,,,,,,,,,,,,,
Lavadora de Roupas,7891356115479,PHILCO LAVADORA DE ROUPAS PLR14B 220V,7891356115479,,,,,,2025-03-27T19:26:45.000-03:00,2025-09-06T19:13:16.000-03:00,,,,0,0,7891356115479,Unidade,1,,,COSMOS,https://cosmos.bluesoft.com.br/products/barcode/F6328E5D08A1038131BF222C38091926.png,,,,,,,,,,,,,,,,,,,,,,,,,
Lavadora de Roupas,7891356116063,LAVAD 12KG PLR12A PHILCO BR 127V,7891356116063,,,,,,2025-12-30T11:09:38.000-03:00,2025-12-30T11:09:38.000-03:00,,,,0,0,7891356116063,Unidade,1,,,COSMOS,https://cosmos.bluesoft.com.br/products/barcode/F6328E5D08A10381F4CADA6E694BCD33.png,,,,,,,,,,,,,,,,,,,,,,,,,
Lavadora de Roupas,7896067227602,LAVADORA PANASONIC F,7896067227602,,,,,,2021-11-07T18:40:28.000-03:00,2026-01-30T00:45:48.000-03:00,,,,0,0,7896067227602,Unidade,1,,,COSMOS,https://cosmos.bluesoft.com.br/products/barcode/88621E6466E036A4DD5DDE3DA8350647.png,,,,,84502020,"Outras máquinas, de capacidade não superior a 18 kg","Reatores nucleares, caldeiras, máquinas, aparelhos e instrumentos mecânicos, e suas partes - Máquinas de lavar roupa, mesmo com dispositivos de secagem - Máquinas de capacidade superior a 10kg, em peso de roupa seca - Outras máquinas, de capacidade não superior a 18 kg",,,,,,,,,,,,,,,,,,
Lavadora de Roupas,7896067227831,LAVADORA AUTOM. NAF140B1WA 14KG 110V,7896067227831,,,,,,2022-08-18T10:29:49.000-03:00,2026-01-28T00:31:11.000-03:00,,,,0,0,7896067227831,Unidade,1,,,COSMOS,https://cosmos.bluesoft.com.br/products/barcode/88621E6466E036A408DE4F9C88F292B4.png,,,,,84502090,Outras,"Reatores nucleares, caldeiras, máquinas, aparelhos e instrumentos mecânicos, e suas partes - Máquinas de lavar roupa, mesmo com dispositivos de secagem - Máquinas de capacidade superior a 10kg, em peso de roupa seca - Outras",,,,,,,,,,,,,,,,,,
Lavadora de Roupas,7896067228760,LAVADORA PANASONIC N,7896067228760,,,,,,2026-01-13T14:19:48.000-03:00,2026-01-13T14:19:49.000-03:00,,,,0,0,7896067228760,Unidade,1,,,COSMOS,https://cosmos.bluesoft.com.br/products/barcode/88621E6466E036A4E51966792BBFBABF.png,,,,,,,,,,,,,,,,,,,,,,,,,
Lavadora de Roupas,7896067228913,,,,,,,,,,,,,,,,,,,,,,Não encontrado,,,,,,,,,,,,,,,,,,,,,,,,
Lavadora de Roupas,7896067229170,,,,,,,,,,,,,,,,,,,,,,Não encontrado,,,,,,,,,,,,,,,,,,,,,,,,
Lavadora de Roupas,7896067229187,,,,,,,,,,,,,,,,,,,,,,Não encontrado,,,,,,,,,,,,,,,,,,,,,,,,
Lavadora de Roupas,7896664698119,LAVADORA MLA11 BCO 127V 60HZ,7896664698119,,,,,,2024-10-26T01:28:45.000-03:00,2024-10-26T01:28:46.000-03:00,,,,0,0,7896664698119,Unidade,1,,,COSMOS,https://cosmos.bluesoft.com.br/products/barcode/FCDC3C92DA05365478598DEF529A9029.png,,,,,,,,,,,,,,,,,,,,,,,,,
Lavadora de Roupas,7896664698171,LAVADORA MUELLER 17KG MLA17 AUT BRANCA 110V,7896664698171,,,,,,2024-06-29T21:35:27.000-03:00,2024-06-29T21:35:29.000-03:00,,,,0,0,7896664698171,Unidade,1,,,COSMOS,https://cosmos.bluesoft.com.br/products/barcode/FCDC3C92DA0536543DCDD465DEAF8490.png,,,,,,,,,,,,,,,,,,,,,,,,,
Lavadora de Roupas,7897016830249,LAVADORA AUT LCA 12KG COLORMAQ 127,7897016830249,,,,,,2020-08-14T15:39:15.000-03:00,2026-01-30T00:45:32.000-03:00,,,,0,0,7897016830249,Unidade,1,,,COSMOS,https://cosmos.bluesoft.com.br/products/barcode/B85B724817F14D983B47309C95472568.png,,,,,,,,,,,,,,,,,,,,,,,,,
Lavadora de Roupas,7897016830256,LAV COLORM LCA12 UN,7897016830256,,,,,,2020-08-14T12:52:05.000-03:00,2025-10-11T08:04:34.000-03:00,,,,0,0,7897016830256,Unidade,1,,,COSMOS,https://cosmos.bluesoft.com.br/products/barcode/B85B724817F14D98550F40483793C2B1.png,,,,,84502090,Outras,"Reatores nucleares, caldeiras, máquinas, aparelhos e instrumentos mecânicos, e suas partes - Máquinas de lavar roupa, mesmo com dispositivos de secagem - Máquinas de capacidade superior a 10kg, em peso de roupa seca - Outras",,,,,,,,,,,,,,,,,,
Lavadora de Roupas,7897016830287,LAVADORA COLORMAQ LCA15 15KG BRANCO 220V,7897016830287,,,,,,2020-08-14T13:42:48.000-03:00,2023-03-15T00:57:46.000-03:00,,,,0,0,7897016830287,Unidade,1,,,COSMOS,https://cosmos.bluesoft.com.br/products/barcode/B85B724817F14D980AC1675B98B32BED.png,,,,,,,,,,,,,,,,,,,,,,,,,
Lavadora de Roupas,7897016839624,LAVADORA COLORMAQ LCA 14KG BRANCA 127V,7897016839624,,,,,,2025-10-21T17:03:02.000-03:00,2026-07-27T11:48:53.000-03:00,,,,0,0,7897016839624,Unidade,1,,,COSMOS,https://cosmos.bluesoft.com.br/products/barcode/B85B724817F14D981A428819DA1199FB.png,,,,,,,,,,,,,,,,,,,,,,,,,
Lavadora de Roupas,7897016839655,COLORMAQ 220V LAVADORA 18KG LCA18 BRANCO 220V,7897016839655,,,,,,2026-01-13T16:23:51.000-03:00,2026-01-13T16:23:51.000-03:00,,,,0,0,7897016839655,Unidade,1,,,COSMOS,https://cosmos.bluesoft.com.br/products/barcode/B85B724817F14D98D95C1A80A8E4A8FB.png,,,,,,,,,,,,,,,,,,,,,,,,,
Lavadora de Roupas,7898761370066,MIDEA LAVADORA MA512W130A WK04 13KG BRANCO 110V,7898761370066,,,,,,2025-09-05T04:10:36.000-03:00,2026-01-23T20:05:56.000-03:00,,,,0,0,7898761370066,Unidade,1,,,COSMOS,https://cosmos.bluesoft.com.br/products/barcode/D2C02C6D4DAB2E4C5F3CAABFF7CC200A.png,,,,,,,,,,,,,,,,,,,,,,,,,
Lavadora de Roupas,7898761370301,,,,,,,,,,,,,,,,,,,,,,Não encontrado,,,,,,,,,,,,,,,,,,,,,,,,
Lavadora de Roupas,7898761370806,,,,,,,,,,,,,,,,,,,,,,Não encontrado,,,,,,,,,,,,,,,,,,,,,,,,
Lavadora de Roupas,7898761370813,,,,,,,,,,,,,,,,,,,,,,Não encontrado,,,,,,,,,,,,,,,,,,,,,,,,
Lavadora de Roupas,7898761370820,,,,,,,,,,,,,,,,,,,,,,Não encontrado,,,,,,,,,,,,,,,,,,,,,,,,
Lavadora de Roupas,7898761370837,,,,,,,,,,,,,,,,,,,,,,Não encontrado,,,,,,,,,,,,,,,,,,,,,,,,
Lavadora de Roupas,7908198005063,LAVADORA CINZA 11KG 127V MF200W110WB-GK-01 MIDEA,7908198005063,,,,,,2023-09-19T14:16:58.000-03:00,2024-07-06T21:17:54.000-03:00,,,,0,0,7908198005063,Unidade,1,,,COSMOS,https://cosmos.bluesoft.com.br/products/barcode/7558A159B066A46FF60919E930B08896.png,,,,,84502020,"Outras máquinas, de capacidade não superior a 18 kg","Reatores nucleares, caldeiras, máquinas, aparelhos e instrumentos mecânicos, e suas partes - Máquinas de lavar roupa, mesmo com dispositivos de secagem - Máquinas de capacidade superior a 10kg, em peso de roupa seca - Outras máquinas, de capacidade não superior a 18 kg",,,,,,,,,,,,,,,,,,
Lavadora de Roupas,7908198005070,LAVADORA INOX 11KG 220V MF200W110WB-GK-02 MIDEA,7908198005070,,,,,,2023-09-11T08:39:42.000-03:00,2025-01-24T19:58:04.000-03:00,,,,0,0,7908198005070,Unidade,1,,,COSMOS,https://cosmos.bluesoft.com.br/products/barcode/7558A159B066A46F620C4423DD40E9A8.png,,,,,84502020,"Outras máquinas, de capacidade não superior a 18 kg","Reatores nucleares, caldeiras, máquinas, aparelhos e instrumentos mecânicos, e suas partes - Máquinas de lavar roupa, mesmo com dispositivos de secagem - Máquinas de capacidade superior a 10kg, em peso de roupa seca - Outras máquinas, de capacidade não superior a 18 kg",,,,,,,,,,,,,,,,,,
Lavadora de Roupas,7908198005179,LAVA SECA TITANIO 13KG 220V MF200D130WB-GK-02 MIDEA,7908198005179,,,,,,2023-12-12T19:42:48.000-03:00,2026-02-22T20:02:08.000-03:00,,,,0,0,7908198005179,Unidade,1,,,COSMOS,https://cosmos.bluesoft.com.br/products/barcode/7558A159B066A46FB8E800B25274655D.png,,,,,84502020,"Outras máquinas, de capacidade não superior a 18 kg","Reatores nucleares, caldeiras, máquinas, aparelhos e instrumentos mecânicos, e suas partes - Máquinas de lavar roupa, mesmo com dispositivos de secagem - Máquinas de capacidade superior a 10kg, em peso de roupa seca - Outras máquinas, de capacidade não superior a 18 kg",,,,,,,,,,,,,,,,,,
Lavadora de Roupas,7908198021933,"LAVADORA DE ROUPAS 11,0KG BRANCA 127V",7908198021933,,,,,,2026-01-01T07:05:58.000-03:00,2026-01-01T07:05:59.000-03:00,,,,0,0,7908198021933,Unidade,1,,,COSMOS,https://cosmos.bluesoft.com.br/products/barcode/7558A159B066A46F3A171902E2E840BB.png,,,,,,,,,,,,,,,,,,,,,,,,,
Lavadora de Roupas,7909569358405,LED13 LAVADORA ROUPAS 127 60,7909569358405,,,,,,2025-09-11T09:19:02.000-03:00,2025-09-11T09:19:03.000-03:00,,,,0,0,7909569358405,Unidade,1,,,COSMOS,https://cosmos.bluesoft.com.br/products/barcode/EA6660E0F34E8595A10598B653345501.png,,,,,,,,,,,,,,,,,,,,,,,,,
Lavadora de Roupas,7909569447208,LAVADORA ELECTROLUX 18KG LEB18 PRETO 110V,7909569447208,,,,,,2025-09-07T16:03:18.000-03:00,2026-03-01T20:07:44.000-03:00,,,,0,0,7909569447208,Unidade,1,,,COSMOS,https://cosmos.bluesoft.com.br/products/barcode/9323792639B62A8AED50A034F96EEABB.png,,,,,,,,,,,,,,,,,,,,,,,,,
Lavadora de Roupas,7909569465561,MAQUINA DE LAVAR ELECTROLUX LEC15 15KG BRANCO 220V,7909569465561,,,,,,2025-09-07T16:03:09.000-03:00,2026-08-13T10:12:33.000-03:00,,,,0,0,7909569465561,Unidade,1,,,COSMOS,https://cosmos.bluesoft.com.br/products/barcode/9323792639B62A8A7C36D3C9B1F89062.png,,,,,,,,,,,,,,,,,,,,,,,,,
Lavadora de Roupas,7909569470374,"LAVADORA ELECTROLUX 14,5KG LEP15 PRETO 110V",7909569470374,,,,,,2025-09-07T16:47:15.000-03:00,2026-03-03T10:06:57.000-03:00,,,,0,0,7909569470374,Unidade,1,,,COSMOS,https://cosmos.bluesoft.com.br/products/barcode/9323792639B62A8AA37F5290B04B78B3.png,,,,,,,,,,,,,,,,,,,,,,,,,
Lavadora de Roupas,7909569470381,"LAVADORA ELECTROLUX 14,5KG LEP15 PRETO 220V",7909569470381,,,,,,2025-09-07T15:54:33.000-03:00,2026-03-02T20:01:52.000-03:00,,,,0,0,7909569470381,Unidade,1,,,COSMOS,https://cosmos.bluesoft.com.br/products/barcode/9323792639B62A8A198C8271D00B9ED7.png,,,,,,,,,,,,,,,,,,,,,,,,,
Lavadora de Roupas,7909569483121,MÁQUINA DE LAVAR ELECTROLUX LDA13 EFFICIENT DUPLO DISPENSER 13KG BRANCA 127V,7909569483121,,,,,,2025-09-07T15:53:39.000-03:00,2026-03-02T20:02:36.000-03:00,,,,0,0,7909569483121,Unidade,1,,,COSMOS,https://cosmos.bluesoft.com.br/products/barcode/9323792639B62A8AD9F1F6B3196FC714.png,,,,,,,,,,,,,,,,,,,,,,,,,
Lavadora de Roupas,7909569483138,MÁQUINA DE LAVAR ELECTROLUX LDA13 EFFICIENT DUPLO DISPENSER 13KG BRANCA 220V,7909569483138,,,,,,2025-09-07T16:03:05.000-03:00,2026-03-09T09:55:59.000-03:00,,,,0,0,7909569483138,Unidade,1,,,COSMOS,https://cosmos.bluesoft.com.br/products/barcode/9323792639B62A8A4D13D1542658738E.png,,,,,,,,,,,,,,,,,,,,,,,,,
Lavadora de Roupas,7909569483961,MAQUINA DE LAVAR ELECTROLUX LEE15 EFFICIENT 14 5KG TOP LOAD BRANCA 220,7909569483961,,,,,,2025-09-07T15:53:50.000-03:00,2026-03-02T20:02:40.000-03:00,,,,0,0,7909569483961,Unidade,1,,,COSMOS,https://cosmos.bluesoft.com.br/products/barcode/9323792639B62A8A5DA4210558CD7CE6.png,,,,,,,,,,,,,,,,,,,,,,,,,
Lavadora de Roupas,7909569484005,LAVADORA ELECTROLUX LEE18 18K BRANCO 220V,7909569484005,,,,,,2025-09-07T15:53:57.000-03:00,2026-03-02T20:02:43.000-03:00,,,,0,0,7909569484005,Unidade,1,,,COSMOS,https://cosmos.bluesoft.com.br/products/barcode/9323792639B62A8A7745BB4A0AA06743.png,,,,,,,,,,,,,,,,,,,,,,,,,
Lavadora de Roupas,7909569485682,,,,,,,,,,,,,,,,,,,,,,Não encontrado,,,,,,,,,,,,,,,,,,,,,,,,
Lavadora de Roupas,8806091131898,"MAQUINA DE LAVAR ROUPASLAVADORA,MODELO LG:FV5013WC4A,COM CAPACIDADE DE 13KG DE ROUPA SECA,220V,BRANCA,COM SELO A",8806091131898,,,,,,2025-09-21T12:05:03.000-03:00,2025-09-21T12:05:03.000-03:00,,,,0,0,8806091131898,Unidade,1,,,COSMOS,https://cosmos.bluesoft.com.br/products/barcode/65B858C16EB4C7147AFBC36CA33C3F01.png,,,,,,,,,,,,,,,,,,,,,,,,,
Lavadora de Roupas,8806095678511,0BAY5NAYA00015 LAVADORA FRONTLOAD WW13C BLACK 13KG 127V EAN: 8806095678511,8806095678511,,,,,,2026-02-02T08:30:42.000-03:00,2026-02-02T08:30:43.000-03:00,,,,0,0,8806095678511,Unidade,1,,,COSMOS,https://cosmos.bluesoft.com.br/products/barcode/69C6A1A6F559EF528AB9C63EA4B14BFA.png,,,,,,,,,,,,,,,,,,,,,,,,,
Microondas,3250617573719,,,,,,,,,,,,,,,,,,,,,,Não encontrado,,,,,,,,,,,,,,,,,,,,,,,,
Microondas,7891129501713,MICROONDAS BRASTEMP BMS20 20L X 220V,7891129501713,,,,,,2020-08-13T04:34:36.000-03:00,2026-03-15T20:01:19.000-03:00,,,,0,0,7891129501713,Unidade,1,,,COSMOS,https://cosmos.bluesoft.com.br/products/barcode/ED13B884D30600DF94142B6FDE7FFDB1.png,,,,,,,,,,,,,,,,,,,,,,,,,
Microondas,7891129543751,MICROONDAS BRASTEMP 32 LITROS CINZAESPELHADO 127V BMS46ARANA,7891129543751,,,,,,2022-05-25T09:40:53.000-03:00,2025-08-23T19:10:32.000-03:00,,,,0,0,7891129543751,Unidade,1,,,COSMOS,https://cosmos.bluesoft.com.br/products/barcode/ED13B884D30600DF8598637FC26FCE44.png,,,,,,,,,,,,,,,,,,,,,,,,,
Microondas,7891129543799,MICRO-ONDAS CONSUL 32L CMS46ARANA INOX 110V,7891129543799,,,,,,2022-11-25T10:36:48.000-03:00,2025-10-23T16:33:47.000-03:00,,,,0,0,7891129543799,Unidade,1,,,COSMOS,https://cosmos.bluesoft.com.br/products/barcode/ED13B884D30600DF551C02E1AD4871F8.png,,,,,85165000,Fornos de micro-ondas,"Máquinas, aparelhos e materiais elétricos, e suas partes; aparelhos de gravação ou de reprodução de som, aparelhos de gravação ou de reprodução de imagens e de som em televisão, e suas partes e acessórios - Aquecedores elétricos de água, incluindo os de imersão; aparelhos elétricos para aquecimentodeambientes,dosoloouparausossemelhantes;aparelhos eletrotérmicos para arranjos do cabelo (por exemplo, secadores de cabelo, frisadores, aquecedores de ferros de frisar) ou para secar as mãos; ferros elétricos de passar; outros aparelhos eletrotérmicos de uso doméstico; resistências de aquecimento, exceto as da posição 85.45. - Fornos de micro-ondas",,,,,,,,,,,,,,,,,,
Microondas,7891129547001,MICRO-ONDAS CONSUL 32L CMS46ARBNA INOX 220V,7891129547001,,,,,,2022-11-25T10:36:48.000-03:00,2026-05-27T00:01:44.000-03:00,,,,0,0,7891129547001,Unidade,1,,,COSMOS,https://cosmos.bluesoft.com.br/products/barcode/ED13B884D30600DF3A8FE6F9407FDEE6.png,,,,,85165000,Fornos de micro-ondas,"Máquinas, aparelhos e materiais elétricos, e suas partes; aparelhos de gravação ou de reprodução de som, aparelhos de gravação ou de reprodução de imagens e de som em televisão, e suas partes e acessórios - Aquecedores elétricos de água, incluindo os de imersão; aparelhos elétricos para aquecimentodeambientes,dosoloouparausossemelhantes;aparelhos eletrotérmicos para arranjos do cabelo (por exemplo, secadores de cabelo, frisadores, aquecedores de ferros de frisar) ou para secar as mãos; ferros elétricos de passar; outros aparelhos eletrotérmicos de uso doméstico; resistências de aquecimento, exceto as da posição 85.45. - Fornos de micro-ondas",,,,,,,,,,,,,,,,,,
Microondas,7891129547025,MICRO-ONDAS BRASTEMP EMBUTIR 32L BM146AEBNA PRETO 220V,7891129547025,,,,,,2023-04-01T13:27:00.000-03:00,2025-08-23T19:10:40.000-03:00,,,,0,0,7891129547025,Unidade,1,,,COSMOS,https://cosmos.bluesoft.com.br/products/barcode/ED13B884D30600DF2E2A9A0D4F6DE4C1.png,,,,,,,,,,,,,,,,,,,,,,,,,
Microondas,7891129582231,,,,,,,,,,,,,,,,,,,,,,Não encontrado,,,,,,,,,,,,,,,,,,,,,,,,
Microondas,7891129583160,MICROONDAS BRASTEMP BM146AP 32L BLACK INOX 110V,7891129583160,,,,,,2024-11-11T18:02:10.000-03:00,2024-11-11T18:02:11.000-03:00,,,,0,0,7891129583160,Unidade,1,,,COSMOS,https://cosmos.bluesoft.com.br/products/barcode/ED13B884D30600DF6EEF0691D2E5A461.png,,,,,,,,,,,,,,,,,,,,,,,,,
Microondas,7891129603738,,,,,,,,,,,,,,,,,,,,,,Não encontrado,,,,,,,,,,,,,,,,,,,,,,,,
Microondas,7891129603745,,,,,,,,,,,,,,,,,,,,,,Não encontrado,,,,,,,,,,,,,,,,,,,,,,,,
Microondas,7891129604049,,,,,,,,,,,,,,,,,,,,,,Não encontrado,,,,,,,,,,,,,,,,,,,,,,,,
Microondas,7891129604209,,,,,,,,,,,,,,,,,,,,,,Não encontrado,,,,,,,,,,,,,,,,,,,,,,,,
Microondas,7891129605701,,,,,,,,,,,,,,,,,,,,,,Não encontrado,,,,,,,,,,,,,,,,,,,,,,,,
Microondas,7891356095658,FORNO MICRO 28L PHILCO PMO28BB BRCO 110V,7891356095658,,,,,,2022-02-06T22:42:14.000-03:00,2023-12-06T10:10:29.000-03:00,,,,0,0,7891356095658,Unidade,1,,,COSMOS,https://cosmos.bluesoft.com.br/products/barcode/7273861E81AD72DA877020DA56A8F56C.png,,,,,85165000,Fornos de micro-ondas,"Máquinas, aparelhos e materiais elétricos, e suas partes; aparelhos de gravação ou de reprodução de som, aparelhos de gravação ou de reprodução de imagens e de som em televisão, e suas partes e acessórios - Aquecedores elétricos de água, incluindo os de imersão; aparelhos elétricos para aquecimentodeambientes,dosoloouparausossemelhantes;aparelhos eletrotérmicos para arranjos do cabelo (por exemplo, secadores de cabelo, frisadores, aquecedores de ferros de frisar) ou para secar as mãos; ferros elétricos de passar; outros aparelhos eletrotérmicos de uso doméstico; resistências de aquecimento, exceto as da posição 85.45. - Fornos de micro-ondas",,,,,,,,,,,,,,,,,,
Microondas,7891356116711,F MIC 34L PHILCO PMO38E 220V ESPELHADO,7891356116711,,,,,,2024-09-29T17:52:44.000-03:00,2025-09-06T19:13:28.000-03:00,,,,0,0,7891356116711,Unidade,1,,,COSMOS,https://cosmos.bluesoft.com.br/products/barcode/F6328E5D08A10381440B8E2559EF7909.png,,,,,,,,,,,,,,,,,,,,,,,,,
Microondas,7891356118296,MICRO-ONDAS PM27 220V,7891356118296,,,,,,2025-01-09T20:57:31.000-03:00,2025-01-09T20:57:32.000-03:00,,,,0,0,7891356118296,Unidade,1,,,COSMOS,https://cosmos.bluesoft.com.br/products/barcode/F6328E5D08A10381941FFF5177198E2C.png,,,,,,,,,,,,,,,,,,,,,,,,,
Microondas,7891356123214,MICROONDAS 28L ESPELHADO PHILCO,7891356123214,,,,,,2025-11-26T10:18:34.000-03:00,2025-11-26T10:18:34.000-03:00,,,,0,0,7891356123214,Unidade,1,,,COSMOS,https://cosmos.bluesoft.com.br/products/barcode/F6328E5D08A1038144EDBE4EC6BF8622.png,,,,,,,,,,,,,,,,,,,,,,,,,
Microondas,7891356124228,,,,,,,,,,,,,,,,,,,,,,Não encontrado,,,,,,,,,,,,,,,,,,,,,,,,
Microondas,7891356133268,,,,,,,,,,,,,,,,,,,,,,Não encontrado,,,,,,,,,,,,,,,,,,,,,,,,
Microondas,7891356134456,,,,,,,,,,,,,,,,,,,,,,Não encontrado,,,,,,,,,,,,,,,,,,,,,,,,
Microondas,7893299942815,FORNO MICR.30L 800W MS3033 PT M220 LG ELETRO,7893299942815,,,,,,2024-05-05T16:46:00.000-03:00,2026-03-23T20:05:45.000-03:00,,,,0,0,7893299942815,Unidade,1,,,COSMOS,https://cosmos.bluesoft.com.br/products/barcode/3961E01131613FC39D570305BE22F495.png,,,,,,,,,,,,,,,,,,,,,,,,,
Microondas,7893299946615,FORNO 30L LG MS3043BRA PTA 220V,7893299946615,,,,,,2024-09-29T19:50:41.000-03:00,2026-03-23T20:05:49.000-03:00,,,,0,0,7893299946615,Unidade,1,,,COSMOS,https://cosmos.bluesoft.com.br/products/barcode/3961E01131613FC3017E14F602617279.png,,,,,,,,,,,,,,,,,,,,,,,,,
Microondas,7896513323513,,,,,,,,,,,,,,,,,,,,,,Não encontrado,,,,,,,,,,,,,,,,,,,,,,,,
Microondas,7896543588036,,,,,,,,,,,,,,,,,,,,,,Não encontrado,,,,,,,,,,,,,,,,,,,,,,,,
Microondas,7896543588050,,,,,,,,,,,,,,,,,,,,,,Não encontrado,,,,,,,,,,,,,,,,,,,,,,,,
Microondas,7896543588081,,,,,,,,,,,,,,,,,,,,,,Não encontrado,,,,,,,,,,,,,,,,,,,,,,,,
Microondas,7896543588142,,,,,,,,,,,,,,,,,,,,,,Não encontrado,,,,,,,,,,,,,,,,,,,,,,,,
Microondas,7896543609083,,,,,,,,,,,,,,,,,,,,,,Não encontrado,,,,,,,,,,,,,,,,,,,,,,,,
Microondas,7896543611468,,,,,,,,,,,,,,,,,,,,,,Não encontrado,,,,,,,,,,,,,,,,,,,,,,,,
Microondas,7896543642837,,,,,,,,,,,,,,,,,,,,,,Não encontrado,,,,,,,,,,,,,,,,,,,,,,,,
Microondas,7896584062052,MICRO-ONDAS ELECTROLUX MTD30 20 LITROS BRANCO,7896584062052,,,,,,2016-01-15T00:02:57.000-02:00,2026-07-31T16:23:13.000-03:00,,,,0,0,7896584062052,Unidade,1,,,COSMOS,https://cosmos.bluesoft.com.br/products/barcode/798A51B785F4E8D5EC8A23E57BCC481C.png,,,ELECTROLUX,https://cdn-cosmos.bluesoft.com.br/brands/brand_electrolux,85165000,Fornos de micro-ondas,"Máquinas, aparelhos e materiais elétricos, e suas partes; aparelhos de gravação ou de reprodução de som, aparelhos de gravação ou de reprodução de imagens e de som em televisão, e suas partes e acessórios - Aquecedores elétricos de água, incluindo os de imersão; aparelhos elétricos para aquecimentodeambientes,dosoloouparausossemelhantes;aparelhos eletrotérmicos para arranjos do cabelo (por exemplo, secadores de cabelo, frisadores, aquecedores de ferros de frisar) ou para secar as mãos; ferros elétricos de passar; outros aparelhos eletrotérmicos de uso doméstico; resistências de aquecimento, exceto as da posição 85.45. - Fornos de micro-ondas",,,,,,,,,,2322,2104500,Fornos de microondas,1675,,,,,
Microondas,7898461976711,MICRO-ONDAS AMIC02BN-02 BR 32L 1400W 220V AGRATTO,7898461976711,,,,,,2025-02-04T09:25:16.000-03:00,2026-09-16T09:11:30.000-03:00,,,,0,0,7898461976711,Unidade,1,,,COSMOS,https://cosmos.bluesoft.com.br/products/barcode/A4E22137D0BC449AB26A8DF76DD5E019.png,,,,,85165000,Fornos de micro-ondas,"Máquinas, aparelhos e materiais elétricos, e suas partes; aparelhos de gravação ou de reprodução de som, aparelhos de gravação ou de reprodução de imagens e de som em televisão, e suas partes e acessórios - Aquecedores elétricos de água, incluindo os de imersão; aparelhos elétricos para aquecimentodeambientes,dosoloouparausossemelhantes;aparelhos eletrotérmicos para arranjos do cabelo (por exemplo, secadores de cabelo, frisadores, aquecedores de ferros de frisar) ou para secar as mãos; ferros elétricos de passar; outros aparelhos eletrotérmicos de uso doméstico; resistências de aquecimento, exceto as da posição 85.45. - Fornos de micro-ondas",,,,,,,,,,,,,,,,,,
Microondas,7898945166898,,,,,,,,,,,,,,,,,,,,,,Não encontrado,,,,,,,,,,,,,,,,,,,,,,,,
Microondas,7898945167741,MICRO ONDAS 20L PRETO MASTERCOOK MIDEA 220V,7898945167741,,,,,,2025-12-14T01:09:31.000-03:00,2025-12-14T01:09:32.000-03:00,,,,0,0,7898945167741,Unidade,1,,,COSMOS,https://cosmos.bluesoft.com.br/products/barcode/7AA824DAB2537C99AE0D436EB34C4EE8.png,,,,,,,,,,,,,,,,,,,,,,,,,
Microondas,7898945167925,,,,,,,,,,,,,,,,,,,,,,Não encontrado,,,,,,,,,,,,,,,,,,,,,,,,
Microondas,7899100675033,********** MICROONDAS FORNO GRILL ELETRICO ARKTON 45CM 38L 220V CUISINART,7899100675033,,,,,,2025-09-25T11:00:13.000-03:00,2025-09-25T11:00:14.000-03:00,,,,0,0,7899100675033,Unidade,1,,,COSMOS,https://cosmos.bluesoft.com.br/products/barcode/BCED6B91EB657EC36662F738681ACFDD.png,,,,,,,,,,,,,,,,,,,,,,,,,
Microondas,7899466435050,MICRO-ONDAS 32L PHILCO PMO33ES 127V,7899466435050,,,,,,2020-08-16T03:57:28.000-03:00,2025-05-09T05:39:30.000-03:00,,,,0,0,7899466435050,Unidade,1,,,COSMOS,https://cosmos.bluesoft.com.br/products/barcode/767610D689F9EF2BA1B9A8CB8A485C62.png,,,,,85165000,Fornos de micro-ondas,"Máquinas, aparelhos e materiais elétricos, e suas partes; aparelhos de gravação ou de reprodução de som, aparelhos de gravação ou de reprodução de imagens e de som em televisão, e suas partes e acessórios - Aquecedores elétricos de água, incluindo os de imersão; aparelhos elétricos para aquecimentodeambientes,dosoloouparausossemelhantes;aparelhos eletrotérmicos para arranjos do cabelo (por exemplo, secadores de cabelo, frisadores, aquecedores de ferros de frisar) ou para secar as mãos; ferros elétricos de passar; outros aparelhos eletrotérmicos de uso doméstico; resistências de aquecimento, exceto as da posição 85.45. - Fornos de micro-ondas",,,,,,,,,,,,,,,,,,
Microondas,7899882317411,MICROONDAS MONDIAL MO 02 34 B 34L PT 31 3,7899882317411,,,,,,2025-09-07T06:41:04.000-03:00,2026-06-02T18:28:12.000-03:00,,,,0,0,7899882317411,Unidade,1,,,COSMOS,https://cosmos.bluesoft.com.br/products/barcode/CB4AAE86613B0379611DF4844441D176.png,,,,,85165000,Fornos de micro-ondas,"Máquinas, aparelhos e materiais elétricos, e suas partes; aparelhos de gravação ou de reprodução de som, aparelhos de gravação ou de reprodução de imagens e de som em televisão, e suas partes e acessórios - Aquecedores elétricos de água, incluindo os de imersão; aparelhos elétricos para aquecimentodeambientes,dosoloouparausossemelhantes;aparelhos eletrotérmicos para arranjos do cabelo (por exemplo, secadores de cabelo, frisadores, aquecedores de ferros de frisar) ou para secar as mãos; ferros elétricos de passar; outros aparelhos eletrotérmicos de uso doméstico; resistências de aquecimento, exceto as da posição 85.45. - Fornos de micro-ondas",,,,,,,,,,,,,,,,,,
Microondas,7901105620304,,,,,,,,,,,,,,,,,,,,,,Não encontrado,,,,,,,,,,,,,,,,,,,,,,,,
Microondas,7901464032015,,,,,,,,,,,,,,,,,,,,,,Não encontrado,,,,,,,,,,,,,,,,,,,,,,,,
Microondas,7903624500549,,,,,,,,,,,,,,,,,,,,,,Não encontrado,,,,,,,,,,,,,,,,,,,,,,,,
Microondas,7903796159101,,,,,,,,,,,,,,,,,,,,,,Não encontrado,,,,,,,,,,,,,,,,,,,,,,,,
Microondas,7904056451300,,,,,,,,,,,,,,,,,,,,,,Não encontrado,,,,,,,,,,,,,,,,,,,,,,,,
Microondas,7904314061524,,,,,,,,,,,,,,,,,,,,,,Não encontrado,,,,,,,,,,,,,,,,,,,,,,,,
Microondas,7904505621001,,,,,,,,,,,,,,,,,,,,,,Não encontrado,,,,,,,,,,,,,,,,,,,,,,,,
Microondas,7904712729354,,,,,,,,,,,,,,,,,,,,,,Não encontrado,,,,,,,,,,,,,,,,,,,,,,,,
Microondas,7905011340646,,,,,,,,,,,,,,,,,,,,,,Não encontrado,,,,,,,,,,,,,,,,,,,,,,,,
Microondas,7909569003299,FORNO MICRO CONTINENTAL MC34B BRANCO 127V T,7909569003299,,,,,,2020-11-20T07:11:44.000-03:00,2023-03-15T01:16:14.000-03:00,,,,0,0,7909569003299,Unidade,1,,,COSMOS,https://cosmos.bluesoft.com.br/products/barcode/05054E9D00894799CE9ED3C24601C537.png,,,,,,,,,,,,,,,,,,,,,,,,,
Microondas,7909569410165,MICROONDAS EMBEXPER34LCNZ,7909569410165,,,,,,2025-09-07T15:54:51.000-03:00,2025-09-07T15:54:52.000-03:00,,,,0,0,7909569410165,Unidade,1,,,COSMOS,https://cosmos.bluesoft.com.br/products/barcode/9323792639B62A8A5825B5387E45ADD5.png,,,,,,,,,,,,,,,,,,,,,,,,,
Microondas,7909569410271,MICROONDAS ELECTROLUX ME23B 23L B 220V,7909569410271,,,,,,2023-05-07T11:17:22.000-03:00,2026-08-28T07:20:58.000-03:00,,,,0,0,7909569410271,Unidade,1,,,COSMOS,https://cosmos.bluesoft.com.br/products/barcode/9323792639B62A8A78835139D5D3E1DD.png,,,,,85165000,Fornos de micro-ondas,"Máquinas, aparelhos e materiais elétricos, e suas partes; aparelhos de gravação ou de reprodução de som, aparelhos de gravação ou de reprodução de imagens e de som em televisão, e suas partes e acessórios - Aquecedores elétricos de água, incluindo os de imersão; aparelhos elétricos para aquecimentodeambientes,dosoloouparausossemelhantes;aparelhos eletrotérmicos para arranjos do cabelo (por exemplo, secadores de cabelo, frisadores, aquecedores de ferros de frisar) ou para secar as mãos; ferros elétricos de passar; outros aparelhos eletrotérmicos de uso doméstico; resistências de aquecimento, exceto as da posição 85.45. - Fornos de micro-ondas",,,,,,,,,,,,,,,,,,
Notebook,0195553697453,"ASUS ROG STRIX SCAR 15 GAMING LAPTOP, 15.6” 300HZ IPS FHD DISPLAY, NVIDIA GEFORCE RTX 3060, INTEL CORE I9 12900H, 16GB DDR5, 512GB SSD, PER-KEY RGB KEYBOARD, WINDOWS 11 HOME, G533ZM-ES93",195553697453,25.908,2.7178,35.4076,2299,2299,2022-03-23T13:08:06.000-03:00,2026-09-11T15:59:36.000-03:00,,,,0,0,195553697453,Unidade,1,,,COSMOS,https://cosmos.bluesoft.com.br/products/barcode/0A2A7C7866DC666F82635FE1647C9316.png,,https://cdn-cosmos.bluesoft.com.br/products/195553697453,ASUS,/assets/brand-placeholder-7080174fbd24025783105a607811edad.png,,,,,,,,,,,,,,,,,,,,,
Notebook,0195949640391,MB PRO 14 SG MXE03BZ/A M3 16GB 1TB CINZA MAC OS,195949640391,,,,,,2024-09-28T10:25:34.000-03:00,2026-09-11T15:59:40.000-03:00,,,,0,0,195949640391,Unidade,1,,,COSMOS,https://cosmos.bluesoft.com.br/products/barcode/419DAAF538CD2790A1754EDB31D059AA.png,,,,,,,,,,,,,,,,,,,,,,,,,
Notebook,0195949841767,,,,,,,,,,,,,,,,,,,,,,Não encontrado,,,,,,,,,,,,,,,,,,,,,,,,
Notebook,0195949867613,,,,,,,,,,,,,,,,,,,,,,Não encontrado,,,,,,,,,,,,,,,,,,,,,,,,
Notebook,0195949868962,,,,,,,,,,,,,,,,,,,,,,Não encontrado,,,,,,,,,,,,,,,,,,,,,,,,
Notebook,0195949869419,,,,,,,,,,,,,,,,,,,,,,Não encontrado,,,,,,,,,,,,,,,,,,,,,,,,
Notebook,0195950489255,,,,,,,,,,,,,,,,,,,,,,Não encontrado,,,,,,,,,,,,,,,,,,,,,,,,
Notebook,0195950688115,,,,,,,,,,,,,,,,,,,,,,Não encontrado,,,,,,,,,,,,,,,,,,,,,,,,
Notebook,0195950694994,,,,,,,,,,,,,,,,,,,,,,Não encontrado,,,,,,,,,,,,,,,,,,,,,,,,
Notebook,0195950696875,,,,,,,,,,,,,,,,,,,,,,Não encontrado,,,,,,,,,,,,,,,,,,,,,,,,
Notebook,0195950712650,,,,,,,,,,,,,,,,,,,,,,Não encontrado,,,,,,,,,,,,,,,,,,,,,,,,
Notebook,0195950714531,,,,,,,,,,,,,,,,,,,,,,Não encontrado,,,,,,,,,,,,,,,,,,,,,,,,
Notebook,0195950717990,,,,,,,,,,,,,,,,,,,,,,Não encontrado,,,,,,,,,,,,,,,,,,,,,,,,
Notebook,0195951255026,,,,,,,,,,,,,,,,,,,,,,Não encontrado,,,,,,,,,,,,,,,,,,,,,,,,
Notebook,0196119507667,,,,,,,,,,,,,,,,,,,,,,Não encontrado,,,,,,,,,,,,,,,,,,,,,,,,
Notebook,0197532467309,NOTEBOOK 15.6 IDEAPAD 1I I71255U/12GB/512GBSSD/UMA/W11 CINZA UN LENOVO,197532467309,,,,,,2023-12-17T21:57:20.000-03:00,2025-07-16T19:12:27.000-03:00,,,,0,0,197532467309,Unidade,1,,,COSMOS,https://cosmos.bluesoft.com.br/products/barcode/9280EB939B9643E18C84BFF487CF2CBA.png,,,,,84713019,Outras,"Reatores nucleares, caldeiras, máquinas, aparelhos e instrumentos mecânicos, e suas partes - Máquinas automáticas para processamento de dados e suas unidades; leitores magnéticos ou ópticos, máquinas para registrar dados em suporte sob forma codificada, e máquinas para processamento desses dados, não especificadas nem compreendidas em outras posições - Máquinas automáticas para processamento de dados, portáteis, de peso não superior a 10kg, contendo pelo menos uma unidade central de processamento, um teclado e uma tela - Capazes de funcionar sem fonte externa de energia - Outras",,,,,,,,,,,,,,,,,,
Notebook,0197532467323,NOTEBOOK CI3 1215U 4GB 256GB SSD CINZA WIN,197532467323,,,,,,2024-01-21T09:49:30.000-03:00,2026-01-15T10:10:42.000-03:00,,,,0,0,197532467323,Unidade,1,,,COSMOS,https://cosmos.bluesoft.com.br/products/barcode/9280EB939B9643E10E5274459C2C8AD1.png,,,,,,,,,,,,,,,,,,,,,,,,,
Notebook,0198154252083,,,,,,,,,,,,,,,,,,,,,,Não encontrado,,,,,,,,,,,,,,,,,,,,,,,,
Notebook,0198155000676,,,,,,,,,,,,,,,,,,,,,,Não encontrado,,,,,,,,,,,,,,,,,,,,,,,,
Notebook,0198155001031,,,,,,,,,,,,,,,,,,,,,,Não encontrado,,,,,,,,,,,,,,,,,,,,,,,,
Notebook,0198155001130,,,,,,,,,,,,,,,,,,,,,,Não encontrado,,,,,,,,,,,,,,,,,,,,,,,,
Notebook,0198155001536,,,,,,,,,,,,,,,,,,,,,,Não encontrado,,,,,,,,,,,,,,,,,,,,,,,,
Notebook,0198155001680,,,,,,,,,,,,,,,,,,,,,,Não encontrado,,,,,,,,,,,,,,,,,,,,,,,,
Notebook,0198155001703,,,,,,,,,,,,,,,,,,,,,,Não encontrado,,,,,,,,,,,,,,,,,,,,,,,,
Notebook,0198155874840,,,,,,,,,,,,,,,,,,,,,,Não encontrado,,,,,,,,,,,,,,,,,,,,,,,,
Notebook,0198156389381,,,,,,,,,,,,,,,,,,,,,,Não encontrado,,,,,,,,,,,,,,,,,,,,,,,,
Notebook,0198156745170,,,,,,,,,,,,,,,,,,,,,,Não encontrado,,,,,,,,,,,,,,,,,,,,,,,,
Notebook,0198157134133,,,,,,,,,,,,,,,,,,,,,,Não encontrado,,,,,,,,,,,,,,,,,,,,,,,,
Notebook,0198157141896,,,,,,,,,,,,,,,,,,,,,,Não encontrado,,,,,,,,,,,,,,,,,,,,,,,,
Notebook,0198157277168,,,,,,,,,,,,,,,,,,,,,,Não encontrado,,,,,,,,,,,,,,,,,,,,,,,,
Notebook,0198158686686,,,,,,,,,,,,,,,,,,,,,,Não encontrado,,,,,,,,,,,,,,,,,,,,,,,,
Notebook,0198158802376,,,,,,,,,,,,,,,,,,,,,,Não encontrado,,,,,,,,,,,,,,,,,,,,,,,,
Notebook,0198701854012,,,,,,,,,,,,,,,,,,,,,,Não encontrado,,,,,,,,,,,,,,,,,,,,,,,,
Notebook,0199251460852,NOTEBOOK 256R G9 I5 8GB 256GB SSD 15 6 W11H BQ9L1AT HP CX 1 UN,199251460852,,,,,,2025-08-09T17:08:11.000-03:00,2025-08-09T17:08:12.000-03:00,,,,0,0,199251460852,Unidade,1,,,COSMOS,https://cosmos.bluesoft.com.br/products/barcode/EBABC048FF7FA8C06ED96D7BF59BFF18.png,,,,,,,,,,,,,,,,,,,,,,,,,
Notebook,0199271789490,,,,,,,,,,,,,,,,,,,,,,Não encontrado,,,,,,,,,,,,,,,,,,,,,,,,
Notebook,0199271913345,,,,,,,,,,,,,,,,,,,,,,Não encontrado,,,,,,,,,,,,,,,,,,,,,,,,
Notebook,0199272563136,,,,,,,,,,,,,,,,,,,,,,Não encontrado,,,,,,,,,,,,,,,,,,,,,,,,
Notebook,0199272665014,,,,,,,,,,,,,,,,,,,,,,Não encontrado,,,,,,,,,,,,,,,,,,,,,,,,
Notebook,0199272843146,,,,,,,,,,,,,,,,,,,,,,Não encontrado,,,,,,,,,,,,,,,,,,,,,,,,
Notebook,0199272843160,,,,,,,,,,,,,,,,,,,,,,Não encontrado,,,,,,,,,,,,,,,,,,,,,,,,
Notebook,0199272843207,,,,,,,,,,,,,,,,,,,,,,Não encontrado,,,,,,,,,,,,,,,,,,,,,,,,
Notebook,0199272850175,,,,,,,,,,,,,,,,,,,,,,Não encontrado,,,,,,,,,,,,,,,,,,,,,,,,
Notebook,0199272907503,,,,,,,,,,,,,,,,,,,,,,Não encontrado,,,,,,,,,,,,,,,,,,,,,,,,
Notebook,0199272907558,,,,,,,,,,,,,,,,,,,,,,Não encontrado,,,,,,,,,,,,,,,,,,,,,,,,
Notebook,0199272907572,,,,,,,,,,,,,,,,,,,,,,Não encontrado,,,,,,,,,,,,,,,,,,,,,,,,
Notebook,0199273138975,,,,,,,,,,,,,,,,,,,,,,Não encontrado,,,,,,,,,,,,,,,,,,,,,,,,
Notebook,0199275105722,,,,,,,,,,,,,,,,,,,,,,Não encontrado,,,,,,,,,,,,,,,,,,,,,,,,
Notebook,0199275320392,,,,,,,,,,,,,,,,,,,,,,Não encontrado,,,,,,,,,,,,,,,,,,,,,,,,
Notebook,0199275320439,,,,,,,,,,,,,,,,,,,,,,Não encontrado,,,,,,,,,,,,,,,,,,,,,,,,
Notebook,0199275320460,,,,,,,,,,,,,,,,,,,,,,Não encontrado,,,,,,,,,,,,,,,,,,,,,,,,
Notebook,0199275545658,,,,,,,,,,,,,,,,,,,,,,Não encontrado,,,,,,,,,,,,,,,,,,,,,,,,
Notebook,0199276079640,,,,,,,,,,,,,,,,,,,,,,Não encontrado,,,,,,,,,,,,,,,,,,,,,,,,
Notebook,0199276331687,,,,,,,,,,,,,,,,,,,,,,Não encontrado,,,,,,,,,,,,,,,,,,,,,,,,
Notebook,0708787806777,,,,,,,,,,,,,,,,,,,,,,Não encontrado,,,,,,,,,,,,,,,,,,,,,,,,
Notebook,0884116514749,,,,,,,,,,,,,,,,,,,,,,Não encontrado,,,,,,,,,,,,,,,,,,,,,,,,
Notebook,0884116864127,,,,,,,,,,,,,,,,,,,,,,Não encontrado,,,,,,,,,,,,,,,,,,,,,,,,
Notebook,2000000292793,,,,,,,,,,,,,,,,,,,,,,Não encontrado,,,,,,,,,,,,,,,,,,,,,,,,
Notebook,4710886825418,,,,,,,,,,,,,,,,,,,,,,Não encontrado,,,,,,,,,,,,,,,,,,,,,,,,
Notebook,4710886825562,,,,,,,,,,,,,,,,,,,,,,Não encontrado,,,,,,,,,,,,,,,,,,,,,,,,
Notebook,4710886829416,NOTE ACER CI5 1135G7 8GB 256GBSSD PL PRATA WIN 11,4710886829416,,,,,,2025-05-24T13:26:53.000-03:00,2025-05-24T13:26:54.000-03:00,,,,0,0,4710886829416,Unidade,1,,,COSMOS,https://cosmos.bluesoft.com.br/products/barcode/60006B242322B558E805C983AF7C55F1.png,,,,,,,,,,,,,,,,,,,,,,,,,
Notebook,4711121231100,,,,,,,,,,,,,,,,,,,,,,Não encontrado,,,,,,,,,,,,,,,,,,,,,,,,
Notebook,4711121666278,"NOTEBOOK ACER VERO AV15 53P 56HM I5 8GB 512GB W11H NX KPUAL 001 15,6 FHD",4711121666278,,,,,,2025-09-02T17:28:49.000-03:00,2026-04-10T10:10:40.000-03:00,,,,0,0,4711121666278,Unidade,1,,,COSMOS,https://cosmos.bluesoft.com.br/products/barcode/E4AF59559DFB086C967C34142236301F.png,,,,,,,,,,,,,,,,,,,,,,,,,
Notebook,4711121970412,,,,,,,,,,,,,,,,,,,,,,Não encontrado,,,,,,,,,,,,,,,,,,,,,,,,
Notebook,4711474482006,,,,,,,,,,,,,,,,,,,,,,Não encontrado,,,,,,,,,,,,,,,,,,,,,,,,
Notebook,4711474482075,,,,,,,,,,,,,,,,,,,,,,Não encontrado,,,,,,,,,,,,,,,,,,,,,,,,
Notebook,4711474519740,,,,,,,,,,,,,,,,,,,,,,Não encontrado,,,,,,,,,,,,,,,,,,,,,,,,
Notebook,4711474619846,,,,,,,,,,,,,,,,,,,,,,Não encontrado,,,,,,,,,,,,,,,,,,,,,,,,
Notebook,4711474665713,,,,,,,,,,,,,,,,,,,,,,Não encontrado,,,,,,,,,,,,,,,,,,,,,,,,
Notebook,4711474722386,,,,,,,,,,,,,,,,,,,,,,Não encontrado,,,,,,,,,,,,,,,,,,,,,,,,
Notebook,4711474755148,,,,,,,,,,,,,,,,,,,,,,Não encontrado,,,,,,,,,,,,,,,,,,,,,,,,
Notebook,4711474766755,,,,,,,,,,,,,,,,,,,,,,Não encontrado,,,,,,,,,,,,,,,,,,,,,,,,
Notebook,4711636123709,,,,,,,,,,,,,,,,,,,,,,Não encontrado,,,,,,,,,,,,,,,,,,,,,,,,
Notebook,4711636681124,,,,,,,,,,,,,,,,,,,,,,Não encontrado,,,,,,,,,,,,,,,,,,,,,,,,
Notebook,4711721109229,,,,,,,,,,,,,,,,,,,,,,Não encontrado,,,,,,,,,,,,,,,,,,,,,,,,
Notebook,4711721185919,,,,,,,,,,,,,,,,,,,,,,Não encontrado,,,,,,,,,,,,,,,,,,,,,,,,
Notebook,4711721188057,,,,,,,,,,,,,,,,,,,,,,Não encontrado,,,,,,,,,,,,,,,,,,,,,,,,
Notebook,4711721222683,,,,,,,,,,,,,,,,,,,,,,Não encontrado,,,,,,,,,,,,,,,,,,,,,,,,
Notebook,7890000050746,,,,,,,,,,,,,,,,,,,,,,Não encontrado,,,,,,,,,,,,,,,,,,,,,,,,
Notebook,7890000421850,"163SP7M200HT CORREIA DENT FOX,GOL,UP DAYCO POWER LTDA",7890000421850,,,,,,2025-11-04T08:08:33.000-03:00,2026-09-15T18:12:53.000-03:00,,,,0,0,7890000421850,Unidade,1,,,COSMOS,https://cosmos.bluesoft.com.br/products/barcode/E04494C2C67096C38AB5DD8D127DA4D7.png,,,EMPÓRIO BOX,/assets/brand-placeholder-7080174fbd24025783105a607811edad.png,,,,,,,,,,,,,,,,,,,,,
Notebook,7890000587051,,,,,,,,,,,,,,,,,,,,,,Não encontrado,,,,,,,,,,,,,,,,,,,,,,,,
Notebook,7890000587570,,,,,,,,,,,,,,,,,,,,,,Não encontrado,,,,,,,,,,,,,,,,,,,,,,,,
Notebook,7890000618106,FRANGO INTEIRO RESF KG,7890000618106,,,,,,2024-05-05T13:12:39.000-03:00,2024-05-05T13:12:41.000-03:00,,,,0,0,7890000618106,Unidade,1,,,COSMOS,https://cosmos.bluesoft.com.br/products/barcode/4579BDFFCCFE45A56E504BF863584CBE.png,,,,,,,,,,,,,,,,,,,,,,,,,
Notebook,7890000674027,,,,,,,,,,,,,,,,,,,,,,Não encontrado,,,,,,,,,,,,,,,,,,,,,,,,
Notebook,7890000683388,,,,,,,,,,,,,,,,,,,,,,Não encontrado,,,,,,,,,,,,,,,,,,,,,,,,
Notebook,7890000701952,,,,,,,,,,,,,,,,,,,,,,Não encontrado,,,,,,,,,,,,,,,,,,,,,,,,
Notebook,7890000713450,,,,,,,,,,,,,,,,,,,,,,Não encontrado,,,,,,,,,,,,,,,,,,,,,,,,
Notebook,7890000957649,,,,,,,,,,,,,,,,,,,,,,Não encontrado,,,,,,,,,,,,,,,,,,,,,,,,
Notebook,7891000001578,PISCA ALARME LED SINALIZADOR IPEC PARA ALARME,7891000001578,,,,,,2016-04-06T09:15:06.000-03:00,2025-09-03T13:52:30.000-03:00,,,,0,0,7891000001578,Unidade,1,,,COSMOS,https://cosmos.bluesoft.com.br/products/barcode/8C86D6ABFCFEA86D117761AC2C983DB5.png,,https://cdn-cosmos.bluesoft.com.br/products/7891000001578,,,,,,,,,,,,,,,,,,,,,,,
Notebook,7891000001585,MICROFONE PROFISSIONAL IPEC PARA CFTV,7891000001585,,,,,,2016-04-06T09:15:09.000-03:00,2020-06-10T19:58:43.000-03:00,,,,0,0,7891000001585,Unidade,1,,,COSMOS,https://cosmos.bluesoft.com.br/products/barcode/8C86D6ABFCFEA86D03FCBEE2BC225A47.png,,,,,,,,,,,,,,,,,,,,,,,,,
Notebook,7891000001615,BALDE PIPOCA AZUL ESCURO 1L,7891000001615,,,,,,2018-12-13T17:18:56.000-02:00,2025-12-11T09:05:17.000-03:00,,,,0,0,7891000001615,Unidade,1,,,COSMOS,https://cosmos.bluesoft.com.br/products/barcode/8C86D6ABFCFEA86D665ADEF84E11A20E.png,,,,,,,,,,,,,,,,,,,,,,,,,
Notebook,7891000001646,BALDE PIPOCA VERDE LIMAO 1L,7891000001646,130,130,135,53,53,2018-12-13T17:12:58.000-02:00,2026-04-20T16:56:31.000-03:00,,,,0,0,7891000001646,Unidade,1,,,COSMOS,https://cosmos.bluesoft.com.br/products/barcode/8C86D6ABFCFEA86D927C52342DCB3584.png,,https://cdn-cosmos.bluesoft.com.br/products/7891000001646,,,39269090,Outras,Plásticos e suas obras - Outras obras de plásticos e obras de outras matérias das posições 3901 a 3914 - Outras - Outras,,10017456,Unidade,100,0,0,,,,,,,,7895807880985,Caixa,10,0,0
Notebook,7891000001653,COLHER KITCHENAID DE SILICONE PARA MASSA,7891000001653,,,,,,2016-04-06T09:16:07.000-03:00,2026-07-25T13:07:20.000-03:00,,,,0,0,7891000001653,Unidade,1,,,COSMOS,https://cosmos.bluesoft.com.br/products/barcode/8C86D6ABFCFEA86D8E1EF3D355C82D40.png,,https://cdn-cosmos.bluesoft.com.br/products/7891000001653,,,48236000,"Bandejas, Travessas, Pratos, Xicaras, Etc. De Papel/cartao","Papel e cartão; obras de pasta de celulose, de papel ou de cartão - Outros papéis, cartões, pasta (“ouate”) de celulose e mantas de fibras de celulose, cortados em forma própria; outras obras de pasta de papel, papel, cartão, pasta (“ouate”) de celulose ou de mantas de fibras de celulose - Bandejas, travessas, pratos, xícaras ou chávenas, taças, copos e artigos semelhantes, de papel ou cartão: - Bandejas, Travessas, Pratos, Xicaras, Etc. De Papel/cartao",,,,,,,,,,,,,,,,,,
Notebook,7891368284002,,,,,,,,,,,,,,,,,,,,,,Não encontrado,,,,,,,,,,,,,,,,,,,,,,,,
Notebook,7891388626004,,,,,,,,,,,,,,,,,,,,,,Não encontrado,,,,,,,,,,,,,,,,,,,,,,,,
Notebook,7891411263008,,,,,,,,,,,,,,,,,,,,,,Não encontrado,,,,,,,,,,,,,,,,,,,,,,,,
Notebook,7891413274002,,,,,,,,,,,,,,,,,,,,,,Não encontrado,,,,,,,,,,,,,,,,,,,,,,,,
Notebook,7892509136181,NOTEBOOK SAMSUNG 15.6 I31315U 8GB 256GBSSD W11 CZA BIV NP750XGJKG5BR,7892509136181,,,,,,2024-09-29T19:07:14.000-03:00,2024-12-20T12:15:43.000-03:00,,,,0,0,7892509136181,Unidade,1,,,COSMOS,https://cosmos.bluesoft.com.br/products/barcode/A44747C82FC8A71409EDA126C6A1E162.png,,,,,84713019,Outras,"Reatores nucleares, caldeiras, máquinas, aparelhos e instrumentos mecânicos, e suas partes - Máquinas automáticas para processamento de dados e suas unidades; leitores magnéticos ou ópticos, máquinas para registrar dados em suporte sob forma codificada, e máquinas para processamento desses dados, não especificadas nem compreendidas em outras posições - Máquinas automáticas para processamento de dados, portáteis, de peso não superior a 10kg, contendo pelo menos uma unidade central de processamento, um teclado e uma tela - Capazes de funcionar sem fonte externa de energia - Outras",,,,,,,,,,,,,,,,,,
Notebook,7892509150323,,,,,,,,,,,,,,,,,,,,,,Não encontrado,,,,,,,,,,,,,,,,,,,,,,,,
Notebook,7892509150361,,,,,,,,,,,,,,,,,,,,,,Não encontrado,,,,,,,,,,,,,,,,,,,,,,,,
Notebook,7892509150378,,,,,,,,,,,,,,,,,,,,,,Não encontrado,,,,,,,,,,,,,,,,,,,,,,,,
Notebook,7892509150507,,,,,,,,,,,,,,,,,,,,,,Não encontrado,,,,,,,,,,,,,,,,,,,,,,,,
Notebook,7892509150514,,,,,,,,,,,,,,,,,,,,,,Não encontrado,,,,,,,,,,,,,,,,,,,,,,,,
Notebook,7893355038445,,,,,,,,,,,,,,,,,,,,,,Não encontrado,,,,,,,,,,,,,,,,,,,,,,,,
Notebook,7893814370529,,,,,,,,,,,,,,,,,,,,,,Não encontrado,,,,,,,,,,,,,,,,,,,,,,,,
Notebook,7893818141477,,,,,,,,,,,,,,,,,,,,,,Não encontrado,,,,,,,,,,,,,,,,,,,,,,,,
Notebook,7894795255843,,,,,,,,,,,,,,,,,,,,,,Não encontrado,,,,,,,,,,,,,,,,,,,,,,,,
Notebook,7894892079380,,,,,,,,,,,,,,,,,,,,,,Não encontrado,,,,,,,,,,,,,,,,,,,,,,,,
Notebook,7894892084681,,,,,,,,,,,,,,,,,,,,,,Não encontrado,,,,,,,,,,,,,,,,,,,,,,,,
Notebook,7895637934049,,,,,,,,,,,,,,,,,,,,,,Não encontrado,,,,,,,,,,,,,,,,,,,,,,,,
Notebook,7895822489781,,,,,,,,,,,,,,,,,,,,,,Não encontrado,,,,,,,,,,,,,,,,,,,,,,,,
Notebook,7896595523863,,,,,,,,,,,,,,,,,,,,,,Não encontrado,,,,,,,,,,,,,,,,,,,,,,,,
Notebook,7896595523887,,,,,,,,,,,,,,,,,,,,,,Não encontrado,,,,,,,,,,,,,,,,,,,,,,,,
Notebook,7896595523894,,,,,,,,,,,,,,,,,,,,,,Não encontrado,,,,,,,,,,,,,,,,,,,,,,,,
Notebook,7896595523948,,,,,,,,,,,,,,,,,,,,,,Não encontrado,,,,,,,,,,,,,,,,,,,,,,,,
Notebook,7896595524051,,,,,,,,,,,,,,,,,,,,,,Não encontrado,,,,,,,,,,,,,,,,,,,,,,,,
Notebook,7896595524068,,,,,,,,,,,,,,,,,,,,,,Não encontrado,,,,,,,,,,,,,,,,,,,,,,,,
Notebook,7896904650211,,,,,,,,,,,,,,,,,,,,,,Não encontrado,,,,,,,,,,,,,,,,,,,,,,,,
Notebook,7896904663938,POSITIVO NOTEBOOK COMPAQ PRESARIO 424 4GB 1TB TELA 14,7896904663938,,,,,,2023-08-20T22:08:10.000-03:00,2023-08-20T22:08:12.000-03:00,,,,0,0,7896904663938,Unidade,1,,,COSMOS,https://cosmos.bluesoft.com.br/products/barcode/629A7926466B1B13C734EAE5AEC20F82.png,,,,,,,,,,,,,,,,,,,,,,,,,
Notebook,7896904680348,NOTEBOOK 14 DC4,7896904680348,,,,,,2021-04-08T06:25:52.000-03:00,2023-08-05T13:10:05.000-03:00,,,,0,0,7896904680348,Unidade,1,,,COSMOS,https://cosmos.bluesoft.com.br/products/barcode/629A7926466B1B13B2FD810E16887A78.png,,,,,,,,,,,,,,,,,,,,,,,,,
Notebook,7896904680607,NOTEBOOK POSITIVO MOTION W10 128GB,7896904680607,,,,,,2021-09-26T11:19:23.000-03:00,2025-01-06T07:06:50.000-03:00,,,,0,0,7896904680607,Unidade,1,,,COSMOS,https://cosmos.bluesoft.com.br/products/barcode/629A7926466B1B13E0DBB4579243F5E2.png,,,,,84713012,"De peso inferior a 3,5 kg, com teclado alfanumérico de no mínimo 70 teclas e com uma tela de área superior a 140 cm2 e inferior a 560 cm2.","Reatores nucleares, caldeiras, máquinas, aparelhos e instrumentos mecânicos, e suas partes - Máquinas automáticas para processamento de dados e suas unidades; leitores magnéticos ou ópticos, máquinas para registrar dados em suporte sob forma codificada, e máquinas para processamento desses dados, não especificadas nem compreendidas em outras posições - Máquinas automáticas para processamento de dados, portáteis, de peso não superior a 10kg, contendo pelo menos uma unidade central de processamento, um teclado e uma tela - Capazes de funcionar sem fonte externa de energia - De peso inferior a 3,5 kg, com teclado alfanumérico de no mínimo 70 teclas e com uma tela de área superior a 140 cm2 e inferior a 560 cm2.",,,,,,,,,,,,,,,,,,
Notebook,7896904684483,POSITIVO NOT MOTION RED Q464C VERMELHO BIVOLT,7896904684483,,,,,,2023-03-11T23:16:21.000-03:00,2024-01-09T15:26:12.000-03:00,,,,0,0,7896904684483,Unidade,1,,,COSMOS,https://cosmos.bluesoft.com.br/products/barcode/629A7926466B1B136344E090659E21CC.png,,,,,,,,,,,,,,,,,,,,,,,,,
Notebook,7897975714734,,,,,,,,,,,,,,,,,,,,,,Não encontrado,,,,,,,,,,,,,,,,,,,,,,,,
Notebook,7898242295659,,,,,,,,,,,,,,,,,,,,,,Não encontrado,,,,,,,,,,,,,,,,,,,,,,,,
Notebook,7898571463606,,,,,,,,,,,,,,,,,,,,,,Não encontrado,,,,,,,,,,,,,,,,,,,,,,,,
Notebook,7898573297520,NOTEBOOK ASUS CI3 4GB 256GB SSD CI WIN10 CINZA WIN,7898573297520,,,,,,2021-04-08T12:24:51.000-03:00,2023-03-15T01:56:24.000-03:00,,,,0,0,7898573297520,Unidade,1,,,COSMOS,https://cosmos.bluesoft.com.br/products/barcode/CA525C4587F08817D06A83FDBFD85C9A.png,,,,,,,,,,,,,,,,,,,,,,,,,
Notebook,7898573299654,NOTEBOOK ASUS VIVOBOOK GO 15 AMD RYZEN 5 8GB 256GB KEEPOS,7898573299654,,,,,,2025-09-05T00:30:15.000-03:00,2025-09-05T00:30:16.000-03:00,,,,0,0,7898573299654,Unidade,1,,,COSMOS,https://cosmos.bluesoft.com.br/products/barcode/CA525C4587F08817D012516ECEF2E843.png,,,,,,,,,,,,,,,,,,,,,,,,,
Notebook,7898573299784,"NOTEBOOK ASUS VIVOBOOK GO15 CORE I3 8GB 256GB SSD TELA 15,6 WINDOWS 11 HOME E1504GA NJ434W PRATA",7898573299784,,,,,,2025-09-04T23:54:05.000-03:00,2025-09-04T23:54:06.000-03:00,,,,0,0,7898573299784,Unidade,1,,,COSMOS,https://cosmos.bluesoft.com.br/products/barcode/CA525C4587F0881760CA6F138F84AF84.png,,,,,,,,,,,,,,,,,,,,,,,,,
Notebook,7899548514215,,,,,,,,,,,,,,,,,,,,,,Não encontrado,,,,,,,,,,,,,,,,,,,,,,,,
Notebook,7899838817859,"NOTEBOOK M11W 11,6 CZ 2GB 32GB N8258",7899838817859,,,,,,2018-08-04T08:49:11.000-03:00,2023-03-14T03:47:28.000-03:00,,,,0,0,7899838817859,Unidade,1,,,COSMOS,https://cosmos.bluesoft.com.br/products/barcode/9D287CA8F08B71AAA3B85A75986C4588.png,,,,,,,,,,,,,,,,,,,,,,,,,
Notebook,7899864950414,NOTE DELL INSPIRON 15 6 13 CI5 16GB 1TB PRETO WIN 11,7899864950414,,,,,,2025-09-25T12:33:27.000-03:00,2025-09-25T12:33:29.000-03:00,,,,0,0,7899864950414,Unidade,1,,,COSMOS,https://cosmos.bluesoft.com.br/products/barcode/2A98E69EE08AD0539703F0CBD3745C0C.png,,,,,,,,,,,,,,,,,,,,,,,,,
Notebook,7899864950742,,,,,,,,,,,,,,,,,,,,,,Não encontrado,,,,,,,,,,,,,,,,,,,,,,,,
Notebook,7899864950759,,,,,,,,,,,,,,,,,,,,,,Não encontrado,,,,,,,,,,,,,,,,,,,,,,,,
Notebook,7899864950773,,,,,,,,,,,,,,,,,,,,,,Não encontrado,,,,,,,,,,,,,,,,,,,,,,,,
Notebook,7899864955327,,,,,,,,,,,,,,,,,,,,,,Não encontrado,,,,,,,,,,,,,,,,,,,,,,,,
Notebook,7899864955334,,,,,,,,,,,,,,,,,,,,,,Não encontrado,,,,,,,,,,,,,,,,,,,,,,,,
Notebook,7899864955389,,,,,,,,,,,,,,,,,,,,,,Não encontrado,,,,,,,,,,,,,,,,,,,,,,,,
Notebook,7899864955426,,,,,,,,,,,,,,,,,,,,,,Não encontrado,,,,,,,,,,,,,,,,,,,,,,,,
Notebook,7899864955662,,,,,,,,,,,,,,,,,,,,,,Não encontrado,,,,,,,,,,,,,,,,,,,,,,,,
Notebook,7899864955716,,,,,,,,,,,,,,,,,,,,,,Não encontrado,,,,,,,,,,,,,,,,,,,,,,,,
Notebook,7899864955730,,,,,,,,,,,,,,,,,,,,,,Não encontrado,,,,,,,,,,,,,,,,,,,,,,,,
Notebook,7899864955754,,,,,,,,,,,,,,,,,,,,,,Não encontrado,,,,,,,,,,,,,,,,,,,,,,,,
Notebook,7899864955778,,,,,,,,,,,,,,,,,,,,,,Não encontrado,,,,,,,,,,,,,,,,,,,,,,,,
Notebook,7899864955785,,,,,,,,,,,,,,,,,,,,,,Não encontrado,,,,,,,,,,,,,,,,,,,,,,,,
Notebook,7899864955822,,,,,,,,,,,,,,,,,,,,,,Não encontrado,,,,,,,,,,,,,,,,,,,,,,,,
Notebook,7899864955846,,,,,,,,,,,,,,,,,,,,,,Não encontrado,,,,,,,,,,,,,,,,,,,,,,,,
Notebook,7899864955952,,,,,,,,,,,,,,,,,,,,,,Não encontrado,,,,,,,,,,,,,,,,,,,,,,,,
Notebook,7899864955976,,,,,,,,,,,,,,,,,,,,,,Não encontrado,,,,,,,,,,,,,,,,,,,,,,,,
Notebook,7899864956041,,,,,,,,,,,,,,,,,,,,,,Não encontrado,,,,,,,,,,,,,,,,,,,,,,,,
Notebook,7899864956065,,,,,,,,,,,,,,,,,,,,,,Não encontrado,,,,,,,,,,,,,,,,,,,,,,,,
Notebook,7899864956133,,,,,,,,,,,,,,,,,,,,,,Não encontrado,,,,,,,,,,,,,,,,,,,,,,,,
Notebook,7899864956249,,,,,,,,,,,,,,,,,,,,,,Não encontrado,,,,,,,,,,,,,,,,,,,,,,,,
Notebook,7899864956300,,,,,,,,,,,,,,,,,,,,,,Não encontrado,,,,,,,,,,,,,,,,,,,,,,,,
Notebook,7899864956492,,,,,,,,,,,,,,,,,,,,,,Não encontrado,,,,,,,,,,,,,,,,,,,,,,,,
Notebook,7899864956522,,,,,,,,,,,,,,,,,,,,,,Não encontrado,,,,,,,,,,,,,,,,,,,,,,,,
Notebook,7899864956539,,,,,,,,,,,,,,,,,,,,,,Não encontrado,,,,,,,,,,,,,,,,,,,,,,,,
Notebook,7899864956546,,,,,,,,,,,,,,,,,,,,,,Não encontrado,,,,,,,,,,,,,,,,,,,,,,,,
Notebook,7899864956751,,,,,,,,,,,,,,,,,,,,,,Não encontrado,,,,,,,,,,,,,,,,,,,,,,,,
Notebook,7899864956768,,,,,,,,,,,,,,,,,,,,,,Não encontrado,,,,,,,,,,,,,,,,,,,,,,,,
Notebook,7900580765920,,,,,,,,,,,,,,,,,,,,,,Não encontrado,,,,,,,,,,,,,,,,,,,,,,,,
Notebook,7902016727519,,,,,,,,,,,,,,,,,,,,,,Não encontrado,,,,,,,,,,,,,,,,,,,,,,,,
Notebook,7902030269392,,,,,,,,,,,,,,,,,,,,,,Não encontrado,,,,,,,,,,,,,,,,,,,,,,,,
Notebook,7904234851175,,,,,,,,,,,,,,,,,,,,,,Não encontrado,,,,,,,,,,,,,,,,,,,,,,,,
Notebook,7904826707705,,,,,,,,,,,,,,,,,,,,,,Não encontrado,,,,,,,,,,,,,,,,,,,,,,,,
Notebook,7906526994959,,,,,,,,,,,,,,,,,,,,,,Não encontrado,,,,,,,,,,,,,,,,,,,,,,,,
Notebook,7907441284903,,,,,,,,,,,,,,,,,,,,,,Não encontrado,,,,,,,,,,,,,,,,,,,,,,,,
Notebook,7908068807629,NOTEBOOK POSITIVO 14 CEL 4GB 128GB W11,7908068807629,,,,,,2023-07-24T12:51:22.000-03:00,2026-09-16T10:52:07.000-03:00,,,,0,0,7908068807629,Unidade,1,,,COSMOS,https://cosmos.bluesoft.com.br/products/barcode/EB61724F13882A00D248165E36728CBA.png,,,,,,,,,,,,,,,,,,,,,,,,,
Notebook,7908068807650,NOTEBOOK 15.6 VISION C4128A15 CELERON/4GB/128GBSSD/W11 CINZA UN POSITIVO,7908068807650,,,,,,2023-09-03T14:44:47.000-03:00,2026-09-16T10:52:08.000-03:00,,,,0,0,7908068807650,Unidade,1,,,COSMOS,https://cosmos.bluesoft.com.br/products/barcode/EB61724F13882A00822415BC2E7A492E.png,,,,,,,,,,,,,,,,,,,,,,,,,
Notebook,7908068813736,,,,,,,,,,,,,,,,,,,,,,Não encontrado,,,,,,,,,,,,,,,,,,,,,,,,
Notebook,7908068813743,,,,,,,,,,,,,,,,,,,,,,Não encontrado,,,,,,,,,,,,,,,,,,,,,,,,
Notebook,7908068813828,,,,,,,,,,,,,,,,,,,,,,Não encontrado,,,,,,,,,,,,,,,,,,,,,,,,
Notebook,7908068817277,,,,,,,,,,,,,,,,,,,,,,Não encontrado,,,,,,,,,,,,,,,,,,,,,,,,
Notebook,7908068817543,,,,,,,,,,,,,,,,,,,,,,Não encontrado,,,,,,,,,,,,,,,,,,,,,,,,
Notebook,7908068819974,VAIO FE16 VJFE6,7908068819974,,,,,,2025-09-07T09:55:45.000-03:00,2026-09-16T10:52:13.000-03:00,,,,0,0,7908068819974,Unidade,1,,,COSMOS,https://cosmos.bluesoft.com.br/products/barcode/EB61724F13882A00A9BE9BC268CF1593.png,,,,,,,,,,,,,,,,,,,,,,,,,
Notebook,7908068821595,,,,,,,,,,,,,,,,,,,,,,Não encontrado,,,,,,,,,,,,,,,,,,,,,,,,
Notebook,7908068825142,,,,,,,,,,,,,,,,,,,,,,Não encontrado,,,,,,,,,,,,,,,,,,,,,,,,
Notebook,7908068826989,,,,,,,,,,,,,,,,,,,,,,Não encontrado,,,,,,,,,,,,,,,,,,,,,,,,
Notebook,7908068826996,,,,,,,,,,,,,,,,,,,,,,Não encontrado,,,,,,,,,,,,,,,,,,,,,,,,
Notebook,7908068827016,,,,,,,,,,,,,,,,,,,,,,Não encontrado,,,,,,,,,,,,,,,,,,,,,,,,
Notebook,7908140433135,,,,,,,,,,,,,,,,,,,,,,Não encontrado,,,,,,,,,,,,,,,,,,,,,,,,
Notebook,7908737300093,"NOTEBOOK E510 CELERON D CORE 4GB 128GB EMMC 15,6 W11H RS CX 1 UN",7908737300093,,,,,,2025-09-07T14:17:03.000-03:00,2026-09-16T10:52:20.000-03:00,,,,0,0,7908737300093,Unidade,1,,,COSMOS,https://cosmos.bluesoft.com.br/products/barcode/A5BD70FB9B2B4245B2A4693F8C112E7A.png,,,,,,,,,,,,,,,,,,,,,,,,,
Notebook,7908737300314,"NOTEBOOK ASUS X515KA INTEL CELERON DUAL CORE N4500 4GB RAM 128GB SSD WINDOWS 11 HOME 15,6 HD GREY EJ303WS",7908737300314,,,,,,2025-09-07T14:01:29.000-03:00,2026-09-16T10:52:21.000-03:00,,,,0,0,7908737300314,Unidade,1,,,COSMOS,https://cosmos.bluesoft.com.br/products/barcode/A5BD70FB9B2B42451D80C6073DFC0E0C.png,,,,,,,,,,,,,,,,,,,,,,,,,
Notebook,7908737300734,,,,,,,,,,,,,,,,,,,,,,Não encontrado,,,,,,,,,,,,,,,,,,,,,,,,
Notebook,7908737300833,NOTEBOOK ASUS VIVOBOOK CORE I5 1334U 16GB 1TB NJ2247 PRATA,7908737300833,,,,,,2025-11-19T15:49:17.000-03:00,2026-09-16T10:52:23.000-03:00,,,,0,0,7908737300833,Unidade,1,,,COSMOS,https://cosmos.bluesoft.com.br/products/barcode/A5BD70FB9B2B424548B533B1617E5A90.png,,,,,,,,,,,,,,,,,,,,,,,,,
Notebook,7908737300864,"NOTEBOOK ASUS TUF GAMING F16 INTEL CORE 5, RTX 3050, 16 GB, 512 GB SSD, W11 HOME,TELA 16 0 FHD, MECHA GRAY FX607VJ R",7908737300864,,,,,,2026-01-14T10:20:56.000-03:00,2026-09-16T10:52:24.000-03:00,,,,0,0,7908737300864,Unidade,1,,,COSMOS,https://cosmos.bluesoft.com.br/products/barcode/A5BD70FB9B2B42455C4616BC63FBC134.png,,,,,,,,,,,,,,,,,,,,,,,,,
Notebook,7908737300994,,,,,,,,,,,,,,,,,,,,,,Não encontrado,,,,,,,,,,,,,,,,,,,,,,,,
Notebook,7908737301090,,,,,,,,,,,,,,,,,,,,,,Não encontrado,,,,,,,,,,,,,,,,,,,,,,,,
Notebook,7908737301106,,,,,,,,,,,,,,,,,,,,,,Não encontrado,,,,,,,,,,,,,,,,,,,,,,,,
Notebook,7908737301151,,,,,,,,,,,,,,,,,,,,,,Não encontrado,,,,,,,,,,,,,,,,,,,,,,,,
Notebook,7908737301441,,,,,,,,,,,,,,,,,,,,,,Não encontrado,,,,,,,,,,,,,,,,,,,,,,,,
Notebook,7908737301458,,,,,,,,,,,,,,,,,,,,,,Não encontrado,,,,,,,,,,,,,,,,,,,,,,,,
Notebook,7908737301465,,,,,,,,,,,,,,,,,,,,,,Não encontrado,,,,,,,,,,,,,,,,,,,,,,,,
Notebook,7908737301472,,,,,,,,,,,,,,,,,,,,,,Não encontrado,,,,,,,,,,,,,,,,,,,,,,,,
Notebook,7908737301533,,,,,,,,,,,,,,,,,,,,,,Não encontrado,,,,,,,,,,,,,,,,,,,,,,,,
Notebook,7908737301618,,,,,,,,,,,,,,,,,,,,,,Não encontrado,,,,,,,,,,,,,,,,,,,,,,,,
Notebook,7908737301793,,,,,,,,,,,,,,,,,,,,,,Não encontrado,,,,,,,,,,,,,,,,,,,,,,,,
Notebook,7908737301854,,,,,,,,,,,,,,,,,,,,,,Não encontrado,,,,,,,,,,,,,,,,,,,,,,,,
Notebook,7908737301915,,,,,,,,,,,,,,,,,,,,,,Não encontrado,,,,,,,,,,,,,,,,,,,,,,,,
Notebook,7908803304420,,,,,,,,,,,,,,,,,,,,,,Não encontrado,,,,,,,,,,,,,,,,,,,,,,,,
Notebook,7908877200789,,,,,,,,,,,,,,,,,,,,,,Não encontrado,,,,,,,,,,,,,,,,,,,,,,,,
Notebook,8848357454204,,,,,,,,,,,,,,,,,,,,,,Não encontrado,,,,,,,,,,,,,,,,,,,,,,,,
Pneu,0751320394408,PAT.D.TITAN 00/150/BROS/TORN/BIZ/XL/CG83 FABRECK,751320394408,,,,,,2024-10-23T12:16:20.000-03:00,2026-09-16T10:52:39.000-03:00,,,,0,0,751320394408,Unidade,1,,,COSMOS,https://cosmos.bluesoft.com.br/products/barcode/1E2F4E8F269C8879A8894AD262E1B5A6.png,,,,,,,,,,,,,,,,,,,,,,,,,
Pneu,1995300000005,,,,,,,,,,,,,,,,,,,,,,Não encontrado,,,,,,,,,,,,,,,,,,,,,,,,
Pneu,2050000020865,,,,,,,,,,,,,,,,,,,,,,Não encontrado,,,,,,,,,,,,,,,,,,,,,,,,
Pneu,2732429404807,,,,,,,,,,,,,,,,,,,,,,Não encontrado,,,,,,,,,,,,,,,,,,,,,,,,
Pneu,3286341006919,,,,,,,,,,,,,,,,,,,,,,Não encontrado,,,,,,,,,,,,,,,,,,,,,,,,
Pneu,3286342285610,,,,,,,,,,,,,,,,,,,,,,Não encontrado,,,,,,,,,,,,,,,,,,,,,,,,
Pneu,3528701584874,90/90 - 18 MATRIX 57P TT,3528701584874,,,,,,2023-12-03T10:57:43.000-03:00,2026-09-16T10:52:45.000-03:00,,,,0,0,3528701584874,Unidade,1,,,COSMOS,https://cosmos.bluesoft.com.br/products/barcode/87E3F0943A5A9B987DC8F3B1BB07F45E.png,,,,,40115000,Do tipo utilizado em bicicletas,"Borracha e suas obras - Com um teor, em peso, de matérias gordas, não superior a 1 % - Do tipo utilizado em bicicletas",,,,,,,,,,,,,,,,,,
Pneu,3528703722410,,,,,,,,,,,,,,,,,,,,,,Não encontrado,,,,,,,,,,,,,,,,,,,,,,,,
Pneu,3528704901128,PNEU MICHELIN 90/90-21 ANAKEE STREET TL,3528704901128,,,,,,2025-01-06T12:55:07.000-03:00,2026-09-16T10:52:46.000-03:00,,,,0,0,3528704901128,Unidade,1,,,COSMOS,https://cosmos.bluesoft.com.br/products/barcode/AAD2E8FA2A7EA66253B85D20744F1FC6.png,,,,,,,,,,,,,,,,,,,,,,,,,
Pneu,3528706298813,,,,,,,,,,,,,,,,,,,,,,Não encontrado,,,,,,,,,,,,,,,,,,,,,,,,
Pneu,3528707159557,,,,,,,,,,,,,,,,,,,,,,Não encontrado,,,,,,,,,,,,,,,,,,,,,,,,
Pneu,3528707926548,,,,,,,,,,,,,,,,,,,,,,Não encontrado,,,,,,,,,,,,,,,,,,,,,,,,
Pneu,3528708111400,,,,,,,,,,,,,,,,,,,,,,Não encontrado,,,,,,,,,,,,,,,,,,,,,,,,
Pneu,3528708382411,,,,,,,,,,,,,,,,,,,,,,Não encontrado,,,,,,,,,,,,,,,,,,,,,,,,
Pneu,4019238299892,,,,,,,,,,,,,,,,,,,,,,Não encontrado,,,,,,,,,,,,,,,,,,,,,,,,
Pneu,4019238324945,,,,,,,,,,,,,,,,,,,,,,Não encontrado,,,,,,,,,,,,,,,,,,,,,,,,
Pneu,4019238456240,,,,,,,,,,,,,,,,,,,,,,Não encontrado,,,,,,,,,,,,,,,,,,,,,,,,
Pneu,4019238680515,,,,,,,,,,,,,,,,,,,,,,Não encontrado,,,,,,,,,,,,,,,,,,,,,,,,
Pneu,4019238762747,,,,,,,,,,,,,,,,,,,,,,Não encontrado,,,,,,,,,,,,,,,,,,,,,,,,
Pneu,4024063004467,PNEU 235/70R16 106T FR BRAVURIS AT,4024063004467,,,,,,2024-12-11T13:31:53.000-03:00,2026-09-16T10:52:57.000-03:00,,,,0,0,4024063004467,Unidade,1,,,COSMOS,https://cosmos.bluesoft.com.br/products/barcode/7B74124369FB5A012550C74DD576FA86.png,,,,,,,,,,,,,,,,,,,,,,,,,
Pneu,4032344004181,PNEU 175/65R15 84H ALTIMAX ONE,4032344004181,,,,,,2024-12-11T13:32:49.000-03:00,2026-09-16T10:52:58.000-03:00,,,,0,0,4032344004181,Unidade,1,,,COSMOS,https://cosmos.bluesoft.com.br/products/barcode/35D39EBE5A24DB23F0742938B0B9A33C.png,,,,,,,,,,,,,,,,,,,,,,,,,
Pneu,4032344004280,PNEU AL O 195/65 R15,4032344004280,,,,,,2021-09-01T11:44:23.000-03:00,2026-09-16T10:52:58.000-03:00,,,,0,0,4032344004280,Unidade,1,,,COSMOS,https://cosmos.bluesoft.com.br/products/barcode/35D39EBE5A24DB23709E31A60813A6A0.png,,,,,,,,,,,,,,,,,,,,,,,,,
Pneu,4250915103587,,,,,,,,,,,,,,,,,,,,,,Não encontrado,,,,,,,,,,,,,,,,,,,,,,,,
Pneu,4710405473915,,,,,,,,,,,,,,,,,,,,,,Não encontrado,,,,,,,,,,,,,,,,,,,,,,,,
Pneu,4711041539041,,,,,,,,,,,,,,,,,,,,,,Não encontrado,,,,,,,,,,,,,,,,,,,,,,,,
Pneu,4713309140082,PN KENDA ROADSTAR K707 100 90 10 56J TL,4713309140082,,,,,,2025-03-11T13:51:41.000-03:00,2026-09-16T10:53:02.000-03:00,,,,0,0,4713309140082,Unidade,1,,,COSMOS,https://cosmos.bluesoft.com.br/products/barcode/FCC99ECA9D67430B2412D0EAFD41B313.png,,,,,,,,,,,,,,,,,,,,,,,,,
Pneu,4713309141614,,,,,,,,,,,,,,,,,,,,,,Não encontrado,,,,,,,,,,,,,,,,,,,,,,,,
Pneu,4713309142222,,,,,,,,,,,,,,,,,,,,,,Não encontrado,,,,,,,,,,,,,,,,,,,,,,,,
Pneu,4718022022141,,,,,,,,,,,,,,,,,,,,,,Não encontrado,,,,,,,,,,,,,,,,,,,,,,,,
Pneu,4718022027047,,,,,,,,,,,,,,,,,,,,,,Não encontrado,,,,,,,,,,,,,,,,,,,,,,,,
Pneu,5091037782521,,,,,,,,,,,,,,,,,,,,,,Não encontrado,,,,,,,,,,,,,,,,,,,,,,,,
Pneu,5452000642608,,,,,,,,,,,,,,,,,,,,,,Não encontrado,,,,,,,,,,,,,,,,,,,,,,,,
Pneu,6901532202112,,,,,,,,,,,,,,,,,,,,,,Não encontrado,,,,,,,,,,,,,,,,,,,,,,,,
Pneu,6901532493084,,,,,,,,,,,,,,,,,,,,,,Não encontrado,,,,,,,,,,,,,,,,,,,,,,,,
Pneu,6901532505015,,,,,,,,,,,,,,,,,,,,,,Não encontrado,,,,,,,,,,,,,,,,,,,,,,,,
Pneu,6921109019196,PNEU 265 45 R22 109V DELINTE DS8 DESERT STORM II,6921109019196,,,,,,2025-03-26T15:00:39.000-03:00,2026-09-16T10:53:11.000-03:00,,,,0,0,6921109019196,Unidade,1,,,COSMOS,https://cosmos.bluesoft.com.br/products/barcode/424C56B4474FF58A88F196970604EBE7.png,,,,,,,,,,,,,,,,,,,,,,,,,
Pneu,6921109047335,,,,,,,,,,,,,,,,,,,,,,Não encontrado,,,,,,,,,,,,,,,,,,,,,,,,
Pneu,6921109052841,,,,,,,,,,,,,,,,,,,,,,Não encontrado,,,,,,,,,,,,,,,,,,,,,,,,
Pneu,6921109075338,,,,,,,,,,,,,,,,,,,,,,Não encontrado,,,,,,,,,,,,,,,,,,,,,,,,
Pneu,6921109096043,,,,,,,,,,,,,,,,,,,,,,Não encontrado,,,,,,,,,,,,,,,,,,,,,,,,
Pneu,6922250412560,,,,,,,,,,,,,,,,,,,,,,Não encontrado,,,,,,,,,,,,,,,,,,,,,,,,
Pneu,6924064105836,,,,,,,,,,,,,,,,,,,,,,Não encontrado,,,,,,,,,,,,,,,,,,,,,,,,
Pneu,6924064108363,,,,,,,,,,,,,,,,,,,,,,Não encontrado,,,,,,,,,,,,,,,,,,,,,,,,
Pneu,6924064120334,,,,,,,,,,,,,,,,,,,,,,Não encontrado,,,,,,,,,,,,,,,,,,,,,,,,
Pneu,6924064130166,,,,,,,,,,,,,,,,,,,,,,Não encontrado,,,,,,,,,,,,,,,,,,,,,,,,
Pneu,6924590242937,,,,,,,,,,,,,,,,,,,,,,Não encontrado,,,,,,,,,,,,,,,,,,,,,,,,
Pneu,6930213609247,PNEU 225 45R17 94W HU901 SPM SC 10031351,6930213609247,,,,,,2025-08-16T18:32:59.000-03:00,2025-08-16T18:32:59.000-03:00,,,,0,0,6930213609247,Unidade,1,,,COSMOS,https://cosmos.bluesoft.com.br/products/barcode/76EA79FC854C70775AA367144CC7EEB9.png,,,,,,,,,,,,,,,,,,,,,,,,,
Pneu,6930213609742,,,,,,,,,,,,,,,,,,,,,,Não encontrado,,,,,,,,,,,,,,,,,,,,,,,,
Pneu,6930213628606,,,,,,,,,,,,,,,,,,,,,,Não encontrado,,,,,,,,,,,,,,,,,,,,,,,,
Pneu,6930213628613,,,,,,,,,,,,,,,,,,,,,,Não encontrado,,,,,,,,,,,,,,,,,,,,,,,,
Pneu,6931519301439,,,,,,,,,,,,,,,,,,,,,,Não encontrado,,,,,,,,,,,,,,,,,,,,,,,,
Pneu,6931519319304,,,,,,,,,,,,,,,,,,,,,,Não encontrado,,,,,,,,,,,,,,,,,,,,,,,,
Pneu,6931519330804,,,,,,,,,,,,,,,,,,,,,,Não encontrado,,,,,,,,,,,,,,,,,,,,,,,,
Pneu,6932621608607,,,,,,,,,,,,,,,,,,,,,,Não encontrado,,,,,,,,,,,,,,,,,,,,,,,,
Pneu,6932621615636,,,,,,,,,,,,,,,,,,,,,,Não encontrado,,,,,,,,,,,,,,,,,,,,,,,,
Pneu,6932621615858,,,,,,,,,,,,,,,,,,,,,,Não encontrado,,,,,,,,,,,,,,,,,,,,,,,,
Pneu,6932621615889,,,,,,,,,,,,,,,,,,,,,,Não encontrado,,,,,,,,,,,,,,,,,,,,,,,,
Pneu,6937833511486,,,,,,,,,,,,,,,,,,,,,,Não encontrado,,,,,,,,,,,,,,,,,,,,,,,,
Pneu,6938112602406,PNEU 205X65 R15 94H SL369 WEST LAKE WLSL0029,6938112602406,,,,,,2026-01-02T08:03:41.000-03:00,2026-01-02T08:03:42.000-03:00,,,,0,0,6938112602406,Unidade,1,,,COSMOS,https://cosmos.bluesoft.com.br/products/barcode/E978D6CCC2DA2A34C3B3B54A9C80F119.png,,,,,,,,,,,,,,,,,,,,,,,,,
Pneu,6938112605827,PNEU ARO 17 WESTLAKE SA37 205 55 95W,6938112605827,,,,,,2026-01-02T08:04:11.000-03:00,2026-01-02T08:04:12.000-03:00,,,,0,0,6938112605827,Unidade,1,,,COSMOS,https://cosmos.bluesoft.com.br/products/barcode/E978D6CCC2DA2A34301F7BD25022F8C9.png,,,,,,,,,,,,,,,,,,,,,,,,,
Pneu,6938112635923,,,,,,,,,,,,,,,,,,,,,,Não encontrado,,,,,,,,,,,,,,,,,,,,,,,,
Pneu,6938112648480,,,,,,,,,,,,,,,,,,,,,,Não encontrado,,,,,,,,,,,,,,,,,,,,,,,,
Pneu,6938628206518,PNEU PCR 185 55R16 83V FASTWAY 1UN,6938628206518,,,,,,2025-08-16T18:38:46.000-03:00,2025-08-16T18:38:47.000-03:00,,,,0,0,6938628206518,Unidade,1,,,COSMOS,https://cosmos.bluesoft.com.br/products/barcode/82862E7C56761569C1D2B0C1DFBF3A81.png,,,,,,,,,,,,,,,,,,,,,,,,,
Pneu,6938628207225,,,,,,,,,,,,,,,,,,,,,,Não encontrado,,,,,,,,,,,,,,,,,,,,,,,,
Pneu,6938628209403,,,,,,,,,,,,,,,,,,,,,,Não encontrado,,,,,,,,,,,,,,,,,,,,,,,,
Pneu,6938628276290,,,,,,,,,,,,,,,,,,,,,,Não encontrado,,,,,,,,,,,,,,,,,,,,,,,,
Pneu,6938628276313,,,,,,,,,,,,,,,,,,,,,,Não encontrado,,,,,,,,,,,,,,,,,,,,,,,,
Pneu,6938628298346,,,,,,,,,,,,,,,,,,,,,,Não encontrado,,,,,,,,,,,,,,,,,,,,,,,,
Pneu,6939801708454,,,,,,,,,,,,,,,,,,,,,,Não encontrado,,,,,,,,,,,,,,,,,,,,,,,,
Pneu,6942607100803,,,,,,,,,,,,,,,,,,,,,,Não encontrado,,,,,,,,,,,,,,,,,,,,,,,,
Pneu,6942607101572,,,,,,,,,,,,,,,,,,,,,,Não encontrado,,,,,,,,,,,,,,,,,,,,,,,,
Pneu,6950306318863,,,,,,,,,,,,,,,,,,,,,,Não encontrado,,,,,,,,,,,,,,,,,,,,,,,,
Pneu,6950306331657,,,,,,,,,,,,,,,,,,,,,,Não encontrado,,,,,,,,,,,,,,,,,,,,,,,,
Pneu,6950306348570,,,,,,,,,,,,,,,,,,,,,,Não encontrado,,,,,,,,,,,,,,,,,,,,,,,,
Pneu,6953913137261,PNEU 205/60R15 ONYX NY-806 91H,6953913137261,,,,,,2024-12-07T14:46:56.000-03:00,2024-12-07T14:46:56.000-03:00,,,,0,0,6953913137261,Unidade,1,,,COSMOS,https://cosmos.bluesoft.com.br/products/barcode/FD60FAF2FE039DEDD2749E440AAFBF39.png,,,,,,,,,,,,,,,,,,,,,,,,,
Pneu,6953913152868,,,,,,,,,,,,,,,,,,,,,,Não encontrado,,,,,,,,,,,,,,,,,,,,,,,,
Pneu,6953913188980,PNEU 235 45R19 ONYX NY HP187 99W XL AA,6953913188980,,,,,,2026-01-05T19:11:33.000-03:00,2026-01-05T19:11:33.000-03:00,,,,0,0,6953913188980,Unidade,1,,,COSMOS,https://cosmos.bluesoft.com.br/products/barcode/FD60FAF2FE039DEDE366A452517AA7B2.png,,,,,,,,,,,,,,,,,,,,,,,,,
Pneu,6958460912309,,,,,,,,,,,,,,,,,,,,,,Não encontrado,,,,,,,,,,,,,,,,,,,,,,,,
Pneu,6958460916413,,,,,,,,,,,,,,,,,,,,,,Não encontrado,,,,,,,,,,,,,,,,,,,,,,,,
Pneu,6958460927532,,,,,,,,,,,,,,,,,,,,,,Não encontrado,,,,,,,,,,,,,,,,,,,,,,,,
Pneu,6958460928959,,,,,,,,,,,,,,,,,,,,,,Não encontrado,,,,,,,,,,,,,,,,,,,,,,,,
Pneu,6959956706662,,,,,,,,,,,,,,,,,,,,,,Não encontrado,,,,,,,,,,,,,,,,,,,,,,,,
Pneu,6959956775569,"PNEU RADIAL 35X12 50R18LT 10PR 123Q TL BRUTUS T A, XBRI",6959956775569,,,,,,2025-09-02T18:40:37.000-03:00,2025-09-02T18:40:38.000-03:00,,,,0,0,6959956775569,Unidade,1,,,COSMOS,https://cosmos.bluesoft.com.br/products/barcode/1632DA2E275876E60426CC57362D8D41.png,,,,,,,,,,,,,,,,,,,,,,,,,
Pneu,6959956784868,,,,,,,,,,,,,,,,,,,,,,Não encontrado,,,,,,,,,,,,,,,,,,,,,,,,
Pneu,6959956785476,,,,,,,,,,,,,,,,,,,,,,Não encontrado,,,,,,,,,,,,,,,,,,,,,,,,
Pneu,6959956796052,,,,,,,,,,,,,,,,,,,,,,Não encontrado,,,,,,,,,,,,,,,,,,,,,,,,
Pneu,6970146110854,,,,,,,,,,,,,,,,,,,,,,Não encontrado,,,,,,,,,,,,,,,,,,,,,,,,
Pneu,6970310401870,,,,,,,,,,,,,,,,,,,,,,Não encontrado,,,,,,,,,,,,,,,,,,,,,,,,
Pneu,6971594101647,,,,,,,,,,,,,,,,,,,,,,Não encontrado,,,,,,,,,,,,,,,,,,,,,,,,
Pneu,6971594101913,,,,,,,,,,,,,,,,,,,,,,Não encontrado,,,,,,,,,,,,,,,,,,,,,,,,
Pneu,6972508642881,185/60R15 84H BLAZER COMPASAL/PNEU AUTO PCR/ARO15,6972508642881,,,,,,2024-01-15T01:33:56.000-03:00,2024-01-15T01:33:58.000-03:00,,,,0,0,6972508642881,Unidade,1,,,COSMOS,https://cosmos.bluesoft.com.br/products/barcode/C34D98411EBDCAD7ABA396200610EA70.png,,,,,,,,,,,,,,,,,,,,,,,,,
Pneu,6973158100097,PNEU SUNSET ALL TERRAIN 265 65R17 112T T A,6973158100097,,,,,,2025-05-24T14:49:01.000-03:00,2025-05-24T14:49:02.000-03:00,,,,0,0,6973158100097,Unidade,1,,,COSMOS,https://cosmos.bluesoft.com.br/products/barcode/1A5B27D2D39C741FA2B3C4E223F2CCA3.png,,,,,,,,,,,,,,,,,,,,,,,,,
Pneu,6973158100493,PNEU CMT SUNSET ALL TERRAIN 265 70 16 112T A T,6973158100493,,,,,,2025-08-16T18:53:11.000-03:00,2025-11-23T12:12:04.000-03:00,,,,0,0,6973158100493,Unidade,1,,,COSMOS,https://cosmos.bluesoft.com.br/products/barcode/1A5B27D2D39C741F4F220F899FE14DE8.png,,,,,,,,,,,,,,,,,,,,,,,,,
Pneu,6978185888857,,,,,,,,,,,,,,,,,,,,,,Não encontrado,,,,,,,,,,,,,,,,,,,,,,,,
Pneu,7501720507068,,,,,,,,,,,,,,,,,,,,,,Não encontrado,,,,,,,,,,,,,,,,,,,,,,,,
Pneu,7792033154258,,,,,,,,,,,,,,,,,,,,,,Não encontrado,,,,,,,,,,,,,,,,,,,,,,,,
Pneu,7792844465673,,,,,,,,,,,,,,,,,,,,,,Não encontrado,,,,,,,,,,,,,,,,,,,,,,,,
Pneu,7792844465819,,,,,,,,,,,,,,,,,,,,,,Não encontrado,,,,,,,,,,,,,,,,,,,,,,,,
Pneu,7793444064709,,,,,,,,,,,,,,,,,,,,,,Não encontrado,,,,,,,,,,,,,,,,,,,,,,,,
Pneu,7793444149383,,,,,,,,,,,,,,,,,,,,,,Não encontrado,,,,,,,,,,,,,,,,,,,,,,,,
Pneu,7793444166236,,,,,,,,,,,,,,,,,,,,,,Não encontrado,,,,,,,,,,,,,,,,,,,,,,,,
Pneu,7793444221287,,,,,,,,,,,,,,,,,,,,,,Não encontrado,,,,,,,,,,,,,,,,,,,,,,,,
Pneu,7793962583478,,,,,,,,,,,,,,,,,,,,,,Não encontrado,,,,,,,,,,,,,,,,,,,,,,,,
Pneu,7793962733576,,,,,,,,,,,,,,,,,,,,,,Não encontrado,,,,,,,,,,,,,,,,,,,,,,,,
Pneu,7793962953660,,,,,,,,,,,,,,,,,,,,,,Não encontrado,,,,,,,,,,,,,,,,,,,,,,,,
Pneu,7793963214166,,,,,,,,,,,,,,,,,,,,,,Não encontrado,,,,,,,,,,,,,,,,,,,,,,,,
Pneu,7793963254520,,,,,,,,,,,,,,,,,,,,,,Não encontrado,,,,,,,,,,,,,,,,,,,,,,,,
Pneu,7794107754593,,,,,,,,,,,,,,,,,,,,,,Não encontrado,,,,,,,,,,,,,,,,,,,,,,,,
Pneu,7794107874475,,,,,,,,,,,,,,,,,,,,,,Não encontrado,,,,,,,,,,,,,,,,,,,,,,,,
Pneu,7794107914829,,,,,,,,,,,,,,,,,,,,,,Não encontrado,,,,,,,,,,,,,,,,,,,,,,,,
Pneu,7794108003263,,,,,,,,,,,,,,,,,,,,,,Não encontrado,,,,,,,,,,,,,,,,,,,,,,,,
Pneu,7794108019349,,,,,,,,,,,,,,,,,,,,,,Não encontrado,,,,,,,,,,,,,,,,,,,,,,,,
Pneu,7794108097194,,,,,,,,,,,,,,,,,,,,,,Não encontrado,,,,,,,,,,,,,,,,,,,,,,,,
Pneu,7794238609601,,,,,,,,,,,,,,,,,,,,,,Não encontrado,,,,,,,,,,,,,,,,,,,,,,,,
Pneu,7794238658852,,,,,,,,,,,,,,,,,,,,,,Não encontrado,,,,,,,,,,,,,,,,,,,,,,,,
Pneu,7794238699459,,,,,,,,,,,,,,,,,,,,,,Não encontrado,,,,,,,,,,,,,,,,,,,,,,,,
Pneu,7794535064998,,,,,,,,,,,,,,,,,,,,,,Não encontrado,,,,,,,,,,,,,,,,,,,,,,,,
Pneu,7794535256201,,,,,,,,,,,,,,,,,,,,,,Não encontrado,,,,,,,,,,,,,,,,,,,,,,,,
Pneu,7794535296733,,,,,,,,,,,,,,,,,,,,,,Não encontrado,,,,,,,,,,,,,,,,,,,,,,,,
Pneu,7794535506306,,,,,,,,,,,,,,,,,,,,,,Não encontrado,,,,,,,,,,,,,,,,,,,,,,,,
Pneu,7794535545893,,,,,,,,,,,,,,,,,,,,,,Não encontrado,,,,,,,,,,,,,,,,,,,,,,,,
Pneu,7794535556417,,,,,,,,,,,,,,,,,,,,,,Não encontrado,,,,,,,,,,,,,,,,,,,,,,,,
Pneu,7794535806130,,,,,,,,,,,,,,,,,,,,,,Não encontrado,,,,,,,,,,,,,,,,,,,,,,,,
Pneu,7794708639107,,,,,,,,,,,,,,,,,,,,,,Não encontrado,,,,,,,,,,,,,,,,,,,,,,,,
Pneu,7794708669562,,,,,,,,,,,,,,,,,,,,,,Não encontrado,,,,,,,,,,,,,,,,,,,,,,,,
Pneu,7795336981521,,,,,,,,,,,,,,,,,,,,,,Não encontrado,,,,,,,,,,,,,,,,,,,,,,,,
Pneu,7795494414817,,,,,,,,,,,,,,,,,,,,,,Não encontrado,,,,,,,,,,,,,,,,,,,,,,,,
Pneu,7795494444890,,,,,,,,,,,,,,,,,,,,,,Não encontrado,,,,,,,,,,,,,,,,,,,,,,,,
Pneu,7795494565618,,,,,,,,,,,,,,,,,,,,,,Não encontrado,,,,,,,,,,,,,,,,,,,,,,,,
Pneu,7795494754692,,,,,,,,,,,,,,,,,,,,,,Não encontrado,,,,,,,,,,,,,,,,,,,,,,,,
Pneu,7795494864759,,,,,,,,,,,,,,,,,,,,,,Não encontrado,,,,,,,,,,,,,,,,,,,,,,,,
Pneu,7796519845708,,,,,,,,,,,,,,,,,,,,,,Não encontrado,,,,,,,,,,,,,,,,,,,,,,,,
Pneu,7796519846118,,,,,,,,,,,,,,,,,,,,,,Não encontrado,,,,,,,,,,,,,,,,,,,,,,,,
Pneu,7798969584589,,,,,,,,,,,,,,,,,,,,,,Não encontrado,,,,,,,,,,,,,,,,,,,,,,,,
Pneu,7798969654428,,,,,,,,,,,,,,,,,,,,,,Não encontrado,,,,,,,,,,,,,,,,,,,,,,,,
Pneu,7808057113017,,,,,,,,,,,,,,,,,,,,,,Não encontrado,,,,,,,,,,,,,,,,,,,,,,,,
Pneu,7847000006181,,,,,,,,,,,,,,,,,,,,,,Não encontrado,,,,,,,,,,,,,,,,,,,,,,,,
Pneu,7870000056061,,,,,,,,,,,,,,,,,,,,,,Não encontrado,,,,,,,,,,,,,,,,,,,,,,,,
Pneu,7890000988445,FLOR DE MALHA 3CM C/4UN LM001,7890000988445,,,,,,2024-12-21T16:19:56.000-03:00,2024-12-21T16:19:57.000-03:00,,,,0,0,7890000988445,Unidade,1,,,COSMOS,https://cosmos.bluesoft.com.br/products/barcode/40886C486E86F3250BEA8A07A3B0C2CE.png,,,,,,,,,,,,,,,,,,,,,,,,,
Pneu,7890023800311,,,,,,,,,,,,,,,,,,,,,,Não encontrado,,,,,,,,,,,,,,,,,,,,,,,,
Pneu,7890023800342,,,,,,,,,,,,,,,,,,,,,,Não encontrado,,,,,,,,,,,,,,,,,,,,,,,,
Pneu,7890130000017,,,,,,,,,,,,,,,,,,,,,,Não encontrado,,,,,,,,,,,,,,,,,,,,,,,,
Pneu,7890173037957,,,,,,,,,,,,,,,,,,,,,,Não encontrado,,,,,,,,,,,,,,,,,,,,,,,,
Pneu,7891002014460,,,,,,,,,,,,,,,,,,,,,,Não encontrado,,,,,,,,,,,,,,,,,,,,,,,,
Pneu,7891002082919,,,,,,,,,,,,,,,,,,,,,,Não encontrado,,,,,,,,,,,,,,,,,,,,,,,,
Pneu,7891002082940,,,,,,,,,,,,,,,,,,,,,,Não encontrado,,,,,,,,,,,,,,,,,,,,,,,,
Pneu,7891039032024,,,,,,,,,,,,,,,,,,,,,,Não encontrado,,,,,,,,,,,,,,,,,,,,,,,,
Pneu,7891241578556,,,,,,,,,,,,,,,,,,,,,,Não encontrado,,,,,,,,,,,,,,,,,,,,,,,,
Pneu,7891241579508,,,,,,,,,,,,,,,,,,,,,,Não encontrado,,,,,,,,,,,,,,,,,,,,,,,,
Pneu,7891241586339,,,,,,,,,,,,,,,,,,,,,,Não encontrado,,,,,,,,,,,,,,,,,,,,,,,,
Pneu,7891679049222,,,,,,,,,,,,,,,,,,,,,,Não encontrado,,,,,,,,,,,,,,,,,,,,,,,,
Pneu,7891799735623,,,,,,,,,,,,,,,,,,,,,,Não encontrado,,,,,,,,,,,,,,,,,,,,,,,,
Pneu,7891928537753,,,,,,,,,,,,,,,,,,,,,,Não encontrado,,,,,,,,,,,,,,,,,,,,,,,,
Pneu,7892115743988,,,,,,,,,,,,,,,,,,,,,,Não encontrado,,,,,,,,,,,,,,,,,,,,,,,,
Pneu,7892766008245,,,,,,,,,,,,,,,,,,,,,,Não encontrado,,,,,,,,,,,,,,,,,,,,,,,,
Pneu,7892891186313,,,,,,,,,,,,,,,,,,,,,,Não encontrado,,,,,,,,,,,,,,,,,,,,,,,,
Pneu,7893091008993,,,,,,,,,,,,,,,,,,,,,,Não encontrado,,,,,,,,,,,,,,,,,,,,,,,,
Pneu,7893091027314,,,,,,,,,,,,,,,,,,,,,,Não encontrado,,,,,,,,,,,,,,,,,,,,,,,,
Pneu,7893091027796,,,,,,,,,,,,,,,,,,,,,,Não encontrado,,,,,,,,,,,,,,,,,,,,,,,,
Pneu,7893091032004,PNEU FIRESTONE F700 R15 185/65 UN,7893091032004,,,,,,2022-04-11T11:15:54.000-03:00,2025-09-09T11:01:17.000-03:00,,,,0,0,7893091032004,Unidade,1,,,COSMOS,https://cosmos.bluesoft.com.br/products/barcode/476D75C05140B4906A6C99144686ECC2.png,,,,,,,,,,,,,,,,,,,,,,,,,
Pneu,7893091036682,,,,,,,,,,,,,,,,,,,,,,Não encontrado,,,,,,,,,,,,,,,,,,,,,,,,
Pneu,7893091038358,,,,,,,,,,,,,,,,,,,,,,Não encontrado,,,,,,,,,,,,,,,,,,,,,,,,
Pneu,7893174402625,,,,,,,,,,,,,,,,,,,,,,Não encontrado,,,,,,,,,,,,,,,,,,,,,,,,
Pneu,7893200652123,,,,,,,,,,,,,,,,,,,,,,Não encontrado,,,,,,,,,,,,,,,,,,,,,,,,
Pneu,7893213481574,,,,,,,,,,,,,,,,,,,,,,Não encontrado,,,,,,,,,,,,,,,,,,,,,,,,
Pneu,7893250453671,,,,,,,,,,,,,,,,,,,,,,Não encontrado,,,,,,,,,,,,,,,,,,,,,,,,
Pneu,7893390027398,,,,,,,,,,,,,,,,,,,,,,Não encontrado,,,,,,,,,,,,,,,,,,,,,,,,
Pneu,7893412600691,,,,,,,,,,,,,,,,,,,,,,Não encontrado,,,,,,,,,,,,,,,,,,,,,,,,
Pneu,7893727296855,,,,,,,,,,,,,,,,,,,,,,Não encontrado,,,,,,,,,,,,,,,,,,,,,,,,
Pneu,7893899522943,,,,,,,,,,,,,,,,,,,,,,Não encontrado,,,,,,,,,,,,,,,,,,,,,,,,
Pneu,7894149383314,,,,,,,,,,,,,,,,,,,,,,Não encontrado,,,,,,,,,,,,,,,,,,,,,,,,
Pneu,7894329880664,,,,,,,,,,,,,,,,,,,,,,Não encontrado,,,,,,,,,,,,,,,,,,,,,,,,
Pneu,7894430843718,,,,,,,,,,,,,,,,,,,,,,Não encontrado,,,,,,,,,,,,,,,,,,,,,,,,
Pneu,7894430876228,,,,,,,,,,,,,,,,,,,,,,Não encontrado,,,,,,,,,,,,,,,,,,,,,,,,
Pneu,7894431469856,,,,,,,,,,,,,,,,,,,,,,Não encontrado,,,,,,,,,,,,,,,,,,,,,,,,
Pneu,7894587112224,,,,,,,,,,,,,,,,,,,,,,Não encontrado,,,,,,,,,,,,,,,,,,,,,,,,
Pneu,7894797616277,,,,,,,,,,,,,,,,,,,,,,Não encontrado,,,,,,,,,,,,,,,,,,,,,,,,
Pneu,7894887307085,,,,,,,,,,,,,,,,,,,,,,Não encontrado,,,,,,,,,,,,,,,,,,,,,,,,
Pneu,7895029121699,,,,,,,,,,,,,,,,,,,,,,Não encontrado,,,,,,,,,,,,,,,,,,,,,,,,
Pneu,7895201069009,,,,,,,,,,,,,,,,,,,,,,Não encontrado,,,,,,,,,,,,,,,,,,,,,,,,
Pneu,7895345001415,PNEU PIRELLI 175/70R14 88T XL CHRONO PRETO NA,7895345001415,,,,,,2024-06-29T17:33:59.000-03:00,2024-06-29T17:34:01.000-03:00,,,,0,0,7895345001415,Unidade,1,,,COSMOS,https://cosmos.bluesoft.com.br/products/barcode/06C4145614D346E0A6B31BF1F0139C79.png,,,,,,,,,,,,,,,,,,,,,,,,,
Pneu,7895345001774,PNEU PIRELLI 195/60 R15 P6000/P7/P1,7895345001774,,,,,,2024-04-07T19:21:33.000-03:00,2024-04-07T19:21:35.000-03:00,,,,0,0,7895345001774,Unidade,1,,,COSMOS,https://cosmos.bluesoft.com.br/products/barcode/06C4145614D346E05508B90A5300B39F.png,,,,,,,,,,,,,,,,,,,,,,,,,
Pneu,7895345002030,,,,,,,,,,,,,,,,,,,,,,Não encontrado,,,,,,,,,,,,,,,,,,,,,,,,
Pneu,7895345014828,,,,,,,,,,,,,,,,,,,,,,Não encontrado,,,,,,,,,,,,,,,,,,,,,,,,
Pneu,7895345020973,,,,,,,,,,,,,,,,,,,,,,Não encontrado,,,,,,,,,,,,,,,,,,,,,,,,
Pneu,7895345027187,KIT 4 PNEUS ARO 17 PIRELLI SCORPION ATR 265 70R17 115T,7895345027187,,,,,,2025-09-15T22:52:28.000-03:00,2025-09-15T22:52:29.000-03:00,,,,0,0,7895345027187,Unidade,1,,,COSMOS,https://cosmos.bluesoft.com.br/products/barcode/06C4145614D346E07A435C951C39D178.png,,,,,,,,,,,,,,,,,,,,,,,,,
Pneu,7895345029044,PNEU ARO 18 PIRELLI POWERGY XL 225/45R18 95W,7895345029044,,,,,,2025-01-10T00:08:38.000-03:00,2025-04-25T10:14:57.000-03:00,,,,0,0,7895345029044,Unidade,1,,,COSMOS,https://cosmos.bluesoft.com.br/products/barcode/06C4145614D346E0AF4B3F0C4EEC305B.png,,,,,,,,,,,,,,,,,,,,,,,,,
Pneu,7895345029112,PNEU ARO 17 PIRELLI SCORPION SEAL INSIDE 205/55R17 91V,7895345029112,,,,,,2025-01-10T00:09:05.000-03:00,2025-01-10T00:09:06.000-03:00,,,,0,0,7895345029112,Unidade,1,,,COSMOS,https://cosmos.bluesoft.com.br/products/barcode/06C4145614D346E02CEC73D0AE4523BB.png,,,,,,,,,,,,,,,,,,,,,,,,,
Pneu,7895383801329,,,,,,,,,,,,,,,,,,,,,,Não encontrado,,,,,,,,,,,,,,,,,,,,,,,,
Pneu,7895403805658,,,,,,,,,,,,,,,,,,,,,,Não encontrado,,,,,,,,,,,,,,,,,,,,,,,,
Pneu,7895403814216,,,,,,,,,,,,,,,,,,,,,,Não encontrado,,,,,,,,,,,,,,,,,,,,,,,,
Pneu,7895403954196,,,,,,,,,,,,,,,,,,,,,,Não encontrado,,,,,,,,,,,,,,,,,,,,,,,,
Pneu,7895404285374,,,,,,,,,,,,,,,,,,,,,,Não encontrado,,,,,,,,,,,,,,,,,,,,,,,,
Pneu,7895404632871,,,,,,,,,,,,,,,,,,,,,,Não encontrado,,,,,,,,,,,,,,,,,,,,,,,,
Pneu,7895404892626,,,,,,,,,,,,,,,,,,,,,,Não encontrado,,,,,,,,,,,,,,,,,,,,,,,,
Pneu,7895405050094,,,,,,,,,,,,,,,,,,,,,,Não encontrado,,,,,,,,,,,,,,,,,,,,,,,,
Pneu,7895405904786,,,,,,,,,,,,,,,,,,,,,,Não encontrado,,,,,,,,,,,,,,,,,,,,,,,,
Pneu,7895616165587,,,,,,,,,,,,,,,,,,,,,,Não encontrado,,,,,,,,,,,,,,,,,,,,,,,,
Pneu,7895704121853,,,,,,,,,,,,,,,,,,,,,,Não encontrado,,,,,,,,,,,,,,,,,,,,,,,,
Pneu,7895741891450,,,,,,,,,,,,,,,,,,,,,,Não encontrado,,,,,,,,,,,,,,,,,,,,,,,,
Pneu,7895911525208,,,,,,,,,,,,,,,,,,,,,,Não encontrado,,,,,,,,,,,,,,,,,,,,,,,,
Pneu,7896141925813,,,,,,,,,,,,,,,,,,,,,,Não encontrado,,,,,,,,,,,,,,,,,,,,,,,,
Pneu,7896228303053,,,,,,,,,,,,,,,,,,,,,,Não encontrado,,,,,,,,,,,,,,,,,,,,,,,,
Pneu,7896233959269,,,,,,,,,,,,,,,,,,,,,,Não encontrado,,,,,,,,,,,,,,,,,,,,,,,,
Pneu,7896589230227,,,,,,,,,,,,,,,,,,,,,,Não encontrado,,,,,,,,,,,,,,,,,,,,,,,,
Pneu,7896715807101,,,,,,,,,,,,,,,,,,,,,,Não encontrado,,,,,,,,,,,,,,,,,,,,,,,,
Pneu,7896759063792,,,,,,,,,,,,,,,,,,,,,,Não encontrado,,,,,,,,,,,,,,,,,,,,,,,,
Pneu,7896807419847,,,,,,,,,,,,,,,,,,,,,,Não encontrado,,,,,,,,,,,,,,,,,,,,,,,,
Pneu,7896807420058,,,,,,,,,,,,,,,,,,,,,,Não encontrado,,,,,,,,,,,,,,,,,,,,,,,,
Pneu,7896807422465,,,,,,,,,,,,,,,,,,,,,,Não encontrado,,,,,,,,,,,,,,,,,,,,,,,,
Pneu,7896807422946,,,,,,,,,,,,,,,,,,,,,,Não encontrado,,,,,,,,,,,,,,,,,,,,,,,,
Pneu,7896807425374,,,,,,,,,,,,,,,,,,,,,,Não encontrado,,,,,,,,,,,,,,,,,,,,,,,,
Pneu,7896807425381,,,,,,,,,,,,,,,,,,,,,,Não encontrado,,,,,,,,,,,,,,,,,,,,,,,,
Pneu,7896807425831,,,,,,,,,,,,,,,,,,,,,,Não encontrado,,,,,,,,,,,,,,,,,,,,,,,,
Pneu,7896807426104,,,,,,,,,,,,,,,,,,,,,,Não encontrado,,,,,,,,,,,,,,,,,,,,,,,,
Pneu,7896807426371,,,,,,,,,,,,,,,,,,,,,,Não encontrado,,,,,,,,,,,,,,,,,,,,,,,,
Pneu,7896807427446,,,,,,,,,,,,,,,,,,,,,,Não encontrado,,,,,,,,,,,,,,,,,,,,,,,,
Pneu,7896807427828,,,,,,,,,,,,,,,,,,,,,,Não encontrado,,,,,,,,,,,,,,,,,,,,,,,,
Pneu,7897046765801,PNEU 80 100 14 TRAS BIZ ST300 SEM CAMARA VIPAL,7897046765801,,,,,,2025-10-21T16:56:01.000-03:00,2025-10-21T16:56:02.000-03:00,,,,0,0,7897046765801,Unidade,1,,,COSMOS,https://cosmos.bluesoft.com.br/products/barcode/3DDF0169E85FCA3BDD2A66E148E42D2E.png,,,,,,,,,,,,,,,,,,,,,,,,,
Pneu,7897046914063,PNEU 140/70-17 64S ST 500 STREET VIPAL,7897046914063,,,,,,2023-07-01T21:50:02.000-03:00,2023-07-01T21:50:03.000-03:00,,,,0,0,7897046914063,Unidade,1,,,COSMOS,https://cosmos.bluesoft.com.br/products/barcode/F5DD0D51FE727BA9AF9A144BF251EB59.png,,,,,,,,,,,,,,,,,,,,,,,,,
Pneu,7897075140129,PNEU IMPORTADO 215/75 R17.5 MAGNUM MGM17,7897075140129,,,,,,2023-07-15T21:39:17.000-03:00,2025-08-07T11:08:36.000-03:00,,,,0,0,7897075140129,Unidade,1,,,COSMOS,https://cosmos.bluesoft.com.br/products/barcode/6E6F59FB5080BC3C330DDAF3C44BF39E.png,,,,,,,,,,,,,,,,,,,,,,,,,
Pneu,7897216850443,,,,,,,,,,,,,,,,,,,,,,Não encontrado,,,,,,,,,,,,,,,,,,,,,,,,
Pneu,7897473140967,,,,,,,,,,,,,,,,,,,,,,Não encontrado,,,,,,,,,,,,,,,,,,,,,,,,
Pneu,7897591874232,,,,,,,,,,,,,,,,,,,,,,Não encontrado,,,,,,,,,,,,,,,,,,,,,,,,
Pneu,7897757758475,,,,,,,,,,,,,,,,,,,,,,Não encontrado,,,,,,,,,,,,,,,,,,,,,,,,
Pneu,7897861216946,,,,,,,,,,,,,,,,,,,,,,Não encontrado,,,,,,,,,,,,,,,,,,,,,,,,
Pneu,7898153871614,PNEU 100 90 18 4L S C PREDATOR CG 125 150 160 TITAN FAN YBR 125 E SIMILARES,7898153871614,,,,,,2025-09-04T03:37:25.000-03:00,2025-09-04T03:37:25.000-03:00,,,,0,0,7898153871614,Unidade,1,,,COSMOS,https://cosmos.bluesoft.com.br/products/barcode/D0F60E421DC7658B6EB5E1608D0DBC18.png,,,,,,,,,,,,,,,,,,,,,,,,,
Pneu,7898153873793,PNEU TRASEIRO 100 90 18 WINNER 56P TT (COM CAMARA) \ TITAN160 2016 A 2021 TITAN1,7898153873793,,,,,,2025-09-04T03:33:04.000-03:00,2026-05-06T14:00:08.000-03:00,,,,0,0,7898153873793,Unidade,1,,,COSMOS,https://cosmos.bluesoft.com.br/products/barcode/D0F60E421DC7658BE47FAE26305A94FB.png,,,,,,,,,,,,,,,,,,,,,,,,,
Pneu,7898214965597,,,,,,,,,,,,,,,,,,,,,,Não encontrado,,,,,,,,,,,,,,,,,,,,,,,,
Pneu,7898324379321,,,,,,,,,,,,,,,,,,,,,,Não encontrado,,,,,,,,,,,,,,,,,,,,,,,,
Pneu,7898324379949,PNEU DIANT SPEED MAX BIZ 60 100 17 *PROMOCAO*,7898324379949,,,,,,2025-12-11T19:23:59.000-03:00,2025-12-11T19:24:00.000-03:00,,,,0,0,7898324379949,Unidade,1,,,COSMOS,https://cosmos.bluesoft.com.br/products/barcode/9FB2039E1E5E869175B01143F2826BD2.png,,,,,,,,,,,,,,,,,,,,,,,,,
Pneu,7898403654585,,,,,,,,,,,,,,,,,,,,,,Não encontrado,,,,,,,,,,,,,,,,,,,,,,,,
Pneu,7898493790064,PNEU DIANT 300 21 WH21 TORNADO,7898493790064,,,,,,2025-09-25T01:59:15.000-03:00,2025-09-25T01:59:16.000-03:00,,,,0,0,7898493790064,Unidade,1,,,COSMOS,https://cosmos.bluesoft.com.br/products/barcode/72E2F4D59C02E894BD0997F56D4FB475.png,,,,,,,,,,,,,,,,,,,,,,,,,
Pneu,7898493790255,,,,,,,,,,,,,,,,,,,,,,Não encontrado,,,,,,,,,,,,,,,,,,,,,,,,
Pneu,7898523244772,,,,,,,,,,,,,,,,,,,,,,Não encontrado,,,,,,,,,,,,,,,,,,,,,,,,
Pneu,7898576443139,,,,,,,,,,,,,,,,,,,,,,Não encontrado,,,,,,,,,,,,,,,,,,,,,,,,
Pneu,7898576443870,,,,,,,,,,,,,,,,,,,,,,Não encontrado,,,,,,,,,,,,,,,,,,,,,,,,
Pneu,7898583356446,,,,,,,,,,,,,,,,,,,,,,Não encontrado,,,,,,,,,,,,,,,,,,,,,,,,
Pneu,7898792067065,,,,,,,,,,,,,,,,,,,,,,Não encontrado,,,,,,,,,,,,,,,,,,,,,,,,
Pneu,7899021138525,,,,,,,,,,,,,,,,,,,,,,Não encontrado,,,,,,,,,,,,,,,,,,,,,,,,
Pneu,7899021138693,,,,,,,,,,,,,,,,,,,,,,Não encontrado,,,,,,,,,,,,,,,,,,,,,,,,
Pneu,7899021139164,,,,,,,,,,,,,,,,,,,,,,Não encontrado,,,,,,,,,,,,,,,,,,,,,,,,
Pneu,7899021149217,,,,,,,,,,,,,,,,,,,,,,Não encontrado,,,,,,,,,,,,,,,,,,,,,,,,
Pneu,7899021156116,,,,,,,,,,,,,,,,,,,,,,Não encontrado,,,,,,,,,,,,,,,,,,,,,,,,
Pneu,7899041506663,,,,,,,,,,,,,,,,,,,,,,Não encontrado,,,,,,,,,,,,,,,,,,,,,,,,
Pneu,7899270886512,,,,,,,,,,,,,,,,,,,,,,Não encontrado,,,,,,,,,,,,,,,,,,,,,,,,
Pneu,7899450374914,,,,,,,,,,,,,,,,,,,,,,Não encontrado,,,,,,,,,,,,,,,,,,,,,,,,
Pneu,7899721630206,,,,,,,,,,,,,,,,,,,,,,Não encontrado,,,,,,,,,,,,,,,,,,,,,,,,
Pneu,7899721636697,,,,,,,,,,,,,,,,,,,,,,Não encontrado,,,,,,,,,,,,,,,,,,,,,,,,
Pneu,7899721637199,,,,,,,,,,,,,,,,,,,,,,Não encontrado,,,,,,,,,,,,,,,,,,,,,,,,
Pneu,7899768352499,,,,,,,,,,,,,,,,,,,,,,Não encontrado,,,,,,,,,,,,,,,,,,,,,,,,
Pneu,7899963001901,PNEU DUNLOP 175/70 R14 84T ENASAVE,7899963001901,,,,,,2021-04-08T18:11:16.000-03:00,2024-07-25T19:16:48.000-03:00,,,,0,0,7899963001901,Unidade,1,,,COSMOS,https://cosmos.bluesoft.com.br/products/barcode/FFC0C5710558AED3A6EF3909C25BF000.png,,,,,,,,,,,,,,,,,,,,,,,,,
Pneu,7901447727006,,,,,,,,,,,,,,,,,,,,,,Não encontrado,,,,,,,,,,,,,,,,,,,,,,,,
Pneu,7904204651354,,,,,,,,,,,,,,,,,,,,,,Não encontrado,,,,,,,,,,,,,,,,,,,,,,,,
Pneu,7905027787176,,,,,,,,,,,,,,,,,,,,,,Não encontrado,,,,,,,,,,,,,,,,,,,,,,,,
Pneu,7905054040138,,,,,,,,,,,,,,,,,,,,,,Não encontrado,,,,,,,,,,,,,,,,,,,,,,,,
Pneu,7908249314045,,,,,,,,,,,,,,,,,,,,,,Não encontrado,,,,,,,,,,,,,,,,,,,,,,,,
Pneu,7908249319637,,,,,,,,,,,,,,,,,,,,,,Não encontrado,,,,,,,,,,,,,,,,,,,,,,,,
Pneu,7908249319682,,,,,,,,,,,,,,,,,,,,,,Não encontrado,,,,,,,,,,,,,,,,,,,,,,,,
Pneu,7908249323719,,,,,,,,,,,,,,,,,,,,,,Não encontrado,,,,,,,,,,,,,,,,,,,,,,,,
Pneu,7908249323795,,,,,,,,,,,,,,,,,,,,,,Não encontrado,,,,,,,,,,,,,,,,,,,,,,,,
Pneu,7908249325553,,,,,,,,,,,,,,,,,,,,,,Não encontrado,,,,,,,,,,,,,,,,,,,,,,,,
Pneu,7908315706361,PNEU GOODYEAR DIRECT,7908315706361,,,,,,2023-05-07T10:43:28.000-03:00,2026-02-23T20:01:36.000-03:00,,,,0,0,7908315706361,Unidade,1,,,COSMOS,https://cosmos.bluesoft.com.br/products/barcode/9BFBF2498C8CDA16A98542FD0A85F056.png,,,,,,,,,,,,,,,,,,,,,,,,,
Pneu,7908315709430,PNEU ARO 20 GOODYEAR WRANGLER TERRITORY HT 255 55R20 110V,7908315709430,,,,,,2026-01-14T09:10:27.000-03:00,2026-01-14T09:10:28.000-03:00,,,,0,0,7908315709430,Unidade,1,,,COSMOS,https://cosmos.bluesoft.com.br/products/barcode/9BFBF2498C8CDA16A3E8B2D896D5C517.png,,,,,,,,,,,,,,,,,,,,,,,,,
Pneu,7908543380227,,,,,,,,,,,,,,,,,,,,,,Não encontrado,,,,,,,,,,,,,,,,,,,,,,,,
Pneu,8019227034691,PNEU 2 75 18 MT 65 42P (S C D) TITAN FAN,8019227034691,,,,,,2026-01-14T11:53:29.000-03:00,2026-01-14T11:53:30.000-03:00,,,,0,0,8019227034691,Unidade,1,,,COSMOS,https://cosmos.bluesoft.com.br/products/barcode/4C04B08E04A3727825242BBD7DFD13ED.png,,,,,,,,,,,,,,,,,,,,,,,,,
Pneu,8019227080117,,,,,,,,,,,,,,,,,,,,,,Não encontrado,,,,,,,,,,,,,,,,,,,,,,,,
Pneu,8019227100518,,,,,,,,,,,,,,,,,,,,,,Não encontrado,,,,,,,,,,,,,,,,,,,,,,,,
Pneu,8019227206869,PNEU TRASEIRO PARA MOTO PIRELLI ARO 17 190 50 DIABLO ROSSO II,8019227206869,,,,,,2025-09-07T17:35:53.000-03:00,2025-09-07T17:35:54.000-03:00,,,,0,0,8019227206869,Unidade,1,,,COSMOS,https://cosmos.bluesoft.com.br/products/barcode/AA051CF664D7629ECB0AD396AE7223B1.png,,,,,,,,,,,,,,,,,,,,,,,,,
Pneu,8019227207026,PNEU 160/60ZR-17 TL 69W DIABLO ROSSO 2 PIRELLI,8019227207026,,,,,,2023-11-12T17:54:26.000-03:00,2023-11-12T17:54:27.000-03:00,,,,0,0,8019227207026,Unidade,1,,,COSMOS,https://cosmos.bluesoft.com.br/products/barcode/AA051CF664D7629EE6CF118CA8D2A8E1.png,,,,,,,,,,,,,,,,,,,,,,,,,
Pneu,8019227231595,PNEU METZELER TOURANCE 110 80 19 R 59V TL M C BMW G650 GS BMW R 1200 8019227231595,8019227231595,,,,,,2026-01-14T11:53:23.000-03:00,2026-01-14T11:53:24.000-03:00,,,,0,0,8019227231595,Unidade,1,,,COSMOS,https://cosmos.bluesoft.com.br/products/barcode/AA051CF664D7629E798C9AACD57671E1.png,,,,,,,,,,,,,,,,,,,,,,,,,
Pneu,8019227240924,PNEU MOTO 100 80R17 DIABLO ROSSO II DIANTEIRO TL 52H PIRELLI,8019227240924,,,,,,2025-09-25T20:27:28.000-03:00,2025-09-25T20:27:29.000-03:00,,,,0,0,8019227240924,Unidade,1,,,COSMOS,https://cosmos.bluesoft.com.br/products/barcode/AA051CF664D7629EAC95E5B482090173.png,,,,,,,,,,,,,,,,,,,,,,,,,
Pneu,8019227277029,PNEU PIRELLI ANGEL SCOOTER 90 80 14 TL 49S NOVA NEO 125 TRASEIRO 8019227277029,8019227277029,,,,,,2025-12-14T09:19:15.000-03:00,2025-12-14T09:19:16.000-03:00,,,,0,0,8019227277029,Unidade,1,,,COSMOS,https://cosmos.bluesoft.com.br/products/barcode/AA051CF664D7629E2F43A7873096CF7C.png,,,,,,,,,,,,,,,,,,,,,,,,,
Pneu,8019227290233,,,,,,,,,,,,,,,,,,,,,,Não encontrado,,,,,,,,,,,,,,,,,,,,,,,,
Pneu,8019227324655,,,,,,,,,,,,,,,,,,,,,,Não encontrado,,,,,,,,,,,,,,,,,,,,,,,,
Pneu,8019227327571,,,,,,,,,,,,,,,,,,,,,,Não encontrado,,,,,,,,,,,,,,,,,,,,,,,,
Pneu,8019227377323,,,,,,,,,,,,,,,,,,,,,,Não encontrado,,,,,,,,,,,,,,,,,,,,,,,,
Pneu,8807622179372,,,,,,,,,,,,,,,,,,,,,,Não encontrado,,,,,,,,,,,,,,,,,,,,,,,,
Pneu,8807622213656,,,,,,,,,,,,,,,,,,,,,,Não encontrado,,,,,,,,,,,,,,,,,,,,,,,,
Pneu,8807622351402,,,,,,,,,,,,,,,,,,,,,,Não encontrado,,,,,,,,,,,,,,,,,,,,,,,,
Pneu,8808563337708,,,,,,,,,,,,,,,,,,,,,,Não encontrado,,,,,,,,,,,,,,,,,,,,,,,,
Pneu,8808563339993,HANKOOK DYNAPRO HP2 ALL-SEASON RADIAL TIRE - 245/60R18 105H,8808563339993,24.638,75.184,75.184,14514,14514,2016-10-03T19:00:27.000-03:00,2016-10-03T19:00:27.000-03:00,,,,0,0,8808563339993,Unidade,1,,,COSMOS,https://cosmos.bluesoft.com.br/products/barcode/DD44102B07F4C9193C6BFBDEE078E48E.png,,https://cdn-cosmos.bluesoft.com.br/products/8808563339993,HANKOOK,/assets/brand-placeholder-7080174fbd24025783105a607811edad.png,,,,,,,,,,,,,,,,,,,,,
Pneu,8808563353579,,,,,,,,,,,,,,,,,,,,,,Não encontrado,,,,,,,,,,,,,,,,,,,,,,,,
Pneu,8808563525143,PNEU HANKOOK 175 R 1,8808563525143,,,,,,2023-05-07T12:44:28.000-03:00,2023-05-07T12:44:30.000-03:00,,,,0,0,8808563525143,Unidade,1,,,COSMOS,https://cosmos.bluesoft.com.br/products/barcode/6B43699B2AD6CE4D37FCDB974482C606.png,,,,,,,,,,,,,,,,,,,,,,,,,
Pneu,8808956165338,,,,,,,,,,,,,,,,,,,,,,Não encontrado,,,,,,,,,,,,,,,,,,,,,,,,
Pneu,8808956276744,,,,,,,,,,,,,,,,,,,,,,Não encontrado,,,,,,,,,,,,,,,,,,,,,,,,
Pneu,8808956278298,,,,,,,,,,,,,,,,,,,,,,Não encontrado,,,,,,,,,,,,,,,,,,,,,,,,
Pneu,8808956299552,,,,,,,,,,,,,,,,,,,,,,Não encontrado,,,,,,,,,,,,,,,,,,,,,,,,
Pneu,8808956683214,,,,,,,,,,,,,,,,,,,,,,Não encontrado,,,,,,,,,,,,,,,,,,,,,,,,
Pneu,8848139001114,,,,,,,,,,,,,,,,,,,,,,Não encontrado,,,,,,,,,,,,,,,,,,,,,,,,
Pneu,8848180001293,,,,,,,,,,,,,,,,,,,,,,Não encontrado,,,,,,,,,,,,,,,,,,,,,,,,
Pneu,8859295849724,,,,,,,,,,,,,,,,,,,,,,Não encontrado,,,,,,,,,,,,,,,,,,,,,,,,
Pneu,8903094057283,,,,,,,,,,,,,,,,,,,,,,Não encontrado,,,,,,,,,,,,,,,,,,,,,,,,
Pneu,8903635027409,,,,,,,,,,,,,,,,,,,,,,Não encontrado,,,,,,,,,,,,,,,,,,,,,,,,
Pneu,8904299236053,,,,,,,,,,,,,,,,,,,,,,Não encontrado,,,,,,,,,,,,,,,,,,,,,,,,
Pneu,8935039025583,,,,,,,,,,,,,,,,,,,,,,Não encontrado,,,,,,,,,,,,,,,,,,,,,,,,
Pneu,8935271908767,,,,,,,,,,,,,,,,,,,,,,Não encontrado,,,,,,,,,,,,,,,,,,,,,,,,
Pneu,8935336907513,PNEU 295 80R22 5 EVERGREEN LISO EAR30 18L 154 149M,8935336907513,,,,,,2026-01-01T10:17:48.000-03:00,2026-01-01T10:17:49.000-03:00,,,,0,0,8935336907513,Unidade,1,,,COSMOS,https://cosmos.bluesoft.com.br/products/barcode/93A1DA057F05495B5DB5F81D8DEA1DC8.png,,,,,,,,,,,,,,,,,,,,,,,,,
Pneu,8935368800448,,,,,,,,,,,,,,,,,,,,,,Não encontrado,,,,,,,,,,,,,,,,,,,,,,,,
Pneu,9550000003651,PNEU XBRI PREMIUM 175/65 R14 82H,9550000003651,,,,,,2023-05-07T13:15:35.000-03:00,2026-02-20T10:28:55.000-03:00,,,,0,0,9550000003651,Unidade,1,,,COSMOS,https://cosmos.bluesoft.com.br/products/barcode/257C2B71EFF83E97DDA86446BF6736BA.png,,,,,40111000,Do tipo utilizado em automóveis de passageiros (incluindo os veículos de uso misto (station wagons) e os automóveis de corrida),"Borracha e suas obras - Com um teor, em peso, de matérias gordas, não superior a 1 % - Do tipo utilizado em automóveis de passageiros (incluindo os veículos de uso misto (station wagons) e os automóveis de corrida)",,,,,,,,,,,,,,,,,,
Refrigerador,3838782167065,,,,,,,,,,,,,,,,,,,,,,Não encontrado,,,,,,,,,,,,,,,,,,,,,,,,
Refrigerador,6901018001017,,,,,,,,,,,,,,,,,,,,,,Não encontrado,,,,,,,,,,,,,,,,,,,,,,,,
Refrigerador,6901018099847,,,,,,,,,,,,,,,,,,,,,,Não encontrado,,,,,,,,,,,,,,,,,,,,,,,,
Refrigerador,6921727084972,REF T FREEZER 379L HISENSE RT3N375NAC31 INOX 110,6921727084972,,,,,,2025-06-07T15:39:18.000-03:00,2025-12-04T14:06:09.000-03:00,,,,0,0,6921727084972,Unidade,1,,,COSMOS,https://cosmos.bluesoft.com.br/products/barcode/FB299F4A4DEB77F7244DE4AA8A9B9388.png,,,,,,,,,,,,,,,,,,,,,,,,,
Refrigerador,7891129185418,REFRIGERADOR CRB39ABBNA 220V 1P FROST FR,7891129185418,,,,,,2020-08-08T06:40:25.000-03:00,2024-03-28T08:35:37.000-03:00,,,,0,0,7891129185418,Unidade,1,,,COSMOS,https://cosmos.bluesoft.com.br/products/barcode/7F0CD7671393ED83AB6449253E0A750A.png,,,,,84182100,De compressão,"Reatores nucleares, caldeiras, máquinas, aparelhos e instrumentos mecânicos, e suas partes - Refrigeradores, congeladores (freezers) e outros materiais, máquinas e aparelhos, para a produção de frio, com equipamento elétrico ou outro; bombas de calor, excluindo as máquinas e aparelhos de ar-condicionado da posição 84.15. - Refrigeradores do tipo doméstico: - De compressão",,,,,,,,,,,,,,,,,,
Refrigerador,7891129245471,REFRIGERADOR CONSUL CRB39AKFF342LX 110V,7891129245471,,,,,,2020-10-14T05:14:08.000-03:00,2023-03-14T04:29:36.000-03:00,,,,0,0,7891129245471,Unidade,1,,,COSMOS,https://cosmos.bluesoft.com.br/products/barcode/AD159B42EEF6B455F0EE0A535513D599.png,,,,,,,,,,,,,,,,,,,,,,,,,
Refrigerador,7891129252714,REF. BRASTEMP 375L BRM44 BC,7891129252714,,,,,,2019-04-08T10:19:37.000-03:00,2025-08-23T19:10:10.000-03:00,,,,0,0,7891129252714,Unidade,1,,,COSMOS,https://cosmos.bluesoft.com.br/products/barcode/AD159B42EEF6B455AE78FEB397AEBF88.png,,,,,,,,,,,,,,,,,,,,,,,,,
Refrigerador,7891129252738,REF FF 375L BRASTEMP BRM44HK EVO 22,7891129252738,,,,,,2020-08-10T22:31:51.000-03:00,2025-11-26T10:10:45.000-03:00,,,,0,0,7891129252738,Unidade,1,,,COSMOS,https://cosmos.bluesoft.com.br/products/barcode/AD159B42EEF6B455BC7E1E02B82F22F6.png,,,,,84181000,"Combinações de refrigeradores e congeladores (freezers), munidos de portas exteriores separadas","Reatores nucleares, caldeiras, máquinas, aparelhos e instrumentos mecânicos, e suas partes - Refrigeradores, congeladores (freezers) e outros materiais, máquinas e aparelhos, para a produção de frio, com equipamento elétrico ou outro; bombas de calor, excluindo as máquinas e aparelhos de ar-condicionado da posição 84.15. - Combinações de refrigeradores e congeladores (freezers), munidos de portas exteriores separadas",,,,,,,,,,,,,,,,,,
Refrigerador,7891129514232,REFRI CONSUL 340L BIPLEX FROST FREE PLATINUM 127V,7891129514232,,,,,,2020-11-18T23:24:57.000-03:00,2023-03-15T00:56:45.000-03:00,,,,0,0,7891129514232,Unidade,1,,,COSMOS,https://cosmos.bluesoft.com.br/products/barcode/ED13B884D30600DFAA258B2FEFB8780F.png,,,,,,,,,,,,,,,,,,,,,,,,,
Refrigerador,7891129541573,,,,,,,,,,,,,,,,,,,,,,Não encontrado,,,,,,,,,,,,,,,,,,,,,,,,
Refrigerador,7891129551428,REFRIGERADOR CONSUL CRM44AK F FREE 386L CRM44AKANA INOX 127 V,7891129551428,,,,,,2023-03-18T15:05:03.000-03:00,2025-09-04T20:02:05.000-03:00,,,,0,0,7891129551428,Unidade,1,,,COSMOS,https://cosmos.bluesoft.com.br/products/barcode/ED13B884D30600DF9ADA5AB042C171DD.png,,,,,84181000,"Combinações de refrigeradores e congeladores (freezers), munidos de portas exteriores separadas","Reatores nucleares, caldeiras, máquinas, aparelhos e instrumentos mecânicos, e suas partes - Refrigeradores, congeladores (freezers) e outros materiais, máquinas e aparelhos, para a produção de frio, com equipamento elétrico ou outro; bombas de calor, excluindo as máquinas e aparelhos de ar-condicionado da posição 84.15. - Combinações de refrigeradores e congeladores (freezers), munidos de portas exteriores separadas",,,,,,,,,,,,,,,,,,
Refrigerador,7891129551435,REFRIGERADOR GELADEIRA FROST FREE 2 PORTAS 386L CRM44AKBNAIX,7891129551435,,,,,,2023-03-11T15:45:31.000-03:00,2026-07-15T13:59:32.000-03:00,,,,0,0,7891129551435,Unidade,1,,,COSMOS,https://cosmos.bluesoft.com.br/products/barcode/ED13B884D30600DF48E6731C775F7C3E.png,,,,,,,,,,,,,,,,,,,,,,,,,
Refrigerador,7891129551565,REFRIGERADOR 2P BRASTEMP FROST FREE BRM54JBANA 400L BCO 110V,7891129551565,,,,,,2023-03-11T15:45:24.000-03:00,2026-03-29T07:06:59.000-03:00,,,,0,0,7891129551565,Unidade,1,,,COSMOS,https://cosmos.bluesoft.com.br/products/barcode/ED13B884D30600DF2CA8F46C9E601FFC.png,,,,,84181000,"Combinações de refrigeradores e congeladores (freezers), munidos de portas exteriores separadas","Reatores nucleares, caldeiras, máquinas, aparelhos e instrumentos mecânicos, e suas partes - Refrigeradores, congeladores (freezers) e outros materiais, máquinas e aparelhos, para a produção de frio, com equipamento elétrico ou outro; bombas de calor, excluindo as máquinas e aparelhos de ar-condicionado da posição 84.15. - Combinações de refrigeradores e congeladores (freezers), munidos de portas exteriores separadas",,,,,,,,,,,,,,,,,,
Refrigerador,7891129554887,REFRIGERADOR BRASTEMP BRO85AK INVERSE 3 PTS 554L BRO85AKANA INOX 127 V,7891129554887,,,,,,2023-03-11T15:45:15.000-03:00,2026-05-16T21:42:38.000-03:00,,,,0,0,7891129554887,Unidade,1,,,COSMOS,https://cosmos.bluesoft.com.br/products/barcode/ED13B884D30600DF4B66C92EAE3CD4A6.png,,,,,,,,,,,,,,2,Açúcar,1,,,,,,,,,
Refrigerador,7891129564046,REF FF 447L BRASTEMP BRE57FB INVERSE 110V BRANCO,7891129564046,,,,,,2024-05-12T16:02:43.000-03:00,2026-02-04T00:47:14.000-03:00,,,,0,0,7891129564046,Unidade,1,,,COSMOS,https://cosmos.bluesoft.com.br/products/barcode/ED13B884D30600DFFC62CFCC72578CDE.png,,,,,,,,,,,,,,,,,,,,,,,,,
Refrigerador,7891129572300,REFRIGERADOR BRASTEMP BRM55FE 463L BLACK INOX 110V,7891129572300,,,,,,2024-09-29T16:58:31.000-03:00,2024-09-29T16:58:33.000-03:00,,,,0,0,7891129572300,Unidade,1,,,COSMOS,https://cosmos.bluesoft.com.br/products/barcode/ED13B884D30600DF3A9C899BC670298C.png,,,,,,,,,,,,,,,,,,,,,,,,,
Refrigerador,7891129585348,REFRIGERADOR CONSUL CRM50LB 410L BRANCO 110V,7891129585348,,,,,,2025-02-19T19:29:30.000-03:00,2026-03-15T20:01:28.000-03:00,,,,0,0,7891129585348,Unidade,1,,,COSMOS,https://cosmos.bluesoft.com.br/products/barcode/ED13B884D30600DFA73D58EF4F632C20.png,,,,,84181000,"Combinações de refrigeradores e congeladores (freezers), munidos de portas exteriores separadas","Reatores nucleares, caldeiras, máquinas, aparelhos e instrumentos mecânicos, e suas partes - Refrigeradores, congeladores (freezers) e outros materiais, máquinas e aparelhos, para a produção de frio, com equipamento elétrico ou outro; bombas de calor, excluindo as máquinas e aparelhos de ar-condicionado da posição 84.15. - Combinações de refrigeradores e congeladores (freezers), munidos de portas exteriores separadas",,,,,,,,,,,,,,,,,,
Refrigerador,7891129588745,,,,,,,,,,,,,,,,,,,,,,Não encontrado,,,,,,,,,,,,,,,,,,,,,,,,
Refrigerador,7891129588820,,,,,,,,,,,,,,,,,,,,,,Não encontrado,,,,,,,,,,,,,,,,,,,,,,,,
Refrigerador,7891129588844,REFRIGERATOR DOMEST 2 DOORS 332L 127V BR CL C,7891129588844,,,,,,2026-02-23T10:57:29.000-03:00,2026-02-23T10:57:30.000-03:00,,,,0,0,7891129588844,Unidade,1,,,COSMOS,https://cosmos.bluesoft.com.br/products/barcode/ED13B884D30600DFE96FACA8FC081DEC.png,,,,,,,,,,,,,,,,,,,,,,,,,
Refrigerador,7891129588905,REF CRM40MBANA F FREE 2P 333L CONSUL,7891129588905,,,,,,2025-12-11T09:39:49.000-03:00,2026-04-24T20:05:41.000-03:00,,,,0,0,7891129588905,Unidade,1,,,COSMOS,https://cosmos.bluesoft.com.br/products/barcode/ED13B884D30600DF0DE85440AE718AB4.png,,,,,,,,,,,,,,,,,,,,,,,,,
Refrigerador,7891129589032,,,,,,,,,,,,,,,,,,,,,,Não encontrado,,,,,,,,,,,,,,,,,,,,,,,,
Refrigerador,7891129589063,REFRIGERAD CONSUL CRM44MB 377L BR 220V,7891129589063,,,,,,2025-09-23T00:17:31.000-03:00,2026-04-24T20:05:45.000-03:00,,,,0,0,7891129589063,Unidade,1,,,COSMOS,https://cosmos.bluesoft.com.br/products/barcode/ED13B884D30600DF326C924F12565579.png,,,,,,,,,,,,,,,,,,,,,,,,,
Refrigerador,7891129589070,REFRIG 377L CRM44MK FF PLATINUM INVERTE CONSUL,7891129589070,,,,,,2025-10-21T09:45:10.000-03:00,2026-04-24T20:05:47.000-03:00,,,,0,0,7891129589070,Unidade,1,,,COSMOS,https://cosmos.bluesoft.com.br/products/barcode/ED13B884D30600DF248D5217BD51D4C5.png,,,,,,,,,,,,,,,,,,,,,,,,,
Refrigerador,7891129589100,REFR CONSUL CRM53MKFF DUP 110V C IN,7891129589100,,,,,,2025-11-10T09:21:19.000-03:00,2026-04-24T20:05:50.000-03:00,,,,0,0,7891129589100,Unidade,1,,,COSMOS,https://cosmos.bluesoft.com.br/products/barcode/ED13B884D30600DF743B3503CEF4625F.png,,,,,,,,,,,,,,,,,,,,,,,,,
Refrigerador,7891129594449,,,,,,,,,,,,,,,,,,,,,,Não encontrado,,,,,,,,,,,,,,,,,,,,,,,,
Refrigerador,7891129594494,,,,,,,,,,,,,,,,,,,,,,Não encontrado,,,,,,,,,,,,,,,,,,,,,,,,
Refrigerador,7891129598645,,,,,,,,,,,,,,,,,,,,,,Não encontrado,,,,,,,,,,,,,,,,,,,,,,,,
Refrigerador,7891129598690,,,,,,,,,,,,,,,,,,,,,,Não encontrado,,,,,,,,,,,,,,,,,,,,,,,,
Refrigerador,7891129598799,,,,,,,,,,,,,,,,,,,,,,Não encontrado,,,,,,,,,,,,,,,,,,,,,,,,
Refrigerador,7891129616516,,,,,,,,,,,,,,,,,,,,,,Não encontrado,,,,,,,,,,,,,,,,,,,,,,,,
Refrigerador,7891129628045,,,,,,,,,,,,,,,,,,,,,,Não encontrado,,,,,,,,,,,,,,,,,,,,,,,,
Refrigerador,7891129628052,,,,,,,,,,,,,,,,,,,,,,Não encontrado,,,,,,,,,,,,,,,,,,,,,,,,
Refrigerador,7891129628076,,,,,,,,,,,,,,,,,,,,,,Não encontrado,,,,,,,,,,,,,,,,,,,,,,,,
Refrigerador,7891356106996,REFRIGERADOR PRF535I 220V,7891356106996,,,,,,2025-01-09T20:55:09.000-03:00,2025-01-09T20:55:10.000-03:00,,,,0,0,7891356106996,Unidade,1,,,COSMOS,https://cosmos.bluesoft.com.br/products/barcode/F6328E5D08A1038158CC671B131D5EC9.png,,,,,,,,,,,,,,,,,,,,,,,,,
Refrigerador,7891356121531,,,,,,,,,,,,,,,,,,,,,,Não encontrado,,,,,,,,,,,,,,,,,,,,,,,,
Refrigerador,7891356121548,,,,,,,,,,,,,,,,,,,,,,Não encontrado,,,,,,,,,,,,,,,,,,,,,,,,
Refrigerador,7896067227725,REFRIGERADOR 2P PANASONIC FROST FREE 387L BT41 BRANCO 110V,7896067227725,,,,,,2023-03-12T19:29:38.000-03:00,2026-01-28T00:31:00.000-03:00,,,,0,0,7896067227725,Unidade,1,,,COSMOS,https://cosmos.bluesoft.com.br/products/barcode/88621E6466E036A4D771DEAEF57A12AF.png,,,,,84185090,Outros,"Reatores nucleares, caldeiras, máquinas, aparelhos e instrumentos mecânicos, e suas partes - Refrigeradores, congeladores (“freezers”) e outros materiais, máquinas e aparelhos para a produção de frio, com equipamento elétrico ou outro; bombas de calor, exceto as máquinas e aparelhos de arcondicionado da posição 8415 - Outros móveis (arcas, armários, vitrines, balcões e móveis semelhantes) para a conservação e exposição de produtos, que incorporem um equipamento para a produção de frio - Outros",,,,,,,,,,,,,,,,,,
Refrigerador,7896067227732,REFRIG PANAS NRBT41PD1WB 387L BR 220V,7896067227732,,,,,,2022-04-08T02:14:33.000-03:00,2025-10-17T22:38:02.000-03:00,,,,0,0,7896067227732,Unidade,1,,,COSMOS,https://cosmos.bluesoft.com.br/products/barcode/88621E6466E036A4E096AA83DC94C2BD.png,,,,,,,,,,,,,,,,,,,,,,,,,
Refrigerador,7896067228166,REFRIG NRBB64PV1XB INVERT 2PT 460LACO220,7896067228166,,,,,,2025-01-22T00:44:06.000-03:00,2025-10-18T13:21:46.000-03:00,,,,0,0,7896067228166,Unidade,1,,,COSMOS,https://cosmos.bluesoft.com.br/products/barcode/88621E6466E036A4C441EA2D1B1D381E.png,,,,,,,,,,,,,,,,,,,,,,,,,
Refrigerador,7896067228715,,,,,,,,,,,,,,,,,,,,,,Não encontrado,,,,,,,,,,,,,,,,,,,,,,,,
Refrigerador,7896067228722,,,,,,,,,,,,,,,,,,,,,,Não encontrado,,,,,,,,,,,,,,,,,,,,,,,,
Refrigerador,7896067228852,,,,,,,,,,,,,,,,,,,,,,Não encontrado,,,,,,,,,,,,,,,,,,,,,,,,
Refrigerador,7896067229019,,,,,,,,,,,,,,,,,,,,,,Não encontrado,,,,,,,,,,,,,,,,,,,,,,,,
Refrigerador,7896067229088,,,,,,,,,,,,,,,,,,,,,,Não encontrado,,,,,,,,,,,,,,,,,,,,,,,,
Refrigerador,7896584055900,REFRIGERADOR ELECTROLUX RE31 240 BRANCO,7896584055900,,,,,,2015-07-20T19:17:33.000-03:00,2026-07-31T16:23:10.000-03:00,,,,0,0,7896584055900,Unidade,1,,,COSMOS,https://cosmos.bluesoft.com.br/products/barcode/798A51B785F4E8D51962F6B4F2B20F1D.png,,,ELECTROLUX,https://cdn-cosmos.bluesoft.com.br/brands/brand_electrolux,84182100,De compressão,"Reatores nucleares, caldeiras, máquinas, aparelhos e instrumentos mecânicos, e suas partes - Refrigeradores, congeladores (freezers) e outros materiais, máquinas e aparelhos, para a produção de frio, com equipamento elétrico ou outro; bombas de calor, excluindo as máquinas e aparelhos de ar-condicionado da posição 84.15. - Refrigeradores do tipo doméstico: - De compressão",,,,,,,,,,2280,2100300,"Refrigeradores do tipo doméstico, de compressão",1675,,,,,
Refrigerador,7896584055917,REFRIGERADOR ELECTROLUX DEGELO PRÁTICO RE31 COM CONTROLE DE TEMPERATURA 240L- BRANCO,7896584055917,,,,,,2017-06-16T16:44:55.000-03:00,2025-11-22T20:06:00.000-03:00,,,,0,0,7896584055917,Unidade,1,,,COSMOS,https://cosmos.bluesoft.com.br/products/barcode/798A51B785F4E8D5132456BED96C7983.png,,,ELECTROLUX,https://cdn-cosmos.bluesoft.com.br/brands/brand_electrolux,84182100,De compressão,"Reatores nucleares, caldeiras, máquinas, aparelhos e instrumentos mecânicos, e suas partes - Refrigeradores, congeladores (freezers) e outros materiais, máquinas e aparelhos, para a produção de frio, com equipamento elétrico ou outro; bombas de calor, excluindo as máquinas e aparelhos de ar-condicionado da posição 84.15. - Refrigeradores do tipo doméstico: - De compressão",,,,,,,,,,,,,,,,,,
Refrigerador,7898552005573,REF 589L TCL MULTIDOOR C589CDN1 127V INOX,7898552005573,,,,,,2025-09-04T07:34:20.000-03:00,2025-09-04T07:34:21.000-03:00,,,,0,0,7898552005573,Unidade,1,,,COSMOS,https://cosmos.bluesoft.com.br/products/barcode/25287BB19E3C0F60F4B4D42B1C49017D.png,,,,,,,,,,,,,,,,,,,,,,,,,
Refrigerador,7898761370004,REFRIGERADOR FROST FREE DUPLEX BRANCO 425L 127V RT572 MIDEA,7898761370004,,,,,,2024-10-01T10:07:33.000-03:00,2026-01-23T20:05:53.000-03:00,,,,0,0,7898761370004,Unidade,1,,,COSMOS,https://cosmos.bluesoft.com.br/products/barcode/D2C02C6D4DAB2E4C20CD1A6E3D36546B.png,,,,,84181000,"Combinações de refrigeradores e congeladores (freezers), munidos de portas exteriores separadas","Reatores nucleares, caldeiras, máquinas, aparelhos e instrumentos mecânicos, e suas partes - Refrigeradores, congeladores (freezers) e outros materiais, máquinas e aparelhos, para a produção de frio, com equipamento elétrico ou outro; bombas de calor, excluindo as máquinas e aparelhos de ar-condicionado da posição 84.15. - Combinações de refrigeradores e congeladores (freezers), munidos de portas exteriores separadas",,,,,,,,,,,,,,,,,,
Refrigerador,7898761370011,REFRIGERADOR FF 425L MDRT572 BR 220V MIDEA,7898761370011,,,,,,2025-09-05T04:10:38.000-03:00,2026-01-23T20:05:54.000-03:00,,,,0,0,7898761370011,Unidade,1,,,COSMOS,https://cosmos.bluesoft.com.br/products/barcode/D2C02C6D4DAB2E4C9A2259F7DDCFDBCE.png,,,,,,,,,,,,,,,,,,,,,,,,,
Refrigerador,7898761370172,REFRIG MIDEA DUPLEX 491L RT650EVKDX F F PRETO BIV INVERT,7898761370172,,,,,,2025-09-05T04:10:39.000-03:00,2025-09-05T04:10:40.000-03:00,,,,0,0,7898761370172,Unidade,1,,,COSMOS,https://cosmos.bluesoft.com.br/products/barcode/D2C02C6D4DAB2E4C3FC5129903E47001.png,,,,,,,,,,,,,,,,,,,,,,,,,
Refrigerador,7898761370547,,,,,,,,,,,,,,,,,,,,,,Não encontrado,,,,,,,,,,,,,,,,,,,,,,,,
Refrigerador,7898761370561,,,,,,,,,,,,,,,,,,,,,,Não encontrado,,,,,,,,,,,,,,,,,,,,,,,,
Refrigerador,7898761370585,,,,,,,,,,,,,,,,,,,,,,Não encontrado,,,,,,,,,,,,,,,,,,,,,,,,
Refrigerador,7899081700779,REFRIGER ESMALTEC ROC 31 BR,7899081700779,,,,,,2025-01-09T04:59:36.000-03:00,2026-01-28T00:31:56.000-03:00,,,,0,0,7899081700779,Unidade,1,,,COSMOS,https://cosmos.bluesoft.com.br/products/barcode/DCA1E860C6ACD21C116C4B374FB393F5.png,,https://cdn-cosmos.bluesoft.com.br/products/7899081700779,,,84182100,De compressão,"Reatores nucleares, caldeiras, máquinas, aparelhos e instrumentos mecânicos, e suas partes - Refrigeradores, congeladores (freezers) e outros materiais, máquinas e aparelhos, para a produção de frio, com equipamento elétrico ou outro; bombas de calor, excluindo as máquinas e aparelhos de ar-condicionado da posição 84.15. - Refrigeradores do tipo doméstico: - De compressão",,,,,,,,,,,,,,,,,,
Refrigerador,7899081701523,REFRIGERADOR GELADEIRA CYCLE DEFROST 2 PORTAS 306L RCD38 BRANCA,7899081701523,,,,,,2025-09-07T04:22:03.000-03:00,2025-09-07T04:22:04.000-03:00,,,,0,0,7899081701523,Unidade,1,,,COSMOS,https://cosmos.bluesoft.com.br/products/barcode/DCA1E860C6ACD21C4821402AEC1B0CC2.png,,,,,,,,,,,,,,,,,,,,,,,,,
Refrigerador,7899081731308,REFRIGERADOR ESMALTEC RCD34 BRANCO - 276 L,7899081731308,,,,,,2017-07-14T14:56:25.000-03:00,2025-04-28T00:31:19.000-03:00,,,,0,0,7899081731308,Unidade,1,,,COSMOS,https://cosmos.bluesoft.com.br/products/barcode/DCA1E860C6ACD21CF649AB6C9EEAC6AF.png,,,ESMALTEC,/assets/brand-placeholder-7080174fbd24025783105a607811edad.png,84212300,Parafiltraróleosmineraisnosmotoresdeigniçãoporcentelha(faísca*)oupor compressão,"Reatores nucleares, caldeiras, máquinas, aparelhos e instrumentos mecânicos, e suas partes - Centrifugadores,incluindoossecadorescentrífugos;aparelhosparafiltrarou depurar líquidos ou gases. - Aparelhos para filtrar ou depurar líquidos: - Parafiltraróleosmineraisnosmotoresdeigniçãoporcentelha(faísca*)oupor compressão",,,,,,,,,,,,,,,,,,
Refrigerador,7899081755830,,,,,,,,,,,,,,,,,,,,,,Não encontrado,,,,,,,,,,,,,,,,,,,,,,,,
Refrigerador,7899963915055,,,,,,,,,,,,,,,,,,,,,,Não encontrado,,,,,,,,,,,,,,,,,,,,,,,,
Refrigerador,7899963917301,REFRIGERADOR PHILCO PRF43A 434L PRETO 110V,7899963917301,,,,,,2025-09-07T07:51:20.000-03:00,2025-09-07T07:51:21.000-03:00,,,,0,0,7899963917301,Unidade,1,,,COSMOS,https://cosmos.bluesoft.com.br/products/barcode/FA56506A6F29B985AE1CD31A61D2B3CA.png,,,,,,,,,,,,,,,,,,,,,,,,,
Refrigerador,7900163005603,HQ REFRIGERADOR HQ230RDF 230L BRANCO 110V,7900163005603,,,,,,2025-09-07T07:42:52.000-03:00,2025-09-07T07:42:53.000-03:00,,,,0,0,7900163005603,Unidade,1,,,COSMOS,https://cosmos.bluesoft.com.br/products/barcode/7BA31CA84B7D372006BC011EFEE7E1E5.png,,,,,,,,,,,,,,,,,,,,,,,,,
Refrigerador,7900163006082,HQ REFRIGERADOR HQ426MDFF 426L PRATA 110V,7900163006082,,,,,,2025-09-07T08:06:37.000-03:00,2025-09-07T08:06:38.000-03:00,,,,0,0,7900163006082,Unidade,1,,,COSMOS,https://cosmos.bluesoft.com.br/products/barcode/7BA31CA84B7D3720EB8FE87093E961CE.png,,,,,,,,,,,,,,,,,,,,,,,,,
Refrigerador,7900163006099,REFRIGERADOR HQ FROST FREE MULTIDOOR 426L CZ HQ 426MDFF 220V,7900163006099,,,,,,2026-01-09T07:53:41.000-03:00,2026-01-09T07:53:41.000-03:00,,,,0,0,7900163006099,Unidade,1,,,COSMOS,https://cosmos.bluesoft.com.br/products/barcode/7BA31CA84B7D372037FED74AA8F825EA.png,,,,,,,,,,,,,,,,,,,,,,,,,
Refrigerador,7900163015374,,,,,,,,,,,,,,,,,,,,,,Não encontrado,,,,,,,,,,,,,,,,,,,,,,,,
Refrigerador,7900163015404,,,,,,,,,,,,,,,,,,,,,,Não encontrado,,,,,,,,,,,,,,,,,,,,,,,,
Refrigerador,7900163015411,,,,,,,,,,,,,,,,,,,,,,Não encontrado,,,,,,,,,,,,,,,,,,,,,,,,
Refrigerador,7900163017835,,,,,,,,,,,,,,,,,,,,,,Não encontrado,,,,,,,,,,,,,,,,,,,,,,,,
Refrigerador,7900163025922,,,,,,,,,,,,,,,,,,,,,,Não encontrado,,,,,,,,,,,,,,,,,,,,,,,,
Refrigerador,7900163025946,,,,,,,,,,,,,,,,,,,,,,Não encontrado,,,,,,,,,,,,,,,,,,,,,,,,
Refrigerador,7908198003205,REFRIG MIDEA FFREE RT468 347L INOX 127V,7908198003205,,,,,,2023-05-07T09:41:40.000-03:00,2026-02-22T20:01:59.000-03:00,,,,0,0,7908198003205,Unidade,1,,,COSMOS,https://cosmos.bluesoft.com.br/products/barcode/7558A159B066A46FF1EAC777B5660C1F.png,,,,,84181000,"Combinações de refrigeradores e congeladores (freezers), munidos de portas exteriores separadas","Reatores nucleares, caldeiras, máquinas, aparelhos e instrumentos mecânicos, e suas partes - Refrigeradores, congeladores (freezers) e outros materiais, máquinas e aparelhos, para a produção de frio, com equipamento elétrico ou outro; bombas de calor, excluindo as máquinas e aparelhos de ar-condicionado da posição 84.15. - Combinações de refrigeradores e congeladores (freezers), munidos de portas exteriores separadas",,,,,,,,,,,,,,,,,,
Refrigerador,7908198003229,REFRIGERADOR BMF 423L 127V MD-RB572FGA041 MIDEA,7908198003229,,,,,,2023-03-17T17:15:39.000-03:00,2025-09-07T10:42:58.000-03:00,,,,0,0,7908198003229,Unidade,1,,,COSMOS,https://cosmos.bluesoft.com.br/products/barcode/7558A159B066A46F4EDD6A3210343E99.png,,,,,84181000,"Combinações de refrigeradores e congeladores (freezers), munidos de portas exteriores separadas","Reatores nucleares, caldeiras, máquinas, aparelhos e instrumentos mecânicos, e suas partes - Refrigeradores, congeladores (freezers) e outros materiais, máquinas e aparelhos, para a produção de frio, com equipamento elétrico ou outro; bombas de calor, excluindo as máquinas e aparelhos de ar-condicionado da posição 84.15. - Combinações de refrigeradores e congeladores (freezers), munidos de portas exteriores separadas",,,,,,,,,,,,,,,,,,
Refrigerador,7908198004301,REFRI MIDEA 463L DUPLEX FROST FREE INOX CLARO,7908198004301,,,,,,2023-05-07T10:03:08.000-03:00,2023-06-26T16:52:24.000-03:00,,,,0,0,7908198004301,Unidade,1,,,COSMOS,https://cosmos.bluesoft.com.br/products/barcode/7558A159B066A46F699D919E4FAC3520.png,,,,,84181000,"Combinações de refrigeradores e congeladores (freezers), munidos de portas exteriores separadas","Reatores nucleares, caldeiras, máquinas, aparelhos e instrumentos mecânicos, e suas partes - Refrigeradores, congeladores (freezers) e outros materiais, máquinas e aparelhos, para a produção de frio, com equipamento elétrico ou outro; bombas de calor, excluindo as máquinas e aparelhos de ar-condicionado da posição 84.15. - Combinações de refrigeradores e congeladores (freezers), munidos de portas exteriores separadas",,,,,,,,,,,,,,,,,,
Refrigerador,7908198004417,REF FF 411L MIDEA MD-RT580MTA282 220V BLACK INOX,7908198004417,,,,,,2023-05-07T09:42:10.000-03:00,2023-06-26T15:52:21.000-03:00,,,,0,0,7908198004417,Unidade,1,,,COSMOS,https://cosmos.bluesoft.com.br/products/barcode/7558A159B066A46F9A8D56E9E74F043B.png,,,,,84181000,"Combinações de refrigeradores e congeladores (freezers), munidos de portas exteriores separadas","Reatores nucleares, caldeiras, máquinas, aparelhos e instrumentos mecânicos, e suas partes - Refrigeradores, congeladores (freezers) e outros materiais, máquinas e aparelhos, para a produção de frio, com equipamento elétrico ou outro; bombas de calor, excluindo as máquinas e aparelhos de ar-condicionado da posição 84.15. - Combinações de refrigeradores e congeladores (freezers), munidos de portas exteriores separadas",,,,,,,,,,,,,,,,,,
Refrigerador,7908198006312,REFRIGERADOR MULTIDOOR 474L BIVOLT MD-RF691FGD463 MIDEA,7908198006312,,,,,,2024-09-20T10:17:37.000-03:00,2026-03-13T20:05:15.000-03:00,,,,0,0,7908198006312,Unidade,1,,,COSMOS,https://cosmos.bluesoft.com.br/products/barcode/7558A159B066A46F6B6E873B3D2D4303.png,,,,,84181000,"Combinações de refrigeradores e congeladores (freezers), munidos de portas exteriores separadas","Reatores nucleares, caldeiras, máquinas, aparelhos e instrumentos mecânicos, e suas partes - Refrigeradores, congeladores (freezers) e outros materiais, máquinas e aparelhos, para a produção de frio, com equipamento elétrico ou outro; bombas de calor, excluindo as máquinas e aparelhos de ar-condicionado da posição 84.15. - Combinações de refrigeradores e congeladores (freezers), munidos de portas exteriores separadas",,,,,,,,,,,,,,,,,,
Refrigerador,7908198015406,REFRIGERADOR DEFROST BRANCA 294L 220V MD-RT411FGF012 MIDEA,7908198015406,,,,,,2024-09-20T10:17:36.000-03:00,2026-08-17T09:13:16.000-03:00,,,,0,0,7908198015406,Unidade,1,,,COSMOS,https://cosmos.bluesoft.com.br/products/barcode/7558A159B066A46F23AC95DE9414BB31.png,,,,,84181000,"Combinações de refrigeradores e congeladores (freezers), munidos de portas exteriores separadas","Reatores nucleares, caldeiras, máquinas, aparelhos e instrumentos mecânicos, e suas partes - Refrigeradores, congeladores (freezers) e outros materiais, máquinas e aparelhos, para a produção de frio, com equipamento elétrico ou outro; bombas de calor, excluindo as máquinas e aparelhos de ar-condicionado da posição 84.15. - Combinações de refrigeradores e congeladores (freezers), munidos de portas exteriores separadas",,,,,,,,,,,,,,,,,,
Refrigerador,7908198024279,,,,,,,,,,,,,,,,,,,,,,Não encontrado,,,,,,,,,,,,,,,,,,,,,,,,
Refrigerador,7908198025221,,,,,,,,,,,,,,,,,,,,,,Não encontrado,,,,,,,,,,,,,,,,,,,,,,,,
Refrigerador,7908786403417,,,,,,,,,,,,,,,,,,,,,,Não encontrado,,,,,,,,,,,,,,,,,,,,,,,,
Refrigerador,7908786403462,REF 240L EOS 2P CYCLE DEFROST B199226 BRANCO 220 VOLTS,7908786403462,,,,,,2025-09-11T09:35:28.000-03:00,2026-04-25T00:00:39.000-03:00,,,,0,0,7908786403462,Unidade,1,,,COSMOS,https://cosmos.bluesoft.com.br/products/barcode/6E828E0F8E57B55335840D886E754CE9.png,,,,,,,,,,,,,,,,,,,,,,,,,
Refrigerador,7908786403530,,,,,,,,,,,,,,,,,,,,,,Não encontrado,,,,,,,,,,,,,,,,,,,,,,,,
Refrigerador,7908786407231,,,,,,,,,,,,,,,,,,,,,,Não encontrado,,,,,,,,,,,,,,,,,,,,,,,,
Refrigerador,7909569394090,REFRIGERADOR IM8S 590L 220V,7909569394090,,,,,,2023-05-07T11:54:07.000-03:00,2026-03-01T20:05:22.000-03:00,,,,0,0,7909569394090,Unidade,1,,,COSMOS,https://cosmos.bluesoft.com.br/products/barcode/EA6660E0F34E85956F3B3F99F53E0DF9.png,,,,,84181000,"Combinações de refrigeradores e congeladores (freezers), munidos de portas exteriores separadas","Reatores nucleares, caldeiras, máquinas, aparelhos e instrumentos mecânicos, e suas partes - Refrigeradores, congeladores (freezers) e outros materiais, máquinas e aparelhos, para a produção de frio, com equipamento elétrico ou outro; bombas de calor, excluindo as máquinas e aparelhos de ar-condicionado da posição 84.15. - Combinações de refrigeradores e congeladores (freezers), munidos de portas exteriores separadas",,,,,,,,,,,,,,,,,,
Refrigerador,7909569394151,REFR ELECTR IM8IS MULTIDOOR EFFIC 540L PLATINUM 220V,7909569394151,,,,,,2025-09-07T16:03:46.000-03:00,2026-03-01T20:05:31.000-03:00,,,,0,0,7909569394151,Unidade,1,,,COSMOS,https://cosmos.bluesoft.com.br/products/barcode/EA6660E0F34E8595EB7C81D469BC6AA6.png,,,,,,,,,,,,,,,,,,,,,,,,,
Refrigerador,7909569441343,REFRIGERADOR ELECTROLUX FF IB7 490L INV BRANCO 220V,7909569441343,,,,,,2025-09-07T17:02:40.000-03:00,2026-03-01T20:07:12.000-03:00,,,,0,0,7909569441343,Unidade,1,,,COSMOS,https://cosmos.bluesoft.com.br/products/barcode/9323792639B62A8AFAB5A03603EEC154.png,,,,,,,,,,,,,,,,,,,,,,,,,
Refrigerador,7909569441350,REFRIGERADOR INOX 490L 127V IB7S 02497FBA130 ELECTROLUX,7909569441350,,,,,,2025-07-21T09:50:36.000-03:00,2026-03-01T20:07:13.000-03:00,,,,0,0,7909569441350,Unidade,1,,,COSMOS,https://cosmos.bluesoft.com.br/products/barcode/9323792639B62A8AB19EFC341289F636.png,,,,,84181000,"Combinações de refrigeradores e congeladores (freezers), munidos de portas exteriores separadas","Reatores nucleares, caldeiras, máquinas, aparelhos e instrumentos mecânicos, e suas partes - Refrigeradores, congeladores (freezers) e outros materiais, máquinas e aparelhos, para a produção de frio, com equipamento elétrico ou outro; bombas de calor, excluindo as máquinas e aparelhos de ar-condicionado da posição 84.15. - Combinações de refrigeradores e congeladores (freezers), munidos de portas exteriores separadas",,,,,,,,,,,,,,,,,,
Refrigerador,7909569460382,924263096 IB42G REFRIG BF 127 60 VIDRO PRETO,7909569460382,,,,,,2026-01-09T11:14:06.000-03:00,2026-03-02T20:01:11.000-03:00,,,,0,0,7909569460382,Unidade,1,,,COSMOS,https://cosmos.bluesoft.com.br/products/barcode/9323792639B62A8A443AAC96F7365EB8.png,,,,,,,,,,,,,,,,,,,,,,,,,
Refrigerador,7909569462584,,,,,,,,,,,,,,,,,,,,,,Não encontrado,,,,,,,,,,,,,,,,,,,,,,,,
Refrigerador,7909569462591,924263104 TC45 REF CONT 127 60 BR,7909569462591,,,,,,2026-01-14T12:23:57.000-03:00,2026-01-14T12:23:57.000-03:00,,,,0,0,7909569462591,Unidade,1,,,COSMOS,https://cosmos.bluesoft.com.br/products/barcode/9323792639B62A8A588053E3C67CEE34.png,,,,,,,,,,,,,,,,,,,,,,,,,
Refrigerador,7909569462621,REF FF 400L CONTINENTAL TC45S 220V INOX,7909569462621,,,,,,2026-02-12T15:29:29.000-03:00,2026-02-12T15:29:30.000-03:00,,,,0,0,7909569462621,Unidade,1,,,COSMOS,https://cosmos.bluesoft.com.br/products/barcode/9323792639B62A8A376B8E8FA9C76008.png,,,,,,,,,,,,,,,,,,,,,,,,,
Refrigerador,7909569471814,REFRIGERADOR INOX 431L 220V TF70S 924263165 ELECTROLUX,7909569471814,,,,,,2025-05-18T05:29:28.000-03:00,2025-05-18T05:29:28.000-03:00,,,,0,0,7909569471814,Unidade,1,,,COSMOS,https://cosmos.bluesoft.com.br/products/barcode/9323792639B62A8AB84C3EED77966666.png,,,,,84181000,"Combinações de refrigeradores e congeladores (freezers), munidos de portas exteriores separadas","Reatores nucleares, caldeiras, máquinas, aparelhos e instrumentos mecânicos, e suas partes - Refrigeradores, congeladores (freezers) e outros materiais, máquinas e aparelhos, para a produção de frio, com equipamento elétrico ou outro; bombas de calor, excluindo as máquinas e aparelhos de ar-condicionado da posição 84.15. - Combinações de refrigeradores e congeladores (freezers), munidos de portas exteriores separadas",,,,,,,,,,,,,,,,,,
Refrigerador,7909569471852,REFRIGRADOR ELECTROLUX TF71B FF 480L BLACK INOX 220V,7909569471852,,,,,,2025-09-07T16:02:46.000-03:00,2026-03-02T20:02:18.000-03:00,,,,0,0,7909569471852,Unidade,1,,,COSMOS,https://cosmos.bluesoft.com.br/products/barcode/9323792639B62A8ADFA1940EF363B4C0.png,,,,,,,,,,,,,,,,,,,,,,,,,
Refrigerador,7909569472170,924263178 TF38 REF ELUX 127V 60 BR,7909569472170,1,1,1,,,2025-11-07T23:25:00.000-03:00,2026-04-14T17:51:23.000-03:00,,,,0,0,7909569472170,Unidade,1,,,COSMOS,https://cosmos.bluesoft.com.br/products/barcode/9323792639B62A8AB03CE8A344AF9968.png,,,,,84182900,Outros,"Reatores nucleares, caldeiras, máquinas, aparelhos e instrumentos mecânicos, e suas partes - Refrigeradores, congeladores (freezers) e outros materiais, máquinas e aparelhos, para a produção de frio, com equipamento elétrico ou outro; bombas de calor, excluindo as máquinas e aparelhos de ar-condicionado da posição 84.15. - Refrigeradores do tipo doméstico: - Outros",,,,,,,,,,,,,,,,,,
Refrigerador,7909569474747,REF FF INVERTER 531L ELECTROLUX ES5GB SBS PTO 127V,7909569474747,,,,,,2025-11-11T22:14:07.000-03:00,2026-04-30T20:06:13.000-03:00,,,,0,0,7909569474747,Unidade,1,,,COSMOS,https://cosmos.bluesoft.com.br/products/barcode/9323792639B62A8A4FB3312E8173E3BB.png,,,,,,,,,,,,,,,,,,,,,,,,,
Refrigerador,7909569486849,,,,,,,,,,,,,,,,,,,,,,Não encontrado,,,,,,,,,,,,,,,,,,,,,,,,
Refrigerador,8806084121684,REF TOP FREEZER 395L LG GN-B392PXGB 127V BLACK,8806084121684,,,,,,2024-02-11T23:35:03.000-03:00,2026-02-01T00:55:57.000-03:00,,,,0,0,8806084121684,Unidade,1,,,COSMOS,https://cosmos.bluesoft.com.br/products/barcode/F212AEDB19A33D32D0905ABB94244B77.png,,,,,,,,,,,,,,,,,,,,,,,,,
Refrigerador,8806091910622,SIDE BY SIDE 509L PR,8806091910622,,,,,,2023-11-26T19:55:27.000-03:00,2026-03-31T20:06:12.000-03:00,,,,0,0,8806091910622,Unidade,1,,,COSMOS,https://cosmos.bluesoft.com.br/products/barcode/E2BFB98FD3332F540FE734F659611EEB.png,,,,,,,,,,,,,,,,,,,,,,,,,
Refrigerador,8806094620627,REFRIGER SAMS SBS 2P FF INOX 602L 127V,8806094620627,,,,,,2025-03-18T20:34:23.000-03:00,2025-12-14T09:13:30.000-03:00,,,,0,0,8806094620627,Unidade,1,,,COSMOS,https://cosmos.bluesoft.com.br/products/barcode/71E65D3E70D819874B9680D9F59238B1.png,,,,,84181000,"Combinações de refrigeradores e congeladores (freezers), munidos de portas exteriores separadas","Reatores nucleares, caldeiras, máquinas, aparelhos e instrumentos mecânicos, e suas partes - Refrigeradores, congeladores (freezers) e outros materiais, máquinas e aparelhos, para a produção de frio, com equipamento elétrico ou outro; bombas de calor, excluindo as máquinas e aparelhos de ar-condicionado da posição 84.15. - Combinações de refrigeradores e congeladores (freezers), munidos de portas exteriores separadas",,,,,,,,,,,,,,,,,,
Refrigerador,8806094620634,REF SBS 602L SAMSUNG RS60T5200S9/BZ 220V INX.,8806094620634,,,,,,2023-07-16T13:26:52.000-03:00,2023-07-16T13:26:53.000-03:00,,,,0,0,8806094620634,Unidade,1,,,COSMOS,https://cosmos.bluesoft.com.br/products/barcode/71E65D3E70D81987DADC53002D58F95C.png,,,,,,,,,,,,,,,,,,,,,,,,,
Refrigerador,8806096056578,REFRIGERADOR LG 375L GN B372PQW BRANCO 110V,8806096056578,,,,,,2025-09-07T17:49:55.000-03:00,2026-03-09T20:02:21.000-03:00,,,,0,0,8806096056578,Unidade,1,,,COSMOS,https://cosmos.bluesoft.com.br/products/barcode/60A5EAD3F14A47E925E92823E9AEAEC2.png,,,,,,,,,,,,,,,,,,,,,,,,,
Refrigerador,8806096206157,,,,,,,,,,,,,,,,,,,,,,Não encontrado,,,,,,,,,,,,,,,,,,,,,,,,
Smartphone,0190198057792,SMART APPLE IPHONE 6S 32GB GOLD NACIONAL,190198057792,,,,,,2020-11-18T17:31:06.000-03:00,2024-08-16T07:47:40.000-03:00,,,,0,0,190198057792,Unidade,1,,,COSMOS,https://cosmos.bluesoft.com.br/products/barcode/7EA00A73C7689D868A55F9F7CA8F8ADE.png,,,,,,,,,,,,,,,,,,,,,,,,,
Smartphone,0190198066794,"IPHONE 7 APPLE 32GB, TELA RETINA HD DE 4,7”, 3D TOUCH, IOS 10, TOUCH ID, CÂM.12MP, RESISTENTE À ÁGUA E SISTEMA DE ALTO-FALANTES ESTÉREO - PRETO MATTE",190198066794,,,,,,2017-07-21T12:07:12.000-03:00,2026-08-23T04:22:08.000-03:00,,,,0,0,190198066794,Unidade,1,,,COSMOS,https://cosmos.bluesoft.com.br/products/barcode/7EA00A73C7689D86BB9B95D8E94AEB91.png,,https://cdn-cosmos.bluesoft.com.br/products/190198066794,,,,,,,,,,,,,,,,,,,,,,,
Smartphone,0190199380752,,,,,,,,,,,,,,,,,,,,,,Não encontrado,,,,,,,,,,,,,,,,,,,,,,,,
Smartphone,0194252014646,SMART APPLE IPHONE 12MIN 128GB PT AAT IM,194252014646,,,,,,2023-04-04T09:32:03.000-03:00,2025-08-08T12:26:45.000-03:00,,,,0,0,194252014646,Unidade,1,,,COSMOS,https://cosmos.bluesoft.com.br/products/barcode/9DF3D5A4730BC4B59AD2E450F563368A.png,,,,,,,,,,,,,,,,,,,,,,,,,
Smartphone,0194252021613,,,,,,,,,,,,,,,,,,,,,,Não encontrado,,,,,,,,,,,,,,,,,,,,,,,,
Smartphone,0194252030356,IPHONE 12 APPLE 64GB IOS 5G WIFI TELA 6.1 CAMERA 12MP AZUL,194252030356,,,,,,2023-03-04T10:29:48.000-03:00,2023-03-04T10:29:48.000-03:00,,,,0,0,194252030356,Unidade,1,,,COSMOS,https://cosmos.bluesoft.com.br/products/barcode/9DF3D5A4730BC4B5D7E2E18FDCBBCCA7.png,,,,,,,,,,,,,,,,,,,,,,,,,
Smartphone,0194252034101,,,,,,,,,,,,,,,,,,,,,,Não encontrado,,,,,,,,,,,,,,,,,,,,,,,,
Smartphone,0194252431436,"NEW APPLE IPHONE 12 MINI (128GB, PURPLE) UNLOCKED",194252431436,8.23,2.83,14.97,275,275,2021-06-11T08:49:52.000-03:00,2021-06-11T08:50:06.000-03:00,,,,0,0,194252431436,Unidade,1,,,COSMOS,https://cosmos.bluesoft.com.br/products/barcode/0540A2B4F2AAF128DFFFB1A140E05308.png,,https://cdn-cosmos.bluesoft.com.br/products/194252431436,APPLE,https://cdn-cosmos.bluesoft.com.br/brands/brand_apple,,,,,,,,,,,,,,,,,,,,,
Smartphone,0194252708958,SMARTPHONE APPLE IPHONE 13 256GB RS,194252708958,,,,,,2023-03-04T10:28:10.000-03:00,2023-03-04T10:28:10.000-03:00,,,,0,0,194252708958,Unidade,1,,,COSMOS,https://cosmos.bluesoft.com.br/products/barcode/A27C54BE2047544F60CA6F03C9C07CD2.png,,,,,,,,,,,,,,,,,,,,,,,,,
Smartphone,0194253401407,,,,,,,,,,,,,,,,,,,,,,Não encontrado,,,,,,,,,,,,,,,,,,,,,,,,
Smartphone,0194253403388,,,,,,,,,,,,,,,,,,,,,,Não encontrado,,,,,,,,,,,,,,,,,,,,,,,,
Smartphone,0194253409373,IPHONE 14 128GB AZUL NACIONAL,194253409373,,,,,,2023-04-24T02:41:04.000-03:00,2023-04-24T02:41:05.000-03:00,,,,0,0,194253409373,Unidade,1,,,COSMOS,https://cosmos.bluesoft.com.br/products/barcode/EC7EB76278D5465646E92FB2C33981AF.png,,,,,,,,,,,,,,,,,,,,,,,,,
Smartphone,0194253410034,IPHONE 14 256GB ESTELAR NACIONAL,194253410034,,,,,,2023-09-24T15:49:53.000-03:00,2025-03-08T02:42:05.000-03:00,,,,0,0,194253410034,Unidade,1,,,COSMOS,https://cosmos.bluesoft.com.br/products/barcode/EC7EB76278D54656295FD2E03436D302.png,,,,,,,,,,,,,,,,,,,,,,,,,
Smartphone,0194253488071,IPHONE 14 PLUS 128GB-BES MEIA NOITE IMPORTADO,194253488071,,,,,,2023-03-04T10:28:59.000-03:00,2024-10-07T15:06:59.000-03:00,,,,0,0,194253488071,Unidade,1,,,COSMOS,https://cosmos.bluesoft.com.br/products/barcode/EC7EB76278D54656F3983C5CFE84F864.png,,,,,,,,,,,,,,,,,,,,,,,,,
Smartphone,0195949048791,,,,,,,,,,,,,,,,,,,,,,Não encontrado,,,,,,,,,,,,,,,,,,,,,,,,
Smartphone,0195949771040,APPLE IPHONE 16 PRO (128 GB) – TITÂNIO PRETO,195949771040,,,,,,2024-09-24T00:59:23.000-03:00,2024-09-24T01:00:53.000-03:00,,,,0,0,195949771040,Unidade,1,,,COSMOS,https://cosmos.bluesoft.com.br/products/barcode/7EDD986831494DC31C26850B6D5994D6.png,,https://cdn-cosmos.bluesoft.com.br/products/195949771040,APPLE,https://cdn-cosmos.bluesoft.com.br/brands/brand_apple,,,,,,,,,,,,,,,,,,,,,
Smartphone,0195949805936,,,,,,,,,,,,,,,,,,,,,,Não encontrado,,,,,,,,,,,,,,,,,,,,,,,,
Smartphone,0195949806414,IPHONE 16 PRO MAX BLACK 512GB MYX03BE/A,195949806414,,,,,,2024-10-13T10:11:54.000-03:00,2024-10-13T10:11:55.000-03:00,,,,0,0,195949806414,Unidade,1,,,COSMOS,https://cosmos.bluesoft.com.br/products/barcode/69B5944CE5BC5E7616BEA6183F327165.png,,,,,,,,,,,,,,,,,,,,,,,,,
Smartphone,0195950051919,IC IPHONE 16E BLK 512GB MD1X4BR A,195950051919,,,,,,2025-04-17T10:42:41.000-03:00,2025-04-17T10:42:42.000-03:00,,,,0,0,195950051919,Unidade,1,,,COSMOS,https://cosmos.bluesoft.com.br/products/barcode/791A717C2EE7F690F2EC8893611811C5.png,,,,,,,,,,,,,,,,,,,,,,,,,
Smartphone,0195950624496,,,,,,,,,,,,,,,,,,,,,,Não encontrado,,,,,,,,,,,,,,,,,,,,,,,,
Smartphone,0195950639520,APPLE IPHONE 17 PRO MAX (512 GB) - LARANJA CÓSMICO,195950639520,,,,,,2025-09-23T07:47:22.000-03:00,2025-09-23T07:48:34.000-03:00,,,,0,0,195950639520,Unidade,1,,,COSMOS,https://cosmos.bluesoft.com.br/products/barcode/A0040C1ECF985B5DB5DCE8A9326E4610.png,,https://cdn-cosmos.bluesoft.com.br/products/195950639520,APPLE,https://cdn-cosmos.bluesoft.com.br/brands/brand_apple,,,,,,,,,,,,,,,,,,,,,
Smartphone,0195950644616,,,,,,,,,,,,,,,,,,,,,,Não encontrado,,,,,,,,,,,,,,,,,,,,,,,,
Smartphone,0195951030449,,,,,,,,,,,,,,,,,,,,,,Não encontrado,,,,,,,,,,,,,,,,,,,,,,,,
Smartphone,0195951409580,,,,,,,,,,,,,,,,,,,,,,Não encontrado,,,,,,,,,,,,,,,,,,,,,,,,
Smartphone,0195951409610,,,,,,,,,,,,,,,,,,,,,,Não encontrado,,,,,,,,,,,,,,,,,,,,,,,,
Smartphone,0195951415222,,,,,,,,,,,,,,,,,,,,,,Não encontrado,,,,,,,,,,,,,,,,,,,,,,,,
Smartphone,0195951415239,,,,,,,,,,,,,,,,,,,,,,Não encontrado,,,,,,,,,,,,,,,,,,,,,,,,
Smartphone,0198155000638,,,,,,,,,,,,,,,,,,,,,,Não encontrado,,,,,,,,,,,,,,,,,,,,,,,,
Smartphone,0198155000645,,,,,,,,,,,,,,,,,,,,,,Não encontrado,,,,,,,,,,,,,,,,,,,,,,,,
Smartphone,0214984108441,,,,,,,,,,,,,,,,,,,,,,Não encontrado,,,,,,,,,,,,,,,,,,,,,,,,
Smartphone,0400060097277,APPLE - IPHONE 12 MINI 5G 64GB - BLACK (AT&T),400060097277,,,,,,2023-01-19T20:25:57.000-03:00,2023-01-19T20:26:25.000-03:00,,,,0,0,400060097277,Unidade,1,,,COSMOS,https://cosmos.bluesoft.com.br/products/barcode/D70CC1E22D52C9AAB3A3C2D50C10EB03.png,,https://cdn-cosmos.bluesoft.com.br/products/400060097277,APPLE,https://cdn-cosmos.bluesoft.com.br/brands/brand_apple,,,,,,,,,,183,Celulares,202,,,,,,,,,
Smartphone,0472730685848,,,,,,,,,,,,,,,,,,,,,,Não encontrado,,,,,,,,,,,,,,,,,,,,,,,,
Smartphone,0588519257202,,,,,,,,,,,,,,,,,,,,,,Não encontrado,,,,,,,,,,,,,,,,,,,,,,,,
Smartphone,0753463971867,,,,,,,,,,,,,,,,,,,,,,Não encontrado,,,,,,,,,,,,,,,,,,,,,,,,
Smartphone,0840023269172,,,,,,,,,,,,,,,,,,,,,,Não encontrado,,,,,,,,,,,,,,,,,,,,,,,,
Smartphone,0840023278471,GLIDDEN PREMIUM 5 GAL. #HDGV42D EMPRESS LILAC FLAT INTERIOR PAINT WITH PRIMER,840023278471,,,,,,2016-09-11T03:44:46.000-03:00,2016-09-11T03:44:46.000-03:00,,,,0,0,840023278471,Unidade,1,,,COSMOS,https://cosmos.bluesoft.com.br/products/barcode/E2EF3C37302AF7EC6AF5512256A60F00.png,,,,,,,,,,,,,,,,,,,,,,,,,
Smartphone,0840023278549,,,,,,,,,,,,,,,,,,,,,,Não encontrado,,,,,,,,,,,,,,,,,,,,,,,,
Smartphone,0840023292248,,,,,,,,,,,,,,,,,,,,,,Não encontrado,,,,,,,,,,,,,,,,,,,,,,,,
Smartphone,0848958033899,,,,,,,,,,,,,,,,,,,,,,Não encontrado,,,,,,,,,,,,,,,,,,,,,,,,
Smartphone,0887276802619,SAMSUNG - GALAXY S24 256GB (UNLOCKED) - MARBLE GRAY,887276802619,14.6812,14.6812,,2685,2685,2024-02-10T11:32:53.000-03:00,2024-02-10T11:47:04.000-03:00,,,,0,0,887276802619,Unidade,1,,,COSMOS,https://cosmos.bluesoft.com.br/products/barcode/6707799EAB221F17844E91F6EFAA53A5.png,,https://cdn-cosmos.bluesoft.com.br/products/887276802619,SAMSUNG,https://cdn-cosmos.bluesoft.com.br/brands/brand_samsung,,,,,,,,,,,,,,,,,,,,,
Smartphone,1429369500607,,,,,,,,,,,,,,,,,,,,,,Não encontrado,,,,,,,,,,,,,,,,,,,,,,,,
Smartphone,1453430353502,,,,,,,,,,,,,,,,,,,,,,Não encontrado,,,,,,,,,,,,,,,,,,,,,,,,
Smartphone,1821302091249,,,,,,,,,,,,,,,,,,,,,,Não encontrado,,,,,,,,,,,,,,,,,,,,,,,,
Smartphone,2331363952896,,,,,,,,,,,,,,,,,,,,,,Não encontrado,,,,,,,,,,,,,,,,,,,,,,,,
Smartphone,2429325903144,,,,,,,,,,,,,,,,,,,,,,Não encontrado,,,,,,,,,,,,,,,,,,,,,,,,
Smartphone,2582759624013,,,,,,,,,,,,,,,,,,,,,,Não encontrado,,,,,,,,,,,,,,,,,,,,,,,,
Smartphone,2923164988275,,,,,,,,,,,,,,,,,,,,,,Não encontrado,,,,,,,,,,,,,,,,,,,,,,,,
Smartphone,3051038902818,,,,,,,,,,,,,,,,,,,,,,Não encontrado,,,,,,,,,,,,,,,,,,,,,,,,
Smartphone,3140379697276,,,,,,,,,,,,,,,,,,,,,,Não encontrado,,,,,,,,,,,,,,,,,,,,,,,,
Smartphone,3312797618083,,,,,,,,,,,,,,,,,,,,,,Não encontrado,,,,,,,,,,,,,,,,,,,,,,,,
Smartphone,4122894386445,,,,,,,,,,,,,,,,,,,,,,Não encontrado,,,,,,,,,,,,,,,,,,,,,,,,
Smartphone,4305096872682,,,,,,,,,,,,,,,,,,,,,,Não encontrado,,,,,,,,,,,,,,,,,,,,,,,,
Smartphone,4431461637836,,,,,,,,,,,,,,,,,,,,,,Não encontrado,,,,,,,,,,,,,,,,,,,,,,,,
Smartphone,4754952942258,,,,,,,,,,,,,,,,,,,,,,Não encontrado,,,,,,,,,,,,,,,,,,,,,,,,
Smartphone,4760506980218,,,,,,,,,,,,,,,,,,,,,,Não encontrado,,,,,,,,,,,,,,,,,,,,,,,,
Smartphone,4795316429015,,,,,,,,,,,,,,,,,,,,,,Não encontrado,,,,,,,,,,,,,,,,,,,,,,,,
Smartphone,4810847557058,,,,,,,,,,,,,,,,,,,,,,Não encontrado,,,,,,,,,,,,,,,,,,,,,,,,
Smartphone,4815665001363,,,,,,,,,,,,,,,,,,,,,,Não encontrado,,,,,,,,,,,,,,,,,,,,,,,,
Smartphone,4894947084423,,,,,,,,,,,,,,,,,,,,,,Não encontrado,,,,,,,,,,,,,,,,,,,,,,,,
Smartphone,4894947084508,,,,,,,,,,,,,,,,,,,,,,Não encontrado,,,,,,,,,,,,,,,,,,,,,,,,
Smartphone,4894947092626,,,,,,,,,,,,,,,,,,,,,,Não encontrado,,,,,,,,,,,,,,,,,,,,,,,,
Smartphone,4894947093685,,,,,,,,,,,,,,,,,,,,,,Não encontrado,,,,,,,,,,,,,,,,,,,,,,,,
Smartphone,5684459688405,,,,,,,,,,,,,,,,,,,,,,Não encontrado,,,,,,,,,,,,,,,,,,,,,,,,
Smartphone,5847395284432,,,,,,,,,,,,,,,,,,,,,,Não encontrado,,,,,,,,,,,,,,,,,,,,,,,,
Smartphone,6084949995096,,,,,,,,,,,,,,,,,,,,,,Não encontrado,,,,,,,,,,,,,,,,,,,,,,,,
Smartphone,6138812096202,,,,,,,,,,,,,,,,,,,,,,Não encontrado,,,,,,,,,,,,,,,,,,,,,,,,
Smartphone,6273665132643,,,,,,,,,,,,,,,,,,,,,,Não encontrado,,,,,,,,,,,,,,,,,,,,,,,,
Smartphone,6349262101013,,,,,,,,,,,,,,,,,,,,,,Não encontrado,,,,,,,,,,,,,,,,,,,,,,,,
Smartphone,6463593942081,,,,,,,,,,,,,,,,,,,,,,Não encontrado,,,,,,,,,,,,,,,,,,,,,,,,
Smartphone,6569094910779,,,,,,,,,,,,,,,,,,,,,,Não encontrado,,,,,,,,,,,,,,,,,,,,,,,,
Smartphone,6638658419949,,,,,,,,,,,,,,,,,,,,,,Não encontrado,,,,,,,,,,,,,,,,,,,,,,,,
Smartphone,6923740216415,,,,,,,,,,,,,,,,,,,,,,Não encontrado,,,,,,,,,,,,,,,,,,,,,,,,
Smartphone,6923740237410,,,,,,,,,,,,,,,,,,,,,,Não encontrado,,,,,,,,,,,,,,,,,,,,,,,,
Smartphone,6923740243428,,,,,,,,,,,,,,,,,,,,,,Não encontrado,,,,,,,,,,,,,,,,,,,,,,,,
Smartphone,6923740275245,,,,,,,,,,,,,,,,,,,,,,Não encontrado,,,,,,,,,,,,,,,,,,,,,,,,
Smartphone,6931548325192,,,,,,,,,,,,,,,,,,,,,,Não encontrado,,,,,,,,,,,,,,,,,,,,,,,,
Smartphone,6932554405472,,,,,,,,,,,,,,,,,,,,,,Não encontrado,,,,,,,,,,,,,,,,,,,,,,,,
Smartphone,6932554406677,,,,,,,,,,,,,,,,,,,,,,Não encontrado,,,,,,,,,,,,,,,,,,,,,,,,
Smartphone,6932554406905,,,,,,,,,,,,,,,,,,,,,,Não encontrado,,,,,,,,,,,,,,,,,,,,,,,,
Smartphone,6932554408756,,,,,,,,,,,,,,,,,,,,,,Não encontrado,,,,,,,,,,,,,,,,,,,,,,,,
Smartphone,6932554412562,,,,,,,,,,,,,,,,,,,,,,Não encontrado,,,,,,,,,,,,,,,,,,,,,,,,
Smartphone,6932554423278,,,,,,,,,,,,,,,,,,,,,,Não encontrado,,,,,,,,,,,,,,,,,,,,,,,,
Smartphone,6932554431204,,,,,,,,,,,,,,,,,,,,,,Não encontrado,,,,,,,,,,,,,,,,,,,,,,,,
Smartphone,6932554436827,,,,,,,,,,,,,,,,,,,,,,Não encontrado,,,,,,,,,,,,,,,,,,,,,,,,
Smartphone,6932554436841,,,,,,,,,,,,,,,,,,,,,,Não encontrado,,,,,,,,,,,,,,,,,,,,,,,,
Smartphone,6932554438180,,,,,,,,,,,,,,,,,,,,,,Não encontrado,,,,,,,,,,,,,,,,,,,,,,,,
Smartphone,6932554448851,,,,,,,,,,,,,,,,,,,,,,Não encontrado,,,,,,,,,,,,,,,,,,,,,,,,
Smartphone,6932554450113,,,,,,,,,,,,,,,,,,,,,,Não encontrado,,,,,,,,,,,,,,,,,,,,,,,,
Smartphone,6932554456108,,,,,,,,,,,,,,,,,,,,,,Não encontrado,,,,,,,,,,,,,,,,,,,,,,,,
Smartphone,6932554469818,,,,,,,,,,,,,,,,,,,,,,Não encontrado,,,,,,,,,,,,,,,,,,,,,,,,
Smartphone,6932554469825,,,,,,,,,,,,,,,,,,,,,,Não encontrado,,,,,,,,,,,,,,,,,,,,,,,,
Smartphone,6932554471521,,,,,,,,,,,,,,,,,,,,,,Não encontrado,,,,,,,,,,,,,,,,,,,,,,,,
Smartphone,6932554472238,,,,,,,,,,,,,,,,,,,,,,Não encontrado,,,,,,,,,,,,,,,,,,,,,,,,
Smartphone,6932554472290,,,,,,,,,,,,,,,,,,,,,,Não encontrado,,,,,,,,,,,,,,,,,,,,,,,,
Smartphone,6932554474034,,,,,,,,,,,,,,,,,,,,,,Não encontrado,,,,,,,,,,,,,,,,,,,,,,,,
Smartphone,6932554476083,,,,,,,,,,,,,,,,,,,,,,Não encontrado,,,,,,,,,,,,,,,,,,,,,,,,
Smartphone,6932554478063,,,,,,,,,,,,,,,,,,,,,,Não encontrado,,,,,,,,,,,,,,,,,,,,,,,,
Smartphone,6932554478599,,,,,,,,,,,,,,,,,,,,,,Não encontrado,,,,,,,,,,,,,,,,,,,,,,,,
Smartphone,6932554480301,,,,,,,,,,,,,,,,,,,,,,Não encontrado,,,,,,,,,,,,,,,,,,,,,,,,
Smartphone,6932554481094,,,,,,,,,,,,,,,,,,,,,,Não encontrado,,,,,,,,,,,,,,,,,,,,,,,,
Smartphone,6932554481230,,,,,,,,,,,,,,,,,,,,,,Não encontrado,,,,,,,,,,,,,,,,,,,,,,,,
Smartphone,6932554483333,,,,,,,,,,,,,,,,,,,,,,Não encontrado,,,,,,,,,,,,,,,,,,,,,,,,
Smartphone,6932554488246,,,,,,,,,,,,,,,,,,,,,,Não encontrado,,,,,,,,,,,,,,,,,,,,,,,,
Smartphone,6932554488291,,,,,,,,,,,,,,,,,,,,,,Não encontrado,,,,,,,,,,,,,,,,,,,,,,,,
Smartphone,6932554488376,,,,,,,,,,,,,,,,,,,,,,Não encontrado,,,,,,,,,,,,,,,,,,,,,,,,
Smartphone,6932554493424,,,,,,,,,,,,,,,,,,,,,,Não encontrado,,,,,,,,,,,,,,,,,,,,,,,,
Smartphone,6941764424883,,,,,,,,,,,,,,,,,,,,,,Não encontrado,,,,,,,,,,,,,,,,,,,,,,,,
Smartphone,6941764452862,CELULAR REALME 60X 128GB 4RAM+4RAM EXTERNA BLACK,6941764452862,,,,,,2026-01-01T13:49:36.000-03:00,2026-08-01T08:30:08.000-03:00,,,,0,0,6941764452862,Unidade,1,,,COSMOS,https://cosmos.bluesoft.com.br/products/barcode/B436F393E60E02748C2C1962823E1F2A.png,,,,,,,,,,,,,,,,,,,,,,,,,
Smartphone,6941764467774,,,,,,,,,,,,,,,,,,,,,,Não encontrado,,,,,,,,,,,,,,,,,,,,,,,,
Smartphone,6941764469655,,,,,,,,,,,,,,,,,,,,,,Não encontrado,,,,,,,,,,,,,,,,,,,,,,,,
Smartphone,6941812706275,,,,,,,,,,,,,,,,,,,,,,Não encontrado,,,,,,,,,,,,,,,,,,,,,,,,
Smartphone,6941812788837,,,,,,,,,,,,,,,,,,,,,,Não encontrado,,,,,,,,,,,,,,,,,,,,,,,,
Smartphone,6941812798423,,,,,,,,,,,,,,,,,,,,,,Não encontrado,,,,,,,,,,,,,,,,,,,,,,,,
Smartphone,6971593171887,,,,,,,,,,,,,,,,,,,,,,Não encontrado,,,,,,,,,,,,,,,,,,,,,,,,
Smartphone,6972977535554,,,,,,,,,,,,,,,,,,,,,,Não encontrado,,,,,,,,,,,,,,,,,,,,,,,,
Smartphone,6974270787272,,,,,,,,,,,,,,,,,,,,,,Não encontrado,,,,,,,,,,,,,,,,,,,,,,,,
Smartphone,6975326660129,,,,,,,,,,,,,,,,,,,,,,Não encontrado,,,,,,,,,,,,,,,,,,,,,,,,
Smartphone,6975326661218,,,,,,,,,,,,,,,,,,,,,,Não encontrado,,,,,,,,,,,,,,,,,,,,,,,,
Smartphone,6975708065009,,,,,,,,,,,,,,,,,,,,,,Não encontrado,,,,,,,,,,,,,,,,,,,,,,,,
Smartphone,7798940675350,,,,,,,,,,,,,,,,,,,,,,Não encontrado,,,,,,,,,,,,,,,,,,,,,,,,
Smartphone,7890000599986,SHORT BRIM PUPPY KIDS 2 8,7890000599986,,,,,,2025-06-07T17:15:27.000-03:00,2025-06-07T17:15:28.000-03:00,,,,0,0,7890000599986,Unidade,1,,,COSMOS,https://cosmos.bluesoft.com.br/products/barcode/71751C3FC395DFA85E0057449F4430B5.png,,,,,,,,,,,,,,,,,,,,,,,,,
Smartphone,7890057516516,,,,,,,,,,,,,,,,,,,,,,Não encontrado,,,,,,,,,,,,,,,,,,,,,,,,
Smartphone,7891078605043,,,,,,,,,,,,,,,,,,,,,,Não encontrado,,,,,,,,,,,,,,,,,,,,,,,,
Smartphone,7891180748263,,,,,,,,,,,,,,,,,,,,,,Não encontrado,,,,,,,,,,,,,,,,,,,,,,,,
Smartphone,7891197132789,,,,,,,,,,,,,,,,,,,,,,Não encontrado,,,,,,,,,,,,,,,,,,,,,,,,
Smartphone,7891198432130,,,,,,,,,,,,,,,,,,,,,,Não encontrado,,,,,,,,,,,,,,,,,,,,,,,,
Smartphone,7891198723207,,,,,,,,,,,,,,,,,,,,,,Não encontrado,,,,,,,,,,,,,,,,,,,,,,,,
Smartphone,7891327327009,,,,,,,,,,,,,,,,,,,,,,Não encontrado,,,,,,,,,,,,,,,,,,,,,,,,
Smartphone,7891329144260,,,,,,,,,,,,,,,,,,,,,,Não encontrado,,,,,,,,,,,,,,,,,,,,,,,,
Smartphone,7891490626398,,,,,,,,,,,,,,,,,,,,,,Não encontrado,,,,,,,,,,,,,,,,,,,,,,,,
Smartphone,7891492555627,,,,,,,,,,,,,,,,,,,,,,Não encontrado,,,,,,,,,,,,,,,,,,,,,,,,
Smartphone,7891718388664,,,,,,,,,,,,,,,,,,,,,,Não encontrado,,,,,,,,,,,,,,,,,,,,,,,,
Smartphone,7892072308008,,,,,,,,,,,,,,,,,,,,,,Não encontrado,,,,,,,,,,,,,,,,,,,,,,,,
Smartphone,7892072315310,,,,,,,,,,,,,,,,,,,,,,Não encontrado,,,,,,,,,,,,,,,,,,,,,,,,
Smartphone,7892412259632,,,,,,,,,,,,,,,,,,,,,,Não encontrado,,,,,,,,,,,,,,,,,,,,,,,,
Smartphone,7892456757576,,,,,,,,,,,,,,,,,,,,,,Não encontrado,,,,,,,,,,,,,,,,,,,,,,,,
Smartphone,7892509089913,CELULAR SAMSUNG G610M J7 PRIME DOURADO,7892509089913,,,,,,2017-03-02T15:32:33.000-03:00,2026-07-27T02:36:11.000-03:00,,,,0,0,7892509089913,Unidade,1,,,COSMOS,https://cosmos.bluesoft.com.br/products/barcode/F71A9C31DA1BB7059436411CA539580F.png,,https://cdn-cosmos.bluesoft.com.br/products/7892509089913,SAMSUNG,https://cdn-cosmos.bluesoft.com.br/brands/brand_samsung,85171231,Portáteis,"Máquinas, aparelhos e materiais elétricos, e suas partes; aparelhos de gravação ou de reprodução de som, aparelhos de gravação ou de reprodução de imagens e de som em televisão, e suas partes e acessórios - Aparelhos telefônicos, incluindo os telefones para redes celulares e para outras redes sem fio; outros aparelhos para a transmissão ou recepção de voz, imagens ou outros dados, incluindo os aparelhos para comunicação em redes por fio ou redes sem fio (tal como uma rede local (LAN) ou uma rede de área estendida (alargada*) (WAN)), exceto os aparelhos das posições 84.43, 85.25, 85.27 ou 85.28. - Aparelhos telefônicos, incluindo os telefones para redes celulares e para outras redes sem fio: - Telefones para redes celulares e para outras redes sem fio - De redes celulares, exceto por satélite - Portáteis",,,,,,,,,,,,,,,,,,
Smartphone,7892509114806,CELULAR SAMSUNG GALAXY A31 128GB BC UN,7892509114806,0,0,0,185,400,2020-08-13T10:38:37.000-03:00,2026-04-14T17:52:13.000-03:00,,,,0,0,7892509114806,Unidade,1,,,COSMOS,https://cosmos.bluesoft.com.br/products/barcode/A44747C82FC8A714D004BEFF8E64EDF1.png,,,,,85171300,--   Telefones inteligentes (smartphones),"Máquinas, aparelhos e materiais elétricos, e suas partes; aparelhos de gravação ou de reprodução de som, aparelhos de gravação ou de reprodução de imagens e de som em televisão, e suas partes e acessórios - Aparelhos telefônicos, incluindo os telefones para redes celulares e para outras redes sem fio; outros aparelhos para a transmissão ou recepção de voz, imagens ou outros dados, incluindo os aparelhos para comunicação em redes por fio ou redes sem fio (tal como uma rede local (LAN) ou uma rede de área estendida (alargada*) (WAN)), exceto os aparelhos das posições 84.43, 85.25, 85.27 ou 85.28. - Aparelhos telefônicos, incluindo os telefones para redes celulares e para outras redes sem fio: - --   Telefones inteligentes (smartphones)",,,,,,,,,,,,,,,,,,
Smartphone,7892509115803,SAMSUNG N986B SMART BZ PPB/PI324/14,7892509115803,,,,,,2020-10-14T07:14:19.000-03:00,2021-06-15T01:05:34.000-03:00,,,,0,0,7892509115803,Unidade,1,,,COSMOS,https://cosmos.bluesoft.com.br/products/barcode/A44747C82FC8A7147ED75026686EA7EA.png,,,,,,,,,,,,,,,,,,,,,,,,,
Smartphone,7892509115933,SMART SAMS GALAXY NOTE 20 256GB AM VERDE NACIONAL,7892509115933,,,,,,2020-11-19T04:20:34.000-03:00,2022-10-14T15:06:54.000-03:00,,,,0,0,7892509115933,Unidade,1,,,COSMOS,https://cosmos.bluesoft.com.br/products/barcode/A44747C82FC8A714DDE562D02FA591E0.png,,,,,,,,,,,,,,,,,,,,,,,,,
Smartphone,7892509118576,CEL.DESB.SAMSUNG GALAXY A72 BRANCO,7892509118576,,,,,,2021-07-09T06:35:52.000-03:00,2023-03-15T01:40:43.000-03:00,,,,0,0,7892509118576,Unidade,1,,,COSMOS,https://cosmos.bluesoft.com.br/products/barcode/A44747C82FC8A714C8D4F0DA7F7ADF30.png,,,,,,,,,,,,,,,,,,,,,,,,,
Smartphone,7892509119047,CEL GALAXY S20FE 128GB AZL2 AM SAMSUNG,7892509119047,,,,,,2021-06-22T15:32:22.000-03:00,2025-01-13T19:20:08.000-03:00,,,,0,0,7892509119047,Unidade,1,,,COSMOS,https://cosmos.bluesoft.com.br/products/barcode/A44747C82FC8A714177F1ED9988DC025.png,,,,,,,,,,,,,,,,,,,,,,,,,
Smartphone,7892509119276,SMARTPHONE SAMSUNG M12 64GB 6 5 VDE SP,7892509119276,,,,,,2021-12-17T04:50:48.000-03:00,2023-03-15T01:44:50.000-03:00,,,,0,0,7892509119276,Unidade,1,,,COSMOS,https://cosmos.bluesoft.com.br/products/barcode/A44747C82FC8A7147ABE5E43673D5AC0.png,,,,,,,,,,,,,,,,,,,,,,,,,
Smartphone,7892509121286,SMARTPH GALS21 FE 128GB PTOB,7892509121286,,,,,,2023-03-18T16:49:58.000-03:00,2023-06-27T18:48:04.000-03:00,,,,0,0,7892509121286,Unidade,1,,,COSMOS,https://cosmos.bluesoft.com.br/products/barcode/A44747C82FC8A714EB8B9A82FA7AF9FA.png,,,,,,,,,,,,,,,,,,,,,,,,,
Smartphone,7892509121293,GALAXY S21 FE 5G 256GB PRETO CONTROLE 353389390004968,7892509121293,,,,,,2023-03-25T15:50:50.000-03:00,2023-09-17T16:40:11.000-03:00,,,,0,0,7892509121293,Unidade,1,,,COSMOS,https://cosmos.bluesoft.com.br/products/barcode/A44747C82FC8A714A15F886AD2F00B2E.png,,,,,,,,,,,,,,,,,,,,,,,,,
Smartphone,7892509122818,SMARTPHONE SAMSUNG M53 M536 128GB 5G SM M536BZBSZTO AZUL,7892509122818,,,,,,2023-03-11T17:32:23.000-03:00,2026-05-03T09:09:46.000-03:00,,,,0,0,7892509122818,Unidade,1,,,COSMOS,https://cosmos.bluesoft.com.br/products/barcode/A44747C82FC8A714F5EE7935063E668F.png,,,,,,,,,,,,,,,,,,,,,,,,,
Smartphone,7892509125567,TEL.CEL.SAMS.GLX A03 CORE NEW A032 VD 6.5P 8MP A11 OC 32GB,7892509125567,,,,,,2023-03-11T17:28:00.000-03:00,2026-01-12T07:42:53.000-03:00,,,,0,0,7892509125567,Unidade,1,,,COSMOS,https://cosmos.bluesoft.com.br/products/barcode/A44747C82FC8A714FD2F359C6858BD14.png,,,,,85171300,--   Telefones inteligentes (smartphones),"Máquinas, aparelhos e materiais elétricos, e suas partes; aparelhos de gravação ou de reprodução de som, aparelhos de gravação ou de reprodução de imagens e de som em televisão, e suas partes e acessórios - Aparelhos telefônicos, incluindo os telefones para redes celulares e para outras redes sem fio; outros aparelhos para a transmissão ou recepção de voz, imagens ou outros dados, incluindo os aparelhos para comunicação em redes por fio ou redes sem fio (tal como uma rede local (LAN) ou uma rede de área estendida (alargada*) (WAN)), exceto os aparelhos das posições 84.43, 85.25, 85.27 ou 85.28. - Aparelhos telefônicos, incluindo os telefones para redes celulares e para outras redes sem fio: - --   Telefones inteligentes (smartphones)",,,,,,,,,,,,,,,,,,
Smartphone,7892509128896,CEL.DESB.SAMSUNG GALAXY A34 5G 128GB PRATA,7892509128896,,,,,,2023-05-27T13:39:50.000-03:00,2023-09-17T04:37:48.000-03:00,,,,0,0,7892509128896,Unidade,1,,,COSMOS,https://cosmos.bluesoft.com.br/products/barcode/A44747C82FC8A7144FF570B6F8568C55.png,,,,,,,,,,,,,,,,,,,,,,,,,
Smartphone,7892509130950,GALAXY Z FOLD5 5G 512GB PRETO CONTROLE 352465350020391,7892509130950,,,,,,2023-11-04T16:42:36.000-03:00,2023-11-04T16:42:38.000-03:00,,,,0,0,7892509130950,Unidade,1,,,COSMOS,https://cosmos.bluesoft.com.br/products/barcode/A44747C82FC8A714E32F51E2D5B38CE4.png,,,,,,,,,,,,,,,,,,,,,,,,,
Smartphone,7892509131766,SAMSUNG GALAXY M34 5G 128GB 6GB RAM MEGA BATERIA 6000MAH CAMERA TRIPLA 50MP+8+2 OCTACORE 6.5 120HZ PRATA,7892509131766,,,,,,2024-10-23T21:00:11.000-03:00,2024-10-23T21:00:12.000-03:00,,,,0,0,7892509131766,Unidade,1,,,COSMOS,https://cosmos.bluesoft.com.br/products/barcode/A44747C82FC8A71418E84A927006A91D.png,,,,,,,,,,,,,,,,,,,,,,,,,
Smartphone,7892509133524,GALAXY S24 PLUS 5G 512GB PRETO CONTROLE 355280885052984,7892509133524,,,,,,2024-02-17T15:39:50.000-03:00,2024-02-17T15:39:51.000-03:00,,,,0,0,7892509133524,Unidade,1,,,COSMOS,https://cosmos.bluesoft.com.br/products/barcode/A44747C82FC8A714E6DC68C44AF4E050.png,,,,,,,,,,,,,,,,,,,,,,,,,
Smartphone,7892509133982,SAMSUNG GALAXY A05S 128GB PRETO,7892509133982,,,,,,2024-02-12T08:38:14.000-03:00,2026-03-11T20:04:13.000-03:00,,,,0,0,7892509133982,Unidade,1,,,COSMOS,https://cosmos.bluesoft.com.br/products/barcode/A44747C82FC8A714CABCAE97AD0A7F7A.png,,,,,85171300,--   Telefones inteligentes (smartphones),"Máquinas, aparelhos e materiais elétricos, e suas partes; aparelhos de gravação ou de reprodução de som, aparelhos de gravação ou de reprodução de imagens e de som em televisão, e suas partes e acessórios - Aparelhos telefônicos, incluindo os telefones para redes celulares e para outras redes sem fio; outros aparelhos para a transmissão ou recepção de voz, imagens ou outros dados, incluindo os aparelhos para comunicação em redes por fio ou redes sem fio (tal como uma rede local (LAN) ou uma rede de área estendida (alargada*) (WAN)), exceto os aparelhos das posições 84.43, 85.25, 85.27 ou 85.28. - Aparelhos telefônicos, incluindo os telefones para redes celulares e para outras redes sem fio: - --   Telefones inteligentes (smartphones)",,,,,,,,,,,,,,,,,,
Smartphone,7892509134231,GALAXY S24 ULTRA 5G 512GB TITANIO CREME CONTROLE ***************,7892509134231,,,,,,2024-02-12T08:46:58.000-03:00,2024-02-12T08:47:00.000-03:00,,,,0,0,7892509134231,Unidade,1,,,COSMOS,https://cosmos.bluesoft.com.br/products/barcode/A44747C82FC8A714DF10379476D9C050.png,,,,,,,,,,,,,,,,,,,,,,,,,
Smartphone,7892509134255,GALAXY S24 ULTRA 5G 512GB TITANIO CINZA CONTROLE ***************,7892509134255,,,,,,2024-02-04T17:12:33.000-03:00,2024-02-04T17:12:34.000-03:00,,,,0,0,7892509134255,Unidade,1,,,COSMOS,https://cosmos.bluesoft.com.br/products/barcode/A44747C82FC8A7148876B34EDB70081E.png,,,,,,,,,,,,,,,,,,,,,,,,,
Smartphone,7892509136570,GALAXY Z FOLD6 512GB CINZA CONTROLE 354497840109961,7892509136570,,,,,,2024-09-29T19:08:34.000-03:00,2024-09-29T19:08:35.000-03:00,,,,0,0,7892509136570,Unidade,1,,,COSMOS,https://cosmos.bluesoft.com.br/products/barcode/A44747C82FC8A714C5594B282C8E2C73.png,,,,,,,,,,,,,,,,,,,,,,,,,
Smartphone,7892509138185,GALAXY S24 FE 256GB GRAFITE CONTROLE 351009440113328,7892509138185,,,,,,2024-11-11T20:10:16.000-03:00,2025-09-14T19:12:36.000-03:00,,,,0,0,7892509138185,Unidade,1,,,COSMOS,https://cosmos.bluesoft.com.br/products/barcode/A44747C82FC8A7148B474D6702A1530A.png,,,,,,,,,,,,,,,,,,,,,,,,,
Smartphone,7892509138192,AP CELULAR SAMS A065 128GB AZU ESCURO 4G SAMSUNG CELULAR,7892509138192,,,,,,2024-10-06T21:03:47.000-03:00,2026-07-04T11:33:41.000-03:00,,,,0,0,7892509138192,Unidade,1,,,COSMOS,https://cosmos.bluesoft.com.br/products/barcode/A44747C82FC8A714230DDE68A9FF06D5.png,,,,,85171300,--   Telefones inteligentes (smartphones),"Máquinas, aparelhos e materiais elétricos, e suas partes; aparelhos de gravação ou de reprodução de som, aparelhos de gravação ou de reprodução de imagens e de som em televisão, e suas partes e acessórios - Aparelhos telefônicos, incluindo os telefones para redes celulares e para outras redes sem fio; outros aparelhos para a transmissão ou recepção de voz, imagens ou outros dados, incluindo os aparelhos para comunicação em redes por fio ou redes sem fio (tal como uma rede local (LAN) ou uma rede de área estendida (alargada*) (WAN)), exceto os aparelhos das posições 84.43, 85.25, 85.27 ou 85.28. - Aparelhos telefônicos, incluindo os telefones para redes celulares e para outras redes sem fio: - --   Telefones inteligentes (smartphones)",,,,,,,,,,,,,,,,,,
Smartphone,7892509139212,"SAMSUNG GALAXY S25 PLUS 256GB, IMEI: 356570423122896, GSM: 82999851135, PLANO: TIM BLACK C ULTRA 8 0",7892509139212,,,,,,2025-09-03T16:56:11.000-03:00,2025-09-03T16:56:12.000-03:00,,,,0,0,7892509139212,Unidade,1,,,COSMOS,https://cosmos.bluesoft.com.br/products/barcode/A44747C82FC8A7142D83F9B99C748EE7.png,,,,,,,,,,,,,,,,,,,,,,,,,
Smartphone,7892509141147,SAMSUNG GALAXY S25 ULTRA 256GB PRATA NACIONAL,7892509141147,,,,,,2025-09-03T17:01:56.000-03:00,2026-04-23T15:56:41.000-03:00,,,,0,0,7892509141147,Unidade,1,,,COSMOS,https://cosmos.bluesoft.com.br/products/barcode/A44747C82FC8A71419826541939ABB42.png,,,,,,,,,,,,,,,,,,,,,,,,,
Smartphone,7892509144315,CEL DESB SAMSUNG GALAXY Z FLIP 7 5G FE 128G PRETO,7892509144315,,,,,,2025-09-08T11:58:11.000-03:00,2025-09-08T11:58:12.000-03:00,,,,0,0,7892509144315,Unidade,1,,,COSMOS,https://cosmos.bluesoft.com.br/products/barcode/A44747C82FC8A7148F1153ACEBB0F4CC.png,,,,,,,,,,,,,,,,,,,,,,,,,
Smartphone,7892509144353,GALAXY Z FOLD7 512GB JETBLACK CONTROLE 351838140009497,7892509144353,,,,,,2025-09-03T16:56:07.000-03:00,2025-09-03T16:56:07.000-03:00,,,,0,0,7892509144353,Unidade,1,,,COSMOS,https://cosmos.bluesoft.com.br/products/barcode/A44747C82FC8A71471E4DD06B1C3FE9F.png,,,,,,,,,,,,,,,,,,,,,,,,,
Smartphone,7892509144742,SAMSUNG GALAXY A17 256GB CINZA NACIONAL,7892509144742,,,,,,2025-11-04T10:33:05.000-03:00,2026-09-06T00:02:36.000-03:00,,,,0,0,7892509144742,Unidade,1,,,COSMOS,https://cosmos.bluesoft.com.br/products/barcode/A44747C82FC8A714F6CA097D07892B0C.png,,https://cdn-cosmos.bluesoft.com.br/products/7892509144742,,,85171300,--   Telefones inteligentes (smartphones),"Máquinas, aparelhos e materiais elétricos, e suas partes; aparelhos de gravação ou de reprodução de som, aparelhos de gravação ou de reprodução de imagens e de som em televisão, e suas partes e acessórios - Aparelhos telefônicos, incluindo os telefones para redes celulares e para outras redes sem fio; outros aparelhos para a transmissão ou recepção de voz, imagens ou outros dados, incluindo os aparelhos para comunicação em redes por fio ou redes sem fio (tal como uma rede local (LAN) ou uma rede de área estendida (alargada*) (WAN)), exceto os aparelhos das posições 84.43, 85.25, 85.27 ou 85.28. - Aparelhos telefônicos, incluindo os telefones para redes celulares e para outras redes sem fio: - --   Telefones inteligentes (smartphones)",,,,,,,,,,,,,,,,,,
Smartphone,7892509144766,SAMSUNG GALAXY A17 128GB PRETO NACIONAL,7892509144766,81,165,47,191,400,2025-11-04T10:36:41.000-03:00,2026-08-31T10:36:59.000-03:00,,,,0,0,7892509144766,Unidade,1,,,COSMOS,https://cosmos.bluesoft.com.br/products/barcode/A44747C82FC8A71454D7BB4A29D07D6D.png,,https://cdn-cosmos.bluesoft.com.br/products/7892509144766,,,85171300,--   Telefones inteligentes (smartphones),"Máquinas, aparelhos e materiais elétricos, e suas partes; aparelhos de gravação ou de reprodução de som, aparelhos de gravação ou de reprodução de imagens e de som em televisão, e suas partes e acessórios - Aparelhos telefônicos, incluindo os telefones para redes celulares e para outras redes sem fio; outros aparelhos para a transmissão ou recepção de voz, imagens ou outros dados, incluindo os aparelhos para comunicação em redes por fio ou redes sem fio (tal como uma rede local (LAN) ou uma rede de área estendida (alargada*) (WAN)), exceto os aparelhos das posições 84.43, 85.25, 85.27 ou 85.28. - Aparelhos telefônicos, incluindo os telefones para redes celulares e para outras redes sem fio: - --   Telefones inteligentes (smartphones)",,,,,,,,,,,,,,,,,,
Smartphone,7892509144803,SMARTPHONE SAMSUNG A07 4 128GB VD,7892509144803,,,,,,2025-09-22T22:25:19.000-03:00,2026-09-11T09:34:10.000-03:00,,,,0,0,7892509144803,Unidade,1,,,COSMOS,https://cosmos.bluesoft.com.br/products/barcode/A44747C82FC8A714EC96428276E24297.png,,https://cdn-cosmos.bluesoft.com.br/products/7892509144803,,,85171300,--   Telefones inteligentes (smartphones),"Máquinas, aparelhos e materiais elétricos, e suas partes; aparelhos de gravação ou de reprodução de som, aparelhos de gravação ou de reprodução de imagens e de som em televisão, e suas partes e acessórios - Aparelhos telefônicos, incluindo os telefones para redes celulares e para outras redes sem fio; outros aparelhos para a transmissão ou recepção de voz, imagens ou outros dados, incluindo os aparelhos para comunicação em redes por fio ou redes sem fio (tal como uma rede local (LAN) ou uma rede de área estendida (alargada*) (WAN)), exceto os aparelhos das posições 84.43, 85.25, 85.27 ou 85.28. - Aparelhos telefônicos, incluindo os telefones para redes celulares e para outras redes sem fio: - --   Telefones inteligentes (smartphones)",,,,,,,,,,,,,,,,,,
Smartphone,7892509146548,SAMSUNG GALAXY A07 256GB VIOLETA,7892509146548,,,,,,2025-10-21T11:43:03.000-03:00,2025-11-19T20:25:55.000-03:00,,,,0,0,7892509146548,Unidade,1,,,COSMOS,https://cosmos.bluesoft.com.br/products/barcode/A44747C82FC8A714EBC63B7938332206.png,,,,,85171300,--   Telefones inteligentes (smartphones),"Máquinas, aparelhos e materiais elétricos, e suas partes; aparelhos de gravação ou de reprodução de som, aparelhos de gravação ou de reprodução de imagens e de som em televisão, e suas partes e acessórios - Aparelhos telefônicos, incluindo os telefones para redes celulares e para outras redes sem fio; outros aparelhos para a transmissão ou recepção de voz, imagens ou outros dados, incluindo os aparelhos para comunicação em redes por fio ou redes sem fio (tal como uma rede local (LAN) ou uma rede de área estendida (alargada*) (WAN)), exceto os aparelhos das posições 84.43, 85.25, 85.27 ou 85.28. - Aparelhos telefônicos, incluindo os telefones para redes celulares e para outras redes sem fio: - --   Telefones inteligentes (smartphones)",,,,,,,,,,,,,,,,,,
Smartphone,7892509147514,,,,,,,,,,,,,,,,,,,,,,Não encontrado,,,,,,,,,,,,,,,,,,,,,,,,
Smartphone,7892509147675,,,,,,,,,,,,,,,,,,,,,,Não encontrado,,,,,,,,,,,,,,,,,,,,,,,,
Smartphone,7892509148009,,,,,,,,,,,,,,,,,,,,,,Não encontrado,,,,,,,,,,,,,,,,,,,,,,,,
Smartphone,7892509148276,,,,,,,,,,,,,,,,,,,,,,Não encontrado,,,,,,,,,,,,,,,,,,,,,,,,
Smartphone,7892509148283,,,,,,,,,,,,,,,,,,,,,,Não encontrado,,,,,,,,,,,,,,,,,,,,,,,,
Smartphone,7892509149051,,,,,,,,,,,,,,,,,,,,,,Não encontrado,,,,,,,,,,,,,,,,,,,,,,,,
Smartphone,7892509149082,,,,,,,,,,,,,,,,,,,,,,Não encontrado,,,,,,,,,,,,,,,,,,,,,,,,
Smartphone,7892509149150,,,,,,,,,,,,,,,,,,,,,,Não encontrado,,,,,,,,,,,,,,,,,,,,,,,,
Smartphone,7892509149426,,,,,,,,,,,,,,,,,,,,,,Não encontrado,,,,,,,,,,,,,,,,,,,,,,,,
Smartphone,7892509149945,,,,,,,,,,,,,,,,,,,,,,Não encontrado,,,,,,,,,,,,,,,,,,,,,,,,
Smartphone,7892509149952,,,,,,,,,,,,,,,,,,,,,,Não encontrado,,,,,,,,,,,,,,,,,,,,,,,,
Smartphone,7892509150972,,,,,,,,,,,,,,,,,,,,,,Não encontrado,,,,,,,,,,,,,,,,,,,,,,,,
Smartphone,7892509151016,,,,,,,,,,,,,,,,,,,,,,Não encontrado,,,,,,,,,,,,,,,,,,,,,,,,
Smartphone,7892509151078,,,,,,,,,,,,,,,,,,,,,,Não encontrado,,,,,,,,,,,,,,,,,,,,,,,,
Smartphone,7892509151115,,,,,,,,,,,,,,,,,,,,,,Não encontrado,,,,,,,,,,,,,,,,,,,,,,,,
Smartphone,7892509151283,,,,,,,,,,,,,,,,,,,,,,Não encontrado,,,,,,,,,,,,,,,,,,,,,,,,
Smartphone,7892542862306,,,,,,,,,,,,,,,,,,,,,,Não encontrado,,,,,,,,,,,,,,,,,,,,,,,,
Smartphone,7892597349418,CELULAR MOTOROLA G8 64GB BC XT2045-1,7892597349418,,,,,,2020-08-13T07:39:24.000-03:00,2024-10-06T15:10:30.000-03:00,,,,0,0,7892597349418,Unidade,1,,,COSMOS,https://cosmos.bluesoft.com.br/products/barcode/DD1FADE3AC238CF56A4C6150FF49BC51.png,,,,,85171231,Portáteis,"Máquinas, aparelhos e materiais elétricos, e suas partes; aparelhos de gravação ou de reprodução de som, aparelhos de gravação ou de reprodução de imagens e de som em televisão, e suas partes e acessórios - Aparelhos telefônicos, incluindo os telefones para redes celulares e para outras redes sem fio; outros aparelhos para a transmissão ou recepção de voz, imagens ou outros dados, incluindo os aparelhos para comunicação em redes por fio ou redes sem fio (tal como uma rede local (LAN) ou uma rede de área estendida (alargada*) (WAN)), exceto os aparelhos das posições 84.43, 85.25, 85.27 ou 85.28. - Aparelhos telefônicos, incluindo os telefones para redes celulares e para outras redes sem fio: - Telefones para redes celulares e para outras redes sem fio - De redes celulares, exceto por satélite - Portáteis",,,,,,,,,,,,,,,,,,
Smartphone,7892597350322,"SMARTPHONE MOTOROLA MOTO E7 XT2095-1 32GB DUAL CHIP ANDROID 10.0 TELA 6,5 2GB MEMORIA AQUAMARINE",7892597350322,,,,,,2021-04-07T16:54:33.000-03:00,2025-05-16T16:00:26.000-03:00,,,,0,0,7892597350322,Unidade,1,,,COSMOS,https://cosmos.bluesoft.com.br/products/barcode/DD1FADE3AC238CF5FE86911142BB3511.png,,,,,,,,,,,,,,,,,,,,,,,,,
Smartphone,7892597350599,,,,,,,,,,,,,,,,,,,,,,Não encontrado,,,,,,,,,,,,,,,,,,,,,,,,
Smartphone,7892597350780,SMART MOTO G10 64GB CINZA AURORA NACIONAL,7892597350780,,,,,,2021-04-20T12:21:29.000-03:00,2025-01-13T19:28:32.000-03:00,,,,0,0,7892597350780,Unidade,1,,,COSMOS,https://cosmos.bluesoft.com.br/products/barcode/DD1FADE3AC238CF5B5526FAA345D21BD.png,,,,,,,,,,,,,,,,,,,,,,,,,
Smartphone,7892597351428,XT213 CELULAR EDGE 20 LITE 128G MOTORO PORTARIA PPB 107 04 SN,7892597351428,,,,,,2021-10-06T14:40:15.000-03:00,2023-03-15T01:50:06.000-03:00,,,,0,0,7892597351428,Unidade,1,,,COSMOS,https://cosmos.bluesoft.com.br/products/barcode/DD1FADE3AC238CF561016FA388BD479A.png,,,,,,,,,,,,,,,,,,,,,,,,,
Smartphone,7892597351473,SMART MOTO G20 64GB CINZA,7892597351473,,,,,,2021-09-30T15:13:14.000-03:00,2026-04-23T09:43:19.000-03:00,,,,0,0,7892597351473,Unidade,1,,,COSMOS,https://cosmos.bluesoft.com.br/products/barcode/DD1FADE3AC238CF5FF28F9F89A1BA251.png,,,,,,,,,,,,,,,,,,,,,,,,,
Smartphone,7892597351749,CELULAR MOTOROLA G60 4 PANA0027BR PR 355234901205597,7892597351749,,,,,,2022-04-07T05:00:02.000-03:00,2025-08-04T20:51:05.000-03:00,,,,0,0,7892597351749,Unidade,1,,,COSMOS,https://cosmos.bluesoft.com.br/products/barcode/DD1FADE3AC238CF580792172C1ECABCC.png,,,,,,,,,,,,,,,,,,,,,,,,,
Smartphone,7892597352210,"TEL.CEL.MOTOROLA EDGE 30 FUS.XT2243-1 BLK 6,6P A12 OC 256GB",7892597352210,,,,,,2023-03-11T17:37:31.000-03:00,2023-03-16T01:20:39.000-03:00,,,,0,0,7892597352210,Unidade,1,,,COSMOS,https://cosmos.bluesoft.com.br/products/barcode/DD1FADE3AC238CF5B3264801B21248BD.png,,,,,,,,,,,,,,,,,,,,,,,,,
Smartphone,7892597352296,SMARTPHONE MOTOROLA G32 128GB VM,7892597352296,,,,,,2023-03-11T17:37:27.000-03:00,2023-04-13T19:42:20.000-03:00,,,,0,0,7892597352296,Unidade,1,,,COSMOS,https://cosmos.bluesoft.com.br/products/barcode/DD1FADE3AC238CF5458C5BABA3AC4FBD.png,,,,,,,,,,,,,,,,,,,,,,,,,
Smartphone,7892597352609,"TEL.CEL.MOTOROLA EDGE 30 FUS.XT2243-1 BLUE 6,6P A12 OC 256GB",7892597352609,,,,,,2023-06-24T14:42:42.000-03:00,2023-06-24T14:42:43.000-03:00,,,,0,0,7892597352609,Unidade,1,,,COSMOS,https://cosmos.bluesoft.com.br/products/barcode/DD1FADE3AC238CF52056B0489526131F.png,,,,,,,,,,,,,,,,,,,,,,,,,
Smartphone,7892597352678,SMARTPHONE MOTOROLA XT2333 G23 128GB GRAFITE GRAF,7892597352678,,,,,,2023-03-11T17:38:02.000-03:00,2025-02-23T12:23:09.000-03:00,,,,0,0,7892597352678,Unidade,1,,,COSMOS,https://cosmos.bluesoft.com.br/products/barcode/DD1FADE3AC238CF5D4FD26A417C7DBD0.png,,,,,,,,,,,,,,,,,,,,,,,,,
Smartphone,7892597353071,CELULAR MOTOROLA E22 128 GB PAVU0007 355165980884094,7892597353071,,,,,,2023-03-11T17:36:11.000-03:00,2025-03-20T12:08:24.000-03:00,,,,0,0,7892597353071,Unidade,1,,,COSMOS,https://cosmos.bluesoft.com.br/products/barcode/DD1FADE3AC238CF5DF44DB149346C435.png,,,,,85171300,--   Telefones inteligentes (smartphones),"Máquinas, aparelhos e materiais elétricos, e suas partes; aparelhos de gravação ou de reprodução de som, aparelhos de gravação ou de reprodução de imagens e de som em televisão, e suas partes e acessórios - Aparelhos telefônicos, incluindo os telefones para redes celulares e para outras redes sem fio; outros aparelhos para a transmissão ou recepção de voz, imagens ou outros dados, incluindo os aparelhos para comunicação em redes por fio ou redes sem fio (tal como uma rede local (LAN) ou uma rede de área estendida (alargada*) (WAN)), exceto os aparelhos das posições 84.43, 85.25, 85.27 ou 85.28. - Aparelhos telefônicos, incluindo os telefones para redes celulares e para outras redes sem fio: - --   Telefones inteligentes (smartphones)",,,,,,,,,,,,,,,,,,
Smartphone,7892597354108,MOTO G85 256GB 5G - AZUL - VEGAN LEATHER,7892597354108,,,,,,2024-10-06T21:05:07.000-03:00,2024-10-06T21:05:08.000-03:00,,,,0,0,7892597354108,Unidade,1,,,COSMOS,https://cosmos.bluesoft.com.br/products/barcode/DD1FADE3AC238CF562386144AB018D3C.png,,,,,,,,,,,,,,,,,,,,,,,,,
Smartphone,7892597354160,CEL.DESB. MOTO G04S 4/128GB XT2421-6 - GRAFITE,7892597354160,,,,,,2024-05-25T15:37:17.000-03:00,2026-08-20T20:31:56.000-03:00,,,,0,0,7892597354160,Unidade,1,,,COSMOS,https://cosmos.bluesoft.com.br/products/barcode/DD1FADE3AC238CF5FE56B15D6A635768.png,,,,,85171300,--   Telefones inteligentes (smartphones),"Máquinas, aparelhos e materiais elétricos, e suas partes; aparelhos de gravação ou de reprodução de som, aparelhos de gravação ou de reprodução de imagens e de som em televisão, e suas partes e acessórios - Aparelhos telefônicos, incluindo os telefones para redes celulares e para outras redes sem fio; outros aparelhos para a transmissão ou recepção de voz, imagens ou outros dados, incluindo os aparelhos para comunicação em redes por fio ou redes sem fio (tal como uma rede local (LAN) ou uma rede de área estendida (alargada*) (WAN)), exceto os aparelhos das posições 84.43, 85.25, 85.27 ou 85.28. - Aparelhos telefônicos, incluindo os telefones para redes celulares e para outras redes sem fio: - --   Telefones inteligentes (smartphones)",,,,,,,,,,,,,,,,,,
Smartphone,7892597354177,CEL MOTO G04S XT2421 COBRE 128 D 4G,7892597354177,0,0,0,,,2024-05-27T18:07:06.000-03:00,2026-06-03T13:48:32.000-03:00,,,,0,0,7892597354177,Unidade,1,,,COSMOS,https://cosmos.bluesoft.com.br/products/barcode/DD1FADE3AC238CF50945BAE666FAD6E0.png,,,,,85171300,--   Telefones inteligentes (smartphones),"Máquinas, aparelhos e materiais elétricos, e suas partes; aparelhos de gravação ou de reprodução de som, aparelhos de gravação ou de reprodução de imagens e de som em televisão, e suas partes e acessórios - Aparelhos telefônicos, incluindo os telefones para redes celulares e para outras redes sem fio; outros aparelhos para a transmissão ou recepção de voz, imagens ou outros dados, incluindo os aparelhos para comunicação em redes por fio ou redes sem fio (tal como uma rede local (LAN) ou uma rede de área estendida (alargada*) (WAN)), exceto os aparelhos das posições 84.43, 85.25, 85.27 ou 85.28. - Aparelhos telefônicos, incluindo os telefones para redes celulares e para outras redes sem fio: - --   Telefones inteligentes (smartphones)",,,,,,,,,,,,,,,,,,
Smartphone,7892597354368,SMART MOTOROLA MOTO G35 256GB CINZA NACIONAL,7892597354368,,,,,,2024-11-11T20:12:07.000-03:00,2026-08-24T08:00:53.000-03:00,,,,0,0,7892597354368,Unidade,1,,,COSMOS,https://cosmos.bluesoft.com.br/products/barcode/DD1FADE3AC238CF5543BE4582B02D041.png,,,,,85171300,--   Telefones inteligentes (smartphones),"Máquinas, aparelhos e materiais elétricos, e suas partes; aparelhos de gravação ou de reprodução de som, aparelhos de gravação ou de reprodução de imagens e de som em televisão, e suas partes e acessórios - Aparelhos telefônicos, incluindo os telefones para redes celulares e para outras redes sem fio; outros aparelhos para a transmissão ou recepção de voz, imagens ou outros dados, incluindo os aparelhos para comunicação em redes por fio ou redes sem fio (tal como uma rede local (LAN) ou uma rede de área estendida (alargada*) (WAN)), exceto os aparelhos das posições 84.43, 85.25, 85.27 ou 85.28. - Aparelhos telefônicos, incluindo os telefones para redes celulares e para outras redes sem fio: - --   Telefones inteligentes (smartphones)",,,,,,,,,,,,,,,,,,
Smartphone,7892597354412,"MOTOROLA MOTO G75 5G 256GB, IMEI: ***************, GSM: ***********, PLANO: TIM BLACK MULTI A 6.0, C",7892597354412,,,,,,2025-01-09T22:09:29.000-03:00,2025-10-01T11:32:56.000-03:00,,,,0,0,7892597354412,Unidade,1,,,COSMOS,https://cosmos.bluesoft.com.br/products/barcode/DD1FADE3AC238CF514FA63A7DC6DD724.png,,https://cdn-cosmos.bluesoft.com.br/products/7892597354412,,,85171300,--   Telefones inteligentes (smartphones),"Máquinas, aparelhos e materiais elétricos, e suas partes; aparelhos de gravação ou de reprodução de som, aparelhos de gravação ou de reprodução de imagens e de som em televisão, e suas partes e acessórios - Aparelhos telefônicos, incluindo os telefones para redes celulares e para outras redes sem fio; outros aparelhos para a transmissão ou recepção de voz, imagens ou outros dados, incluindo os aparelhos para comunicação em redes por fio ou redes sem fio (tal como uma rede local (LAN) ou uma rede de área estendida (alargada*) (WAN)), exceto os aparelhos das posições 84.43, 85.25, 85.27 ou 85.28. - Aparelhos telefônicos, incluindo os telefones para redes celulares e para outras redes sem fio: - --   Telefones inteligentes (smartphones)",,,,,,,,,,,,,,,,,,
Smartphone,7892597354849,SMT MOTOROLA XT2521,7892597354849,,,,,,2025-01-21T21:26:16.000-03:00,2026-09-08T10:27:50.000-03:00,,,,0,0,7892597354849,Unidade,1,,,COSMOS,https://cosmos.bluesoft.com.br/products/barcode/DD1FADE3AC238CF5DDA4440B70AE52F2.png,,https://cdn-cosmos.bluesoft.com.br/products/7892597354849,,,85171300,--   Telefones inteligentes (smartphones),"Máquinas, aparelhos e materiais elétricos, e suas partes; aparelhos de gravação ou de reprodução de som, aparelhos de gravação ou de reprodução de imagens e de som em televisão, e suas partes e acessórios - Aparelhos telefônicos, incluindo os telefones para redes celulares e para outras redes sem fio; outros aparelhos para a transmissão ou recepção de voz, imagens ou outros dados, incluindo os aparelhos para comunicação em redes por fio ou redes sem fio (tal como uma rede local (LAN) ou uma rede de área estendida (alargada*) (WAN)), exceto os aparelhos das posições 84.43, 85.25, 85.27 ou 85.28. - Aparelhos telefônicos, incluindo os telefones para redes celulares e para outras redes sem fio: - --   Telefones inteligentes (smartphones)",,,,,,,,,,,,,,,,,,
Smartphone,7892597355501,AP 5G MOTOROLA XT2553 RAZR 60 256GB AZ M,7892597355501,,,,,,2025-09-15T21:27:52.000-03:00,2025-09-15T21:27:52.000-03:00,,,,0,0,7892597355501,Unidade,1,,,COSMOS,https://cosmos.bluesoft.com.br/products/barcode/DD1FADE3AC238CF521CD611826B83881.png,,,,,,,,,,,,,,,,,,,,,,,,,
Smartphone,7892597355860,CEL MOTO G86 XT2527 LILAS 512G D 5G,7892597355860,,,,,,2025-09-08T11:59:13.000-03:00,2025-09-08T11:59:14.000-03:00,,,,0,0,7892597355860,Unidade,1,,,COSMOS,https://cosmos.bluesoft.com.br/products/barcode/DD1FADE3AC238CF5D8B5C342927CD007.png,,,,,,,,,,,,,,,,,,,,,,,,,
Smartphone,7892597355938,MOTOROLA XT2507 EDGE 60 PRO 512GB RS,7892597355938,,,,,,2025-09-03T17:03:59.000-03:00,2025-10-15T06:23:00.000-03:00,,,,0,0,7892597355938,Unidade,1,,,COSMOS,https://cosmos.bluesoft.com.br/products/barcode/DD1FADE3AC238CF577DF328D2B7A6435.png,,,,,,,,,,,,,,,,,,,,,,,,,
Smartphone,7892597451289,,,,,,,,,,,,,,,,,,,,,,Não encontrado,,,,,,,,,,,,,,,,,,,,,,,,
Smartphone,7892597451821,CEL MOTOROLA XT2623 4GB 256GB AZ,7892597451821,0,0,0,,,2026-03-18T08:56:55.000-03:00,2026-07-03T15:52:13.000-03:00,,,,0,0,7892597451821,Unidade,1,,,COSMOS,https://cosmos.bluesoft.com.br/products/barcode/798478294527E42C47E70EFD902AD93D.png,,,,,85171300,--   Telefones inteligentes (smartphones),"Máquinas, aparelhos e materiais elétricos, e suas partes; aparelhos de gravação ou de reprodução de som, aparelhos de gravação ou de reprodução de imagens e de som em televisão, e suas partes e acessórios - Aparelhos telefônicos, incluindo os telefones para redes celulares e para outras redes sem fio; outros aparelhos para a transmissão ou recepção de voz, imagens ou outros dados, incluindo os aparelhos para comunicação em redes por fio ou redes sem fio (tal como uma rede local (LAN) ou uma rede de área estendida (alargada*) (WAN)), exceto os aparelhos das posições 84.43, 85.25, 85.27 ou 85.28. - Aparelhos telefônicos, incluindo os telefones para redes celulares e para outras redes sem fio: - --   Telefones inteligentes (smartphones)",,,,,,,,,,,,,,,,,,
Smartphone,7892597451982,,,,,,,,,,,,,,,,,,,,,,Não encontrado,,,,,,,,,,,,,,,,,,,,,,,,
Smartphone,7892597452088,"MOTO G86 5G 12 512, TERMINAL PORTATIL DE TELEFONIA CELULAR, MODELO XT2527 1 , VERDE ESCURO",7892597452088,,,,,,2026-02-17T07:10:46.000-03:00,2026-04-12T21:35:04.000-03:00,,,,0,0,7892597452088,Unidade,1,,,COSMOS,https://cosmos.bluesoft.com.br/products/barcode/798478294527E42C208DFA5091F40130.png,,,,,,,,,,,,,,,,,,,,,,,,,
Smartphone,7892597452101,CEL MOTOROLA XT2623 4GB 128GB RX,7892597452101,0,0,0,,,2026-03-18T08:56:55.000-03:00,2026-05-15T09:44:32.000-03:00,,,,0,0,7892597452101,Unidade,1,,,COSMOS,https://cosmos.bluesoft.com.br/products/barcode/798478294527E42C24573D11062BDE32.png,,,,,85171300,--   Telefones inteligentes (smartphones),"Máquinas, aparelhos e materiais elétricos, e suas partes; aparelhos de gravação ou de reprodução de som, aparelhos de gravação ou de reprodução de imagens e de som em televisão, e suas partes e acessórios - Aparelhos telefônicos, incluindo os telefones para redes celulares e para outras redes sem fio; outros aparelhos para a transmissão ou recepção de voz, imagens ou outros dados, incluindo os aparelhos para comunicação em redes por fio ou redes sem fio (tal como uma rede local (LAN) ou uma rede de área estendida (alargada*) (WAN)), exceto os aparelhos das posições 84.43, 85.25, 85.27 ou 85.28. - Aparelhos telefônicos, incluindo os telefones para redes celulares e para outras redes sem fio: - --   Telefones inteligentes (smartphones)",,,,,,,,,,,,,,,,,,
Smartphone,7892597452187,,,,,,,,,,,,,,,,,,,,,,Não encontrado,,,,,,,,,,,,,,,,,,,,,,,,
Smartphone,7892597452224,,,,,,,,,,,,,,,,,,,,,,Não encontrado,,,,,,,,,,,,,,,,,,,,,,,,
Smartphone,7892597452439,,,,,,,,,,,,,,,,,,,,,,Não encontrado,,,,,,,,,,,,,,,,,,,,,,,,
Smartphone,7892654857542,,,,,,,,,,,,,,,,,,,,,,Não encontrado,,,,,,,,,,,,,,,,,,,,,,,,
Smartphone,7892683746398,,,,,,,,,,,,,,,,,,,,,,Não encontrado,,,,,,,,,,,,,,,,,,,,,,,,
Smartphone,7893010916736,,,,,,,,,,,,,,,,,,,,,,Não encontrado,,,,,,,,,,,,,,,,,,,,,,,,
Smartphone,7893112204755,,,,,,,,,,,,,,,,,,,,,,Não encontrado,,,,,,,,,,,,,,,,,,,,,,,,
Smartphone,7893299910982,,,,,,,,,,,,,,,,,,,,,,Não encontrado,,,,,,,,,,,,,,,,,,,,,,,,
Smartphone,7893299914164,LG K61 128GB TITANIO,7893299914164,,,,,,2020-09-01T14:57:38.000-03:00,2026-07-27T03:34:44.000-03:00,,,,0,0,7893299914164,Unidade,1,,,COSMOS,https://cosmos.bluesoft.com.br/products/barcode/3961E01131613FC3D159D24C4AB25239.png,,,,,85171231,Portáteis,"Máquinas, aparelhos e materiais elétricos, e suas partes; aparelhos de gravação ou de reprodução de som, aparelhos de gravação ou de reprodução de imagens e de som em televisão, e suas partes e acessórios - Aparelhos telefônicos, incluindo os telefones para redes celulares e para outras redes sem fio; outros aparelhos para a transmissão ou recepção de voz, imagens ou outros dados, incluindo os aparelhos para comunicação em redes por fio ou redes sem fio (tal como uma rede local (LAN) ou uma rede de área estendida (alargada*) (WAN)), exceto os aparelhos das posições 84.43, 85.25, 85.27 ou 85.28. - Aparelhos telefônicos, incluindo os telefones para redes celulares e para outras redes sem fio: - Telefones para redes celulares e para outras redes sem fio - De redes celulares, exceto por satélite - Portáteis",,,,,,,,,,,,,,,,,,
Smartphone,7893299914706,SMT LG DESB LMK420BMW K52 64GB,7893299914706,,,,,,2020-11-19T03:38:41.000-03:00,2025-02-19T16:39:27.000-03:00,,,,0,0,7893299914706,Unidade,1,,,COSMOS,https://cosmos.bluesoft.com.br/products/barcode/3961E01131613FC3E7E3C9E5D6F6A359.png,,,,,,,,,,,,,,,,,,,,,,,,,
Smartphone,7893453105988,,,,,,,,,,,,,,,,,,,,,,Não encontrado,,,,,,,,,,,,,,,,,,,,,,,,
Smartphone,7893793427023,,,,,,,,,,,,,,,,,,,,,,Não encontrado,,,,,,,,,,,,,,,,,,,,,,,,
Smartphone,7893983057986,,,,,,,,,,,,,,,,,,,,,,Não encontrado,,,,,,,,,,,,,,,,,,,,,,,,
Smartphone,7894002161165,,,,,,,,,,,,,,,,,,,,,,Não encontrado,,,,,,,,,,,,,,,,,,,,,,,,
Smartphone,7894068202123,,,,,,,,,,,,,,,,,,,,,,Não encontrado,,,,,,,,,,,,,,,,,,,,,,,,
Smartphone,7894353423417,,,,,,,,,,,,,,,,,,,,,,Não encontrado,,,,,,,,,,,,,,,,,,,,,,,,
Smartphone,7894424453701,,,,,,,,,,,,,,,,,,,,,,Não encontrado,,,,,,,,,,,,,,,,,,,,,,,,
Smartphone,7894675321453,,,,,,,,,,,,,,,,,,,,,,Não encontrado,,,,,,,,,,,,,,,,,,,,,,,,
Smartphone,7894675321491,,,,,,,,,,,,,,,,,,,,,,Não encontrado,,,,,,,,,,,,,,,,,,,,,,,,
Smartphone,7894892028012,,,,,,,,,,,,,,,,,,,,,,Não encontrado,,,,,,,,,,,,,,,,,,,,,,,,
Smartphone,7894892028029,TELEFONE CELULAR APPLE IPHONE XR 64GB PRETO RECERTIFICADO EAN: 7894892028029,7894892028029,,,,,,2025-01-09T23:43:37.000-03:00,2025-01-09T23:43:38.000-03:00,,,,0,0,7894892028029,Unidade,1,,,COSMOS,https://cosmos.bluesoft.com.br/products/barcode/099DBB37973759416FDEB7FDDE658E39.png,,,,,,,,,,,,,,,,,,,,,,,,,
Smartphone,7894892030183,,,,,,,,,,,,,,,,,,,,,,Não encontrado,,,,,,,,,,,,,,,,,,,,,,,,
Smartphone,7894892030367,,,,,,,,,,,,,,,,,,,,,,Não encontrado,,,,,,,,,,,,,,,,,,,,,,,,
Smartphone,7894892030893,,,,,,,,,,,,,,,,,,,,,,Não encontrado,,,,,,,,,,,,,,,,,,,,,,,,
Smartphone,7894892030916,,,,,,,,,,,,,,,,,,,,,,Não encontrado,,,,,,,,,,,,,,,,,,,,,,,,
Smartphone,7894892030978,,,,,,,,,,,,,,,,,,,,,,Não encontrado,,,,,,,,,,,,,,,,,,,,,,,,
Smartphone,7894892031159,TELEFONE CELULAR APPLE IPHONE 12 128GB BRANCO RECERTIFICADO EAN: 7894892031159,7894892031159,,,,,,2025-01-09T23:44:51.000-03:00,2025-01-09T23:44:52.000-03:00,,,,0,0,7894892031159,Unidade,1,,,COSMOS,https://cosmos.bluesoft.com.br/products/barcode/099DBB37973759412AB3943680F58EB7.png,,,,,,,,,,,,,,,,,,,,,,,,,
Smartphone,7894892031203,,,,,,,,,,,,,,,,,,,,,,Não encontrado,,,,,,,,,,,,,,,,,,,,,,,,
Smartphone,7894892031401,TELEFONE CELULAR APPLE IPHONE 12 64GB ROXO RECERTIFICADO EAN: 7894892031401,7894892031401,,,,,,2023-12-18T06:18:50.000-03:00,2023-12-18T06:18:52.000-03:00,,,,0,0,7894892031401,Unidade,1,,,COSMOS,https://cosmos.bluesoft.com.br/products/barcode/099DBB37973759414D5011386BF62AB7.png,,,,,,,,,,,,,,,,,,,,,,,,,
Smartphone,7894892031593,,,,,,,,,,,,,,,,,,,,,,Não encontrado,,,,,,,,,,,,,,,,,,,,,,,,
Smartphone,7894892031616,,,,,,,,,,,,,,,,,,,,,,Não encontrado,,,,,,,,,,,,,,,,,,,,,,,,
Smartphone,7894892031814,,,,,,,,,,,,,,,,,,,,,,Não encontrado,,,,,,,,,,,,,,,,,,,,,,,,
Smartphone,7894892031890,TELEFONE CELULAR APPLE IPHONE 13 512GB AZUL RECERTIFICADO EAN: 7894892031890,7894892031890,,,,,,2025-01-09T23:44:14.000-03:00,2025-01-09T23:44:15.000-03:00,,,,0,0,7894892031890,Unidade,1,,,COSMOS,https://cosmos.bluesoft.com.br/products/barcode/099DBB379737594173F66E694246F4FC.png,,,,,,,,,,,,,,,,,,,,,,,,,
Smartphone,7894892031937,,,,,,,,,,,,,,,,,,,,,,Não encontrado,,,,,,,,,,,,,,,,,,,,,,,,
Smartphone,7894892033573,,,,,,,,,,,,,,,,,,,,,,Não encontrado,,,,,,,,,,,,,,,,,,,,,,,,
Smartphone,7894892033658,,,,,,,,,,,,,,,,,,,,,,Não encontrado,,,,,,,,,,,,,,,,,,,,,,,,
Smartphone,7894892039087,,,,,,,,,,,,,,,,,,,,,,Não encontrado,,,,,,,,,,,,,,,,,,,,,,,,
Smartphone,7894892039810,SM-G990ELVJZTO TELEFONE CELULAR SAMSUNG SM-G990E GALAXY S21 FE 5G 128GB VIOLETA RECERTIFICADO EAN: 7894892039810,7894892039810,,,,,,2025-01-09T23:44:46.000-03:00,2025-01-09T23:44:47.000-03:00,,,,0,0,7894892039810,Unidade,1,,,COSMOS,https://cosmos.bluesoft.com.br/products/barcode/099DBB3797375941201408CD4D5478F3.png,,,,,,,,,,,,,,,,,,,,,,,,,
Smartphone,7894892039995,SM-S901EZKJZTO TELEFONE CELULAR SAMSUNG SM-S901E GALAXY S22 5G 128GB PRETO RECERTIFICADO EAN: 7894892039995,7894892039995,,,,,,2024-09-29T20:38:03.000-03:00,2024-09-29T20:38:04.000-03:00,,,,0,0,7894892039995,Unidade,1,,,COSMOS,https://cosmos.bluesoft.com.br/products/barcode/099DBB3797375941CA1F2A74D132FAA3.png,,,,,,,,,,,,,,,,,,,,,,,,,
Smartphone,7894892040151,SM-S908EZKKZTO TELEFONE CELULAR SAMSUNG SM-S908E GALAXY S22 ULTRA 5G 256GB PRETO RECERTIFICADO EAN: 7894892040151,7894892040151,,,,,,2024-05-25T16:18:25.000-03:00,2024-05-25T16:18:27.000-03:00,,,,0,0,7894892040151,Unidade,1,,,COSMOS,https://cosmos.bluesoft.com.br/products/barcode/099DBB3797375941081B1B6DEA396123.png,,,,,,,,,,,,,,,,,,,,,,,,,
Smartphone,7894892040830,,,,,,,,,,,,,,,,,,,,,,Não encontrado,,,,,,,,,,,,,,,,,,,,,,,,
Smartphone,7894892040939,,,,,,,,,,,,,,,,,,,,,,Não encontrado,,,,,,,,,,,,,,,,,,,,,,,,
Smartphone,7894892041011,,,,,,,,,,,,,,,,,,,,,,Não encontrado,,,,,,,,,,,,,,,,,,,,,,,,
Smartphone,7894892041417,,,,,,,,,,,,,,,,,,,,,,Não encontrado,,,,,,,,,,,,,,,,,,,,,,,,
Smartphone,7894892044326,,,,,,,,,,,,,,,,,,,,,,Não encontrado,,,,,,,,,,,,,,,,,,,,,,,,
Smartphone,7894892044357,,,,,,,,,,,,,,,,,,,,,,Não encontrado,,,,,,,,,,,,,,,,,,,,,,,,
Smartphone,7894892045514,SM G990EZAKZTO TELEFONE CELULAR SAMSUNG SM G990E GALAXY S21 FE 5G 256GB PRETO RECERTIFICADO EAN: 7894892045514,7894892045514,,,,,,2025-09-10T14:02:29.000-03:00,2025-09-10T14:02:30.000-03:00,,,,0,0,7894892045514,Unidade,1,,,COSMOS,https://cosmos.bluesoft.com.br/products/barcode/099DBB379737594119EDAAE8C34452D6.png,,,,,,,,,,,,,,,,,,,,,,,,,
Smartphone,7894892045545,,,,,,,,,,,,,,,,,,,,,,Não encontrado,,,,,,,,,,,,,,,,,,,,,,,,
Smartphone,7894892045804,,,,,,,,,,,,,,,,,,,,,,Não encontrado,,,,,,,,,,,,,,,,,,,,,,,,
Smartphone,7894892048645,,,,,,,,,,,,,,,,,,,,,,Não encontrado,,,,,,,,,,,,,,,,,,,,,,,,
Smartphone,7894892048669,,,,,,,,,,,,,,,,,,,,,,Não encontrado,,,,,,,,,,,,,,,,,,,,,,,,
Smartphone,7894892048867,,,,,,,,,,,,,,,,,,,,,,Não encontrado,,,,,,,,,,,,,,,,,,,,,,,,
Smartphone,7894892049871,,,,,,,,,,,,,,,,,,,,,,Não encontrado,,,,,,,,,,,,,,,,,,,,,,,,
Smartphone,7894892049949,,,,,,,,,,,,,,,,,,,,,,Não encontrado,,,,,,,,,,,,,,,,,,,,,,,,
Smartphone,7894892050006,,,,,,,,,,,,,,,,,,,,,,Não encontrado,,,,,,,,,,,,,,,,,,,,,,,,
Smartphone,7894892050204,,,,,,,,,,,,,,,,,,,,,,Não encontrado,,,,,,,,,,,,,,,,,,,,,,,,
Smartphone,7894892050792,,,,,,,,,,,,,,,,,,,,,,Não encontrado,,,,,,,,,,,,,,,,,,,,,,,,
Smartphone,7894892050815,,,,,,,,,,,,,,,,,,,,,,Não encontrado,,,,,,,,,,,,,,,,,,,,,,,,
Smartphone,7894892051119,,,,,,,,,,,,,,,,,,,,,,Não encontrado,,,,,,,,,,,,,,,,,,,,,,,,
Smartphone,7894892051133,,,,,,,,,,,,,,,,,,,,,,Não encontrado,,,,,,,,,,,,,,,,,,,,,,,,
Smartphone,7894892062627,,,,,,,,,,,,,,,,,,,,,,Não encontrado,,,,,,,,,,,,,,,,,,,,,,,,
Smartphone,7894892063808,,,,,,,,,,,,,,,,,,,,,,Não encontrado,,,,,,,,,,,,,,,,,,,,,,,,
Smartphone,7894892063877,,,,,,,,,,,,,,,,,,,,,,Não encontrado,,,,,,,,,,,,,,,,,,,,,,,,
Smartphone,7894892064720,,,,,,,,,,,,,,,,,,,,,,Não encontrado,,,,,,,,,,,,,,,,,,,,,,,,
Smartphone,7894892066236,,,,,,,,,,,,,,,,,,,,,,Não encontrado,,,,,,,,,,,,,,,,,,,,,,,,
Smartphone,7894892066250,,,,,,,,,,,,,,,,,,,,,,Não encontrado,,,,,,,,,,,,,,,,,,,,,,,,
Smartphone,7894892067509,,,,,,,,,,,,,,,,,,,,,,Não encontrado,,,,,,,,,,,,,,,,,,,,,,,,
Smartphone,7894892067783,,,,,,,,,,,,,,,,,,,,,,Não encontrado,,,,,,,,,,,,,,,,,,,,,,,,
Smartphone,7894892068124,,,,,,,,,,,,,,,,,,,,,,Não encontrado,,,,,,,,,,,,,,,,,,,,,,,,
Smartphone,7894892068827,,,,,,,,,,,,,,,,,,,,,,Não encontrado,,,,,,,,,,,,,,,,,,,,,,,,
Smartphone,7894892068964,,,,,,,,,,,,,,,,,,,,,,Não encontrado,,,,,,,,,,,,,,,,,,,,,,,,
Smartphone,7894892069312,,,,,,,,,,,,,,,,,,,,,,Não encontrado,,,,,,,,,,,,,,,,,,,,,,,,
Smartphone,7894892069374,,,,,,,,,,,,,,,,,,,,,,Não encontrado,,,,,,,,,,,,,,,,,,,,,,,,
Smartphone,7894892069404,,,,,,,,,,,,,,,,,,,,,,Não encontrado,,,,,,,,,,,,,,,,,,,,,,,,
Smartphone,7894892069527,,,,,,,,,,,,,,,,,,,,,,Não encontrado,,,,,,,,,,,,,,,,,,,,,,,,
Smartphone,7894892069640,,,,,,,,,,,,,,,,,,,,,,Não encontrado,,,,,,,,,,,,,,,,,,,,,,,,
Smartphone,7894892070554,,,,,,,,,,,,,,,,,,,,,,Não encontrado,,,,,,,,,,,,,,,,,,,,,,,,
Smartphone,7894892071025,,,,,,,,,,,,,,,,,,,,,,Não encontrado,,,,,,,,,,,,,,,,,,,,,,,,
Smartphone,7894892071070,,,,,,,,,,,,,,,,,,,,,,Não encontrado,,,,,,,,,,,,,,,,,,,,,,,,
Smartphone,7894892071674,,,,,,,,,,,,,,,,,,,,,,Não encontrado,,,,,,,,,,,,,,,,,,,,,,,,
Smartphone,7894892072848,,,,,,,,,,,,,,,,,,,,,,Não encontrado,,,,,,,,,,,,,,,,,,,,,,,,
Smartphone,7894892075153,,,,,,,,,,,,,,,,,,,,,,Não encontrado,,,,,,,,,,,,,,,,,,,,,,,,
Smartphone,7894892075160,,,,,,,,,,,,,,,,,,,,,,Não encontrado,,,,,,,,,,,,,,,,,,,,,,,,
Smartphone,7895067085052,,,,,,,,,,,,,,,,,,,,,,Não encontrado,,,,,,,,,,,,,,,,,,,,,,,,
Smartphone,7895286675973,,,,,,,,,,,,,,,,,,,,,,Não encontrado,,,,,,,,,,,,,,,,,,,,,,,,
Smartphone,7895479775657,,,,,,,,,,,,,,,,,,,,,,Não encontrado,,,,,,,,,,,,,,,,,,,,,,,,
Smartphone,7895545604126,,,,,,,,,,,,,,,,,,,,,,Não encontrado,,,,,,,,,,,,,,,,,,,,,,,,
Smartphone,7895570578751,,,,,,,,,,,,,,,,,,,,,,Não encontrado,,,,,,,,,,,,,,,,,,,,,,,,
Smartphone,7895593257572,,,,,,,,,,,,,,,,,,,,,,Não encontrado,,,,,,,,,,,,,,,,,,,,,,,,
Smartphone,7895627574392,,,,,,,,,,,,,,,,,,,,,,Não encontrado,,,,,,,,,,,,,,,,,,,,,,,,
Smartphone,7895641772941,,,,,,,,,,,,,,,,,,,,,,Não encontrado,,,,,,,,,,,,,,,,,,,,,,,,
Smartphone,7895759358129,,,,,,,,,,,,,,,,,,,,,,Não encontrado,,,,,,,,,,,,,,,,,,,,,,,,
Smartphone,7895761901498,,,,,,,,,,,,,,,,,,,,,,Não encontrado,,,,,,,,,,,,,,,,,,,,,,,,
Smartphone,7895761907339,,,,,,,,,,,,,,,,,,,,,,Não encontrado,,,,,,,,,,,,,,,,,,,,,,,,
Smartphone,7895761912692,,,,,,,,,,,,,,,,,,,,,,Não encontrado,,,,,,,,,,,,,,,,,,,,,,,,
Smartphone,7895761913019,,,,,,,,,,,,,,,,,,,,,,Não encontrado,,,,,,,,,,,,,,,,,,,,,,,,
Smartphone,7895761913408,,,,,,,,,,,,,,,,,,,,,,Não encontrado,,,,,,,,,,,,,,,,,,,,,,,,
Smartphone,7895761945911,,,,,,,,,,,,,,,,,,,,,,Não encontrado,,,,,,,,,,,,,,,,,,,,,,,,
Smartphone,7895805209641,,,,,,,,,,,,,,,,,,,,,,Não encontrado,,,,,,,,,,,,,,,,,,,,,,,,
Smartphone,7896142456231,,,,,,,,,,,,,,,,,,,,,,Não encontrado,,,,,,,,,,,,,,,,,,,,,,,,
Smartphone,7896192040794,,,,,,,,,,,,,,,,,,,,,,Não encontrado,,,,,,,,,,,,,,,,,,,,,,,,
Smartphone,7896359735914,,,,,,,,,,,,,,,,,,,,,,Não encontrado,,,,,,,,,,,,,,,,,,,,,,,,
Smartphone,7896407426191,,,,,,,,,,,,,,,,,,,,,,Não encontrado,,,,,,,,,,,,,,,,,,,,,,,,
Smartphone,7896456452783,,,,,,,,,,,,,,,,,,,,,,Não encontrado,,,,,,,,,,,,,,,,,,,,,,,,
Smartphone,7896507743464,,,,,,,,,,,,,,,,,,,,,,Não encontrado,,,,,,,,,,,,,,,,,,,,,,,,
Smartphone,7896579930571,,,,,,,,,,,,,,,,,,,,,,Não encontrado,,,,,,,,,,,,,,,,,,,,,,,,
Smartphone,7896586867471,,,,,,,,,,,,,,,,,,,,,,Não encontrado,,,,,,,,,,,,,,,,,,,,,,,,
Smartphone,7896798400053,,,,,,,,,,,,,,,,,,,,,,Não encontrado,,,,,,,,,,,,,,,,,,,,,,,,
Smartphone,7896798400084,,,,,,,,,,,,,,,,,,,,,,Não encontrado,,,,,,,,,,,,,,,,,,,,,,,,
Smartphone,7896798400329,,,,,,,,,,,,,,,,,,,,,,Não encontrado,,,,,,,,,,,,,,,,,,,,,,,,
Smartphone,7896798401548,,,,,,,,,,,,,,,,,,,,,,Não encontrado,,,,,,,,,,,,,,,,,,,,,,,,
Smartphone,7896798401586,,,,,,,,,,,,,,,,,,,,,,Não encontrado,,,,,,,,,,,,,,,,,,,,,,,,
Smartphone,7896798401814,,,,,,,,,,,,,,,,,,,,,,Não encontrado,,,,,,,,,,,,,,,,,,,,,,,,
Smartphone,7896798402484,,,,,,,,,,,,,,,,,,,,,,Não encontrado,,,,,,,,,,,,,,,,,,,,,,,,
Smartphone,7896798404945,,,,,,,,,,,,,,,,,,,,,,Não encontrado,,,,,,,,,,,,,,,,,,,,,,,,
Smartphone,7896798405072,,,,,,,,,,,,,,,,,,,,,,Não encontrado,,,,,,,,,,,,,,,,,,,,,,,,
Smartphone,7896798405683,,,,,,,,,,,,,,,,,,,,,,Não encontrado,,,,,,,,,,,,,,,,,,,,,,,,
Smartphone,7896904648157,POSITIVO SMARTPHONE 3G TWIST 3 32GB S513 VERMELHO BIVOLT,7896904648157,,,,,,2020-11-19T14:11:34.000-03:00,2021-06-12T09:32:10.000-03:00,,,,0,0,7896904648157,Unidade,1,,,COSMOS,https://cosmos.bluesoft.com.br/products/barcode/629A7926466B1B130D901C62CE208DDE.png,,,,,,,,,,,,,,,,,,,,,,,,,
Smartphone,7896904671032,SMARTPHONE INFINIX HOT 11 128GB SEC SILV,7896904671032,,,,,,2023-03-11T23:17:54.000-03:00,2025-07-27T21:36:37.000-03:00,,,,0,0,7896904671032,Unidade,1,,,COSMOS,https://cosmos.bluesoft.com.br/products/barcode/629A7926466B1B136C7F6329D77B6B1F.png,,,,,,,,,,,,,,,,,,,,,,,,,
Smartphone,7896904686104,SMT POSITIVO S509 TWIST 4G 32GB VM,7896904686104,,,,,,2021-07-27T02:16:08.000-03:00,2022-10-14T17:04:57.000-03:00,,,,0,0,7896904686104,Unidade,1,,,COSMOS,https://cosmos.bluesoft.com.br/products/barcode/629A7926466B1B13EDF9B39D01A595B3.png,,,,,,,,,,,,,,,,,,,,,,,,,
Smartphone,7896904686425,,,,,,,,,,,,,,,,,,,,,,Não encontrado,,,,,,,,,,,,,,,,,,,,,,,,
Smartphone,7896904691795,SMARTPHONE POSITIVO TWIST S518 PRETO NACIONAL,7896904691795,,,,,,2021-09-02T23:57:15.000-03:00,2024-09-11T19:58:34.000-03:00,,,,0,0,7896904691795,Unidade,1,,,COSMOS,https://cosmos.bluesoft.com.br/products/barcode/629A7926466B1B134CA9F10944A4BC7B.png,,,,,,,,,,,,,,,,,,,,,,,,,
Smartphone,7896999487747,,,,,,,,,,,,,,,,,,,,,,Não encontrado,,,,,,,,,,,,,,,,,,,,,,,,
Smartphone,7897934896105,,,,,,,,,,,,,,,,,,,,,,Não encontrado,,,,,,,,,,,,,,,,,,,,,,,,
Smartphone,7898006633628,,,,,,,,,,,,,,,,,,,,,,Não encontrado,,,,,,,,,,,,,,,,,,,,,,,,
Smartphone,7898015648231,,,,,,,,,,,,,,,,,,,,,,Não encontrado,,,,,,,,,,,,,,,,,,,,,,,,
Smartphone,7898066421258,,,,,,,,,,,,,,,,,,,,,,Não encontrado,,,,,,,,,,,,,,,,,,,,,,,,
Smartphone,7898088623692,,,,,,,,,,,,,,,,,,,,,,Não encontrado,,,,,,,,,,,,,,,,,,,,,,,,
Smartphone,7898107875866,,,,,,,,,,,,,,,,,,,,,,Não encontrado,,,,,,,,,,,,,,,,,,,,,,,,
Smartphone,7898371345515,CEL REALME 3933 8G/256GB AD VER,7898371345515,,,,,,2025-07-16T10:10:44.000-03:00,2025-09-04T05:47:00.000-03:00,,,,0,0,7898371345515,Unidade,1,,,COSMOS,https://cosmos.bluesoft.com.br/products/barcode/B811C872FAEFADC3255A11690A4A8D51.png,,,,,85171300,--   Telefones inteligentes (smartphones),"Máquinas, aparelhos e materiais elétricos, e suas partes; aparelhos de gravação ou de reprodução de som, aparelhos de gravação ou de reprodução de imagens e de som em televisão, e suas partes e acessórios - Aparelhos telefônicos, incluindo os telefones para redes celulares e para outras redes sem fio; outros aparelhos para a transmissão ou recepção de voz, imagens ou outros dados, incluindo os aparelhos para comunicação em redes por fio ou redes sem fio (tal como uma rede local (LAN) ou uma rede de área estendida (alargada*) (WAN)), exceto os aparelhos das posições 84.43, 85.25, 85.27 ou 85.28. - Aparelhos telefônicos, incluindo os telefones para redes celulares e para outras redes sem fio: - --   Telefones inteligentes (smartphones)",,,,,,,,,,,,,,,,,,
Smartphone,7898426264846,,,,,,,,,,,,,,,,,,,,,,Não encontrado,,,,,,,,,,,,,,,,,,,,,,,,
Smartphone,7898547311108,,,,,,,,,,,,,,,,,,,,,,Não encontrado,,,,,,,,,,,,,,,,,,,,,,,,
Smartphone,7898552004828,SMT TCL DESB 5033EL L5 16GB PT,7898552004828,,,,,,2021-04-08T12:09:06.000-03:00,2023-03-15T01:33:19.000-03:00,,,,0,0,7898552004828,Unidade,1,,,COSMOS,https://cosmos.bluesoft.com.br/products/barcode/25287BB19E3C0F6035464CAF0874AB8A.png,,,,,,,,,,,,,,,,,,,,,,,,,
Smartphone,7898552005726,SMARTPHONE TCL 505 1,7898552005726,,,,,,2025-09-04T07:34:17.000-03:00,2026-08-28T10:33:57.000-03:00,,,,0,0,7898552005726,Unidade,1,,,COSMOS,https://cosmos.bluesoft.com.br/products/barcode/25287BB19E3C0F60FCB4AA3F44ABAB92.png,,,,,,,,,,,,,,,,,,,,,,,,,
Smartphone,7898552109271,,,,,,,,,,,,,,,,,,,,,,Não encontrado,,,,,,,,,,,,,,,,,,,,,,,,
Smartphone,7898553006302,,,,,,,,,,,,,,,,,,,,,,Não encontrado,,,,,,,,,,,,,,,,,,,,,,,,
Smartphone,7899105012819,,,,,,,,,,,,,,,,,,,,,,Não encontrado,,,,,,,,,,,,,,,,,,,,,,,,
Smartphone,7899521035485,,,,,,,,,,,,,,,,,,,,,,Não encontrado,,,,,,,,,,,,,,,,,,,,,,,,
Smartphone,7899548514123,,,,,,,,,,,,,,,,,,,,,,Não encontrado,,,,,,,,,,,,,,,,,,,,,,,,
Smartphone,7899838889207,MULTILASER E LITE P9126 32GB PRETO,7899838889207,,,,,,2020-11-20T06:07:52.000-03:00,2023-03-12T02:09:00.000-03:00,,,,0,0,7899838889207,Unidade,1,,,COSMOS,https://cosmos.bluesoft.com.br/products/barcode/9D287CA8F08B71AA4E9385114A9DD55E.png,,,,,,,,,,,,,,,,,,,,,,,,,
Smartphone,7899891204146,SMARTPHONE GALAXY A11 64GB SM-A115MZBSZTO. SAMSUNG,7899891204146,,,,,,2020-11-20T08:18:03.000-03:00,2021-01-23T11:22:50.000-03:00,,,,0,0,7899891204146,Unidade,1,,,COSMOS,https://cosmos.bluesoft.com.br/products/barcode/9D48F17E7E8D2FC2CBE102D3650941F5.png,,,,,,,,,,,,,,,,,,,,,,,,,
Smartphone,7899999325668,,,,,,,,,,,,,,,,,,,,,,Não encontrado,,,,,,,,,,,,,,,,,,,,,,,,
Smartphone,7900015148076,,,,,,,,,,,,,,,,,,,,,,Não encontrado,,,,,,,,,,,,,,,,,,,,,,,,
Smartphone,7900191748008,,,,,,,,,,,,,,,,,,,,,,Não encontrado,,,,,,,,,,,,,,,,,,,,,,,,
Smartphone,7900830190793,,,,,,,,,,,,,,,,,,,,,,Não encontrado,,,,,,,,,,,,,,,,,,,,,,,,
Smartphone,7901294830645,,,,,,,,,,,,,,,,,,,,,,Não encontrado,,,,,,,,,,,,,,,,,,,,,,,,
Smartphone,7902873205229,,,,,,,,,,,,,,,,,,,,,,Não encontrado,,,,,,,,,,,,,,,,,,,,,,,,
Smartphone,7903147393857,,,,,,,,,,,,,,,,,,,,,,Não encontrado,,,,,,,,,,,,,,,,,,,,,,,,
Smartphone,7903312346107,,,,,,,,,,,,,,,,,,,,,,Não encontrado,,,,,,,,,,,,,,,,,,,,,,,,
Smartphone,7904315583490,,,,,,,,,,,,,,,,,,,,,,Não encontrado,,,,,,,,,,,,,,,,,,,,,,,,
Smartphone,7904477236890,,,,,,,,,,,,,,,,,,,,,,Não encontrado,,,,,,,,,,,,,,,,,,,,,,,,
Smartphone,7904801354115,,,,,,,,,,,,,,,,,,,,,,Não encontrado,,,,,,,,,,,,,,,,,,,,,,,,
Smartphone,7905975600152,,,,,,,,,,,,,,,,,,,,,,Não encontrado,,,,,,,,,,,,,,,,,,,,,,,,
Smartphone,7906786902794,,,,,,,,,,,,,,,,,,,,,,Não encontrado,,,,,,,,,,,,,,,,,,,,,,,,
Smartphone,7906981380106,,,,,,,,,,,,,,,,,,,,,,Não encontrado,,,,,,,,,,,,,,,,,,,,,,,,
Smartphone,7907040922633,,,,,,,,,,,,,,,,,,,,,,Não encontrado,,,,,,,,,,,,,,,,,,,,,,,,
Smartphone,7907778231731,,,,,,,,,,,,,,,,,,,,,,Não encontrado,,,,,,,,,,,,,,,,,,,,,,,,
Smartphone,7908317345766,IPHONE 14 PRO MAX 256GB PTA,7908317345766,,,,,,2023-05-07T10:15:50.000-03:00,2026-03-12T18:01:28.000-03:00,,,,0,0,7908317345766,Unidade,1,,,COSMOS,https://cosmos.bluesoft.com.br/products/barcode/D3CF1315E0C86F3F851EF00A694799F4.png,,,,,,,,,,,,,,,,,,,,,,,,,
Smartphone,7908340360613,,,,,,,,,,,,,,,,,,,,,,Não encontrado,,,,,,,,,,,,,,,,,,,,,,,,
Smartphone,7908414413238,TERM DIGITAL MATTEL HOTWHEELS C/ 1UN,7908414413238,,,,,,2021-11-13T17:27:57.000-03:00,2025-03-03T00:04:12.000-03:00,,,,0,0,7908414413238,Unidade,1,,,COSMOS,https://cosmos.bluesoft.com.br/products/barcode/9DCC0F3676CC1833AE43C7A2295A923D.png,,,,,,,,,,,,,,,,,,,,,,,,,
Smartphone,7908414420298,"SMARTPHONE MULTILASER G MAX 2 64GB8MP 6,5PT P9156 MULTILASER CX 1 UN",7908414420298,,,,,,2023-05-07T10:00:11.000-03:00,2024-10-24T00:47:52.000-03:00,,,,0,0,7908414420298,Unidade,1,,,COSMOS,https://cosmos.bluesoft.com.br/products/barcode/9DCC0F3676CC183385A2C5CCB2C79FED.png,,,,,,,,,,,,,,,,,,,,,,,,,
Smartphone,7908426309383,XIAOMI REDMI A3 128GB PRETO,7908426309383,,,,,,2025-09-07T12:54:30.000-03:00,2026-02-10T01:03:37.000-03:00,,,,0,0,7908426309383,Unidade,1,,,COSMOS,https://cosmos.bluesoft.com.br/products/barcode/EE45BAFAC7DE4BC2472AF8C9201E76B6.png,,,,,,,,,,,,,,,,,,,,,,,,,
Smartphone,7908426309932,,,,,,,,,,,,,,,,,,,,,,Não encontrado,,,,,,,,,,,,,,,,,,,,,,,,
Smartphone,7908426309956,XIAOMI REDMI 14C 256GB PRETO,7908426309956,,,,,,2025-09-07T12:12:25.000-03:00,2026-06-23T00:23:50.000-03:00,,,,0,0,7908426309956,Unidade,1,,,COSMOS,https://cosmos.bluesoft.com.br/products/barcode/EE45BAFAC7DE4BC2EF1DD43C676C6963.png,,,,,,,,,,,,,,,,,,,,,,,,,
Smartphone,7908426310921,REDMI NOTE 14 SMART XIAOMI 5G 256GB PT,7908426310921,,,,,,2025-09-07T12:48:12.000-03:00,2025-09-07T12:48:13.000-03:00,,,,0,0,7908426310921,Unidade,1,,,COSMOS,https://cosmos.bluesoft.com.br/products/barcode/EE45BAFAC7DE4BC25BD98AF7F8246C89.png,,,,,,,,,,,,,,,,,,,,,,,,,
Smartphone,7908426310945,SMARTPHONE REDMI NOTE 14 5G 8 256GB RX,7908426310945,,,,,,2025-09-07T12:48:57.000-03:00,2025-09-07T12:48:58.000-03:00,,,,0,0,7908426310945,Unidade,1,,,COSMOS,https://cosmos.bluesoft.com.br/products/barcode/EE45BAFAC7DE4BC2A32711FFDD882D34.png,,,,,,,,,,,,,,,,,,,,,,,,,
Smartphone,7908426311010,SMARTPHONE POCO X7 5G 8 256GB PT,7908426311010,,,,,,2025-09-07T13:23:34.000-03:00,2025-09-07T13:23:36.000-03:00,,,,0,0,7908426311010,Unidade,1,,,COSMOS,https://cosmos.bluesoft.com.br/products/barcode/EE45BAFAC7DE4BC2F9A1D7B8E385A5A3.png,,,,,,,,,,,,,,,,,,,,,,,,,
Smartphone,7908426313274,,,,,,,,,,,,,,,,,,,,,,Não encontrado,,,,,,,,,,,,,,,,,,,,,,,,
Smartphone,7908426313328,,,,,,,,,,,,,,,,,,,,,,Não encontrado,,,,,,,,,,,,,,,,,,,,,,,,
Smartphone,7908426313359,,,,,,,,,,,,,,,,,,,,,,Não encontrado,,,,,,,,,,,,,,,,,,,,,,,,
Smartphone,7908426314325,,,,,,,,,,,,,,,,,,,,,,Não encontrado,,,,,,,,,,,,,,,,,,,,,,,,
Smartphone,7908426317555,,,,,,,,,,,,,,,,,,,,,,Não encontrado,,,,,,,,,,,,,,,,,,,,,,,,
Smartphone,7908685606636,,,,,,,,,,,,,,,,,,,,,,Não encontrado,,,,,,,,,,,,,,,,,,,,,,,,
Smartphone,7908803307902,,,,,,,,,,,,,,,,,,,,,,Não encontrado,,,,,,,,,,,,,,,,,,,,,,,,
Smartphone,7908803309883,,,,,,,,,,,,,,,,,,,,,,Não encontrado,,,,,,,,,,,,,,,,,,,,,,,,
Smartphone,7908842854511,SMARTP 5G OPPO A5 PRO 256GB MARROM,7908842854511,,,,,,2025-09-07T15:38:37.000-03:00,2025-09-07T15:38:38.000-03:00,,,,0,0,7908842854511,Unidade,1,,,COSMOS,https://cosmos.bluesoft.com.br/products/barcode/4641BBDC924139945CD9EB733F15BABE.png,,,,,,,,,,,,,,,,,,,,,,,,,
Smartphone,7908842862745,SMARTPHONE OPPO A5 4G 256GB BR,7908842862745,,,,,,2025-09-07T15:39:15.000-03:00,2026-01-12T13:15:06.000-03:00,,,,0,0,7908842862745,Unidade,1,,,COSMOS,https://cosmos.bluesoft.com.br/products/barcode/4641BBDC924139942220B5EC07790EAB.png,,,,,,,,,,,,,,,,,,,,,,,,,
Smartphone,7908898457773,,,,,,,,,,,,,,,,,,,,,,Não encontrado,,,,,,,,,,,,,,,,,,,,,,,,
Smartphone,7908898477337,,,,,,,,,,,,,,,,,,,,,,Não encontrado,,,,,,,,,,,,,,,,,,,,,,,,
Smartphone,7908898507508,,,,,,,,,,,,,,,,,,,,,,Não encontrado,,,,,,,,,,,,,,,,,,,,,,,,
Smartphone,7909792629235,,,,,,,,,,,,,,,,,,,,,,Não encontrado,,,,,,,,,,,,,,,,,,,,,,,,
Smartphone,8033779080586,,,,,,,,,,,,,,,,,,,,,,Não encontrado,,,,,,,,,,,,,,,,,,,,,,,,
Smartphone,8162884236790,,,,,,,,,,,,,,,,,,,,,,Não encontrado,,,,,,,,,,,,,,,,,,,,,,,,
Smartphone,8644322405802,,,,,,,,,,,,,,,,,,,,,,Não encontrado,,,,,,,,,,,,,,,,,,,,,,,,
Smartphone,8806095663807,,,,,,,,,,,,,,,,,,,,,,Não encontrado,,,,,,,,,,,,,,,,,,,,,,,,
Smartphone,8806097425106,,,,,,,,,,,,,,,,,,,,,,Não encontrado,,,,,,,,,,,,,,,,,,,,,,,,
Smartphone,8989166115990,,,,,,,,,,,,,,,,,,,,,,Não encontrado,,,,,,,,,,,,,,,,,,,,,,,,
Smartphone,9051719359690,,,,,,,,,,,,,,,,,,,,,,Não encontrado,,,,,,,,,,,,,,,,,,,,,,,,
Smartphone,9444806731156,,,,,,,,,,,,,,,,,,,,,,Não encontrado,,,,,,,,,,,,,,,,,,,,,,,,
Smartphone,9672166980048,,,,,,,,,,,,,,,,,,,,,,Não encontrado,,,,,,,,,,,,,,,,,,,,,,,,
Smartphone,9942839817729,,,,,,,,,,,,,,,,,,,,,,Não encontrado,,,,,,,,,,,,,,,,,,,,,,,,
Smartphone,9971497446934,,,,,,,,,,,,,,,,,,,,,,Não encontrado,,,,,,,,,,,,,,,,,,,,,,,,
Sofá,0600158568287,,,,,,,,,,,,,,,,,,,,,,Não encontrado,,,,,,,,,,,,,,,,,,,,,,,,
Sofá,0609963235483,,,,,,,,,,,,,,,,,,,,,,Não encontrado,,,,,,,,,,,,,,,,,,,,,,,,
Sofá,0609963236985,IOG FAZENDA INTEGRAL 960G. MORANGO,609963236985,,,,,,2024-11-20T10:29:31.000-03:00,2024-11-20T10:29:32.000-03:00,,,,0,0,609963236985,Unidade,1,,,COSMOS,https://cosmos.bluesoft.com.br/products/barcode/0F7E21BAB741E561795FCE3B3A42E4A4.png,,,,,,,,,,,,,,,,,,,,,,,,,
Sofá,0842536108610,,,,,,,,,,,,,,,,,,,,,,Não encontrado,,,,,,,,,,,,,,,,,,,,,,,,
Sofá,2000000098913,,,,,,,,,,,,,,,,,,,,,,Não encontrado,,,,,,,,,,,,,,,,,,,,,,,,
Sofá,7448070182098,,,,,,,,,,,,,,,,,,,,,,Não encontrado,,,,,,,,,,,,,,,,,,,,,,,,
Sofá,7791825726390,,,,,,,,,,,,,,,,,,,,,,Não encontrado,,,,,,,,,,,,,,,,,,,,,,,,
Sofá,7791928819074,,,,,,,,,,,,,,,,,,,,,,Não encontrado,,,,,,,,,,,,,,,,,,,,,,,,
Sofá,7793601450956,,,,,,,,,,,,,,,,,,,,,,Não encontrado,,,,,,,,,,,,,,,,,,,,,,,,
Sofá,7793601743317,,,,,,,,,,,,,,,,,,,,,,Não encontrado,,,,,,,,,,,,,,,,,,,,,,,,
Sofá,7793903704009,,,,,,,,,,,,,,,,,,,,,,Não encontrado,,,,,,,,,,,,,,,,,,,,,,,,
Sofá,7794346921756,,,,,,,,,,,,,,,,,,,,,,Não encontrado,,,,,,,,,,,,,,,,,,,,,,,,
Sofá,7794555526551,,,,,,,,,,,,,,,,,,,,,,Não encontrado,,,,,,,,,,,,,,,,,,,,,,,,
Sofá,7795589840415,,,,,,,,,,,,,,,,,,,,,,Não encontrado,,,,,,,,,,,,,,,,,,,,,,,,
Sofá,7795633342643,,,,,,,,,,,,,,,,,,,,,,Não encontrado,,,,,,,,,,,,,,,,,,,,,,,,
Sofá,7795633354219,,,,,,,,,,,,,,,,,,,,,,Não encontrado,,,,,,,,,,,,,,,,,,,,,,,,
Sofá,7804126191658,,,,,,,,,,,,,,,,,,,,,,Não encontrado,,,,,,,,,,,,,,,,,,,,,,,,
Sofá,7804126191726,,,,,,,,,,,,,,,,,,,,,,Não encontrado,,,,,,,,,,,,,,,,,,,,,,,,
Sofá,7807384149768,,,,,,,,,,,,,,,,,,,,,,Não encontrado,,,,,,,,,,,,,,,,,,,,,,,,
Sofá,7807384230022,,,,,,,,,,,,,,,,,,,,,,Não encontrado,,,,,,,,,,,,,,,,,,,,,,,,
Sofá,7807576291640,,,,,,,,,,,,,,,,,,,,,,Não encontrado,,,,,,,,,,,,,,,,,,,,,,,,
Sofá,7890000217262,,,,,,,,,,,,,,,,,,,,,,Não encontrado,,,,,,,,,,,,,,,,,,,,,,,,
Sofá,7890001091786,TOP BIA,7890001091786,,,,,,2019-01-23T23:21:44.000-02:00,2024-11-27T15:37:28.000-03:00,,,,0,0,7890001091786,Unidade,1,,,COSMOS,https://cosmos.bluesoft.com.br/products/barcode/CD89607A1DD541DEED8C0F59B29F85A5.png,,,,,,,,,,,,,,,,,,,,,,,,,
Sofá,7890015510037,,,,,,,,,,,,,,,,,,,,,,Não encontrado,,,,,,,,,,,,,,,,,,,,,,,,
Sofá,7890018800500,,,,,,,,,,,,,,,,,,,,,,Não encontrado,,,,,,,,,,,,,,,,,,,,,,,,
Sofá,7890138429124,,,,,,,,,,,,,,,,,,,,,,Não encontrado,,,,,,,,,,,,,,,,,,,,,,,,
Sofá,7890692709991,,,,,,,,,,,,,,,,,,,,,,Não encontrado,,,,,,,,,,,,,,,,,,,,,,,,
Sofá,7890718481900,,,,,,,,,,,,,,,,,,,,,,Não encontrado,,,,,,,,,,,,,,,,,,,,,,,,
Sofá,7891206200751,,,,,,,,,,,,,,,,,,,,,,Não encontrado,,,,,,,,,,,,,,,,,,,,,,,,
Sofá,7891468684931,,,,,,,,,,,,,,,,,,,,,,Não encontrado,,,,,,,,,,,,,,,,,,,,,,,,
Sofá,7891674677741,,,,,,,,,,,,,,,,,,,,,,Não encontrado,,,,,,,,,,,,,,,,,,,,,,,,
Sofá,7892212340073,,,,,,,,,,,,,,,,,,,,,,Não encontrado,,,,,,,,,,,,,,,,,,,,,,,,
Sofá,7892212373859,,,,,,,,,,,,,,,,,,,,,,Não encontrado,,,,,,,,,,,,,,,,,,,,,,,,
Sofá,7892212388891,,,,,,,,,,,,,,,,,,,,,,Não encontrado,,,,,,,,,,,,,,,,,,,,,,,,
Sofá,7892317826892,,,,,,,,,,,,,,,,,,,,,,Não encontrado,,,,,,,,,,,,,,,,,,,,,,,,
Sofá,7892546542471,,,,,,,,,,,,,,,,,,,,,,Não encontrado,,,,,,,,,,,,,,,,,,,,,,,,
Sofá,7892755772072,,,,,,,,,,,,,,,,,,,,,,Não encontrado,,,,,,,,,,,,,,,,,,,,,,,,
Sofá,7893590795585,,,,,,,,,,,,,,,,,,,,,,Não encontrado,,,,,,,,,,,,,,,,,,,,,,,,
Sofá,7893781951103,,,,,,,,,,,,,,,,,,,,,,Não encontrado,,,,,,,,,,,,,,,,,,,,,,,,
Sofá,7893833710368,,,,,,,,,,,,,,,,,,,,,,Não encontrado,,,,,,,,,,,,,,,,,,,,,,,,
Sofá,7893833710702,,,,,,,,,,,,,,,,,,,,,,Não encontrado,,,,,,,,,,,,,,,,,,,,,,,,
Sofá,7893833711662,,,,,,,,,,,,,,,,,,,,,,Não encontrado,,,,,,,,,,,,,,,,,,,,,,,,
Sofá,7893833711778,,,,,,,,,,,,,,,,,,,,,,Não encontrado,,,,,,,,,,,,,,,,,,,,,,,,
Sofá,7893833714618,,,,,,,,,,,,,,,,,,,,,,Não encontrado,,,,,,,,,,,,,,,,,,,,,,,,
Sofá,7893833714861,,,,,,,,,,,,,,,,,,,,,,Não encontrado,,,,,,,,,,,,,,,,,,,,,,,,
Sofá,7893833730519,,,,,,,,,,,,,,,,,,,,,,Não encontrado,,,,,,,,,,,,,,,,,,,,,,,,
Sofá,7894082974181,,,,,,,,,,,,,,,,,,,,,,Não encontrado,,,,,,,,,,,,,,,,,,,,,,,,
Sofá,7894083383487,,,,,,,,,,,,,,,,,,,,,,Não encontrado,,,,,,,,,,,,,,,,,,,,,,,,
Sofá,7894083410893,,,,,,,,,,,,,,,,,,,,,,Não encontrado,,,,,,,,,,,,,,,,,,,,,,,,
Sofá,7894243539471,,,,,,,,,,,,,,,,,,,,,,Não encontrado,,,,,,,,,,,,,,,,,,,,,,,,
Sofá,7894253263632,,,,,,,,,,,,,,,,,,,,,,Não encontrado,,,,,,,,,,,,,,,,,,,,,,,,
Sofá,7894488542618,,,,,,,,,,,,,,,,,,,,,,Não encontrado,,,,,,,,,,,,,,,,,,,,,,,,
Sofá,7894623079504,,,,,,,,,,,,,,,,,,,,,,Não encontrado,,,,,,,,,,,,,,,,,,,,,,,,
Sofá,7894982488573,,,,,,,,,,,,,,,,,,,,,,Não encontrado,,,,,,,,,,,,,,,,,,,,,,,,
Sofá,7894983960931,,,,,,,,,,,,,,,,,,,,,,Não encontrado,,,,,,,,,,,,,,,,,,,,,,,,
Sofá,7894985518932,,,,,,,,,,,,,,,,,,,,,,Não encontrado,,,,,,,,,,,,,,,,,,,,,,,,
Sofá,7894985519038,,,,,,,,,,,,,,,,,,,,,,Não encontrado,,,,,,,,,,,,,,,,,,,,,,,,
Sofá,7895141986244,,,,,,,,,,,,,,,,,,,,,,Não encontrado,,,,,,,,,,,,,,,,,,,,,,,,
Sofá,7895224566950,,,,,,,,,,,,,,,,,,,,,,Não encontrado,,,,,,,,,,,,,,,,,,,,,,,,
Sofá,7895491935503,,,,,,,,,,,,,,,,,,,,,,Não encontrado,,,,,,,,,,,,,,,,,,,,,,,,
Sofá,7895601400945,,,,,,,,,,,,,,,,,,,,,,Não encontrado,,,,,,,,,,,,,,,,,,,,,,,,
Sofá,7895609805254,,,,,,,,,,,,,,,,,,,,,,Não encontrado,,,,,,,,,,,,,,,,,,,,,,,,
Sofá,7895712043901,,,,,,,,,,,,,,,,,,,,,,Não encontrado,,,,,,,,,,,,,,,,,,,,,,,,
Sofá,7895917515982,,,,,,,,,,,,,,,,,,,,,,Não encontrado,,,,,,,,,,,,,,,,,,,,,,,,
Sofá,7896047938702,,,,,,,,,,,,,,,,,,,,,,Não encontrado,,,,,,,,,,,,,,,,,,,,,,,,
Sofá,7896460053549,,,,,,,,,,,,,,,,,,,,,,Não encontrado,,,,,,,,,,,,,,,,,,,,,,,,
Sofá,7896460057271,,,,,,,,,,,,,,,,,,,,,,Não encontrado,,,,,,,,,,,,,,,,,,,,,,,,
Sofá,7896460070706,,,,,,,,,,,,,,,,,,,,,,Não encontrado,,,,,,,,,,,,,,,,,,,,,,,,
Sofá,7896555190111,,,,,,,,,,,,,,,,,,,,,,Não encontrado,,,,,,,,,,,,,,,,,,,,,,,,
Sofá,7897259026126,,,,,,,,,,,,,,,,,,,,,,Não encontrado,,,,,,,,,,,,,,,,,,,,,,,,
Sofá,7897391050041,,,,,,,,,,,,,,,,,,,,,,Não encontrado,,,,,,,,,,,,,,,,,,,,,,,,
Sofá,7898119395420,,,,,,,,,,,,,,,,,,,,,,Não encontrado,,,,,,,,,,,,,,,,,,,,,,,,
Sofá,7898467650653,,,,,,,,,,,,,,,,,,,,,,Não encontrado,,,,,,,,,,,,,,,,,,,,,,,,
Sofá,7898707390608,,,,,,,,,,,,,,,,,,,,,,Não encontrado,,,,,,,,,,,,,,,,,,,,,,,,
Sofá,7898707397003,,,,,,,,,,,,,,,,,,,,,,Não encontrado,,,,,,,,,,,,,,,,,,,,,,,,
Sofá,7898715262102,,,,,,,,,,,,,,,,,,,,,,Não encontrado,,,,,,,,,,,,,,,,,,,,,,,,
Sofá,7898753861374,,,,,,,,,,,,,,,,,,,,,,Não encontrado,,,,,,,,,,,,,,,,,,,,,,,,
Sofá,7898760839380,,,,,,,,,,,,,,,,,,,,,,Não encontrado,,,,,,,,,,,,,,,,,,,,,,,,
Sofá,7898760839649,,,,,,,,,,,,,,,,,,,,,,Não encontrado,,,,,,,,,,,,,,,,,,,,,,,,
Sofá,7898764230091,,,,,,,,,,,,,,,,,,,,,,Não encontrado,,,,,,,,,,,,,,,,,,,,,,,,
Sofá,7898770446578,,,,,,,,,,,,,,,,,,,,,,Não encontrado,,,,,,,,,,,,,,,,,,,,,,,,
Sofá,7898960046137,,,,,,,,,,,,,,,,,,,,,,Não encontrado,,,,,,,,,,,,,,,,,,,,,,,,
Sofá,7898960046502,,,,,,,,,,,,,,,,,,,,,,Não encontrado,,,,,,,,,,,,,,,,,,,,,,,,
Sofá,7898960049176,,,,,,,,,,,,,,,,,,,,,,Não encontrado,,,,,,,,,,,,,,,,,,,,,,,,
Sofá,7898960052619,,,,,,,,,,,,,,,,,,,,,,Não encontrado,,,,,,,,,,,,,,,,,,,,,,,,
Sofá,7898964757411,,,,,,,,,,,,,,,,,,,,,,Não encontrado,,,,,,,,,,,,,,,,,,,,,,,,
Sofá,7899390840944,,,,,,,,,,,,,,,,,,,,,,Não encontrado,,,,,,,,,,,,,,,,,,,,,,,,
Sofá,7899441124658,,,,,,,,,,,,,,,,,,,,,,Não encontrado,,,,,,,,,,,,,,,,,,,,,,,,
Sofá,7899820101447,,,,,,,,,,,,,,,,,,,,,,Não encontrado,,,,,,,,,,,,,,,,,,,,,,,,
Sofá,7899820103731,,,,,,,,,,,,,,,,,,,,,,Não encontrado,,,,,,,,,,,,,,,,,,,,,,,,
Sofá,7899820104264,,,,,,,,,,,,,,,,,,,,,,Não encontrado,,,,,,,,,,,,,,,,,,,,,,,,
Sofá,7899820108750,,,,,,,,,,,,,,,,,,,,,,Não encontrado,,,,,,,,,,,,,,,,,,,,,,,,
Sofá,7899913431437,,,,,,,,,,,,,,,,,,,,,,Não encontrado,,,,,,,,,,,,,,,,,,,,,,,,
Sofá,7900019778323,,,,,,,,,,,,,,,,,,,,,,Não encontrado,,,,,,,,,,,,,,,,,,,,,,,,
Sofá,7900263001024,,,,,,,,,,,,,,,,,,,,,,Não encontrado,,,,,,,,,,,,,,,,,,,,,,,,
Sofá,7900263101038,,,,,,,,,,,,,,,,,,,,,,Não encontrado,,,,,,,,,,,,,,,,,,,,,,,,
Sofá,7900263105623,,,,,,,,,,,,,,,,,,,,,,Não encontrado,,,,,,,,,,,,,,,,,,,,,,,,
Sofá,7900288024046,,,,,,,,,,,,,,,,,,,,,,Não encontrado,,,,,,,,,,,,,,,,,,,,,,,,
Sofá,7900288090874,,,,,,,,,,,,,,,,,,,,,,Não encontrado,,,,,,,,,,,,,,,,,,,,,,,,
Sofá,7900288097804,,,,,,,,,,,,,,,,,,,,,,Não encontrado,,,,,,,,,,,,,,,,,,,,,,,,
Sofá,7900288105974,,,,,,,,,,,,,,,,,,,,,,Não encontrado,,,,,,,,,,,,,,,,,,,,,,,,
Sofá,7900288160270,,,,,,,,,,,,,,,,,,,,,,Não encontrado,,,,,,,,,,,,,,,,,,,,,,,,
Sofá,7900288216991,,,,,,,,,,,,,,,,,,,,,,Não encontrado,,,,,,,,,,,,,,,,,,,,,,,,
Sofá,7900288223715,,,,,,,,,,,,,,,,,,,,,,Não encontrado,,,,,,,,,,,,,,,,,,,,,,,,
Sofá,7900288242006,,,,,,,,,,,,,,,,,,,,,,Não encontrado,,,,,,,,,,,,,,,,,,,,,,,,
Sofá,7900288257383,,,,,,,,,,,,,,,,,,,,,,Não encontrado,,,,,,,,,,,,,,,,,,,,,,,,
Sofá,7900288258533,,,,,,,,,,,,,,,,,,,,,,Não encontrado,,,,,,,,,,,,,,,,,,,,,,,,
Sofá,7900288260253,,,,,,,,,,,,,,,,,,,,,,Não encontrado,,,,,,,,,,,,,,,,,,,,,,,,
Sofá,7900288269171,,,,,,,,,,,,,,,,,,,,,,Não encontrado,,,,,,,,,,,,,,,,,,,,,,,,
Sofá,7900288286116,,,,,,,,,,,,,,,,,,,,,,Não encontrado,,,,,,,,,,,,,,,,,,,,,,,,
Sofá,7900288381972,,,,,,,,,,,,,,,,,,,,,,Não encontrado,,,,,,,,,,,,,,,,,,,,,,,,
Sofá,7900288382153,,,,,,,,,,,,,,,,,,,,,,Não encontrado,,,,,,,,,,,,,,,,,,,,,,,,
Sofá,7900288416827,,,,,,,,,,,,,,,,,,,,,,Não encontrado,,,,,,,,,,,,,,,,,,,,,,,,
Sofá,7900288417978,,,,,,,,,,,,,,,,,,,,,,Não encontrado,,,,,,,,,,,,,,,,,,,,,,,,
Sofá,7900288431158,,,,,,,,,,,,,,,,,,,,,,Não encontrado,,,,,,,,,,,,,,,,,,,,,,,,
Sofá,7900288450173,,,,,,,,,,,,,,,,,,,,,,Não encontrado,,,,,,,,,,,,,,,,,,,,,,,,
Sofá,7900288458582,,,,,,,,,,,,,,,,,,,,,,Não encontrado,,,,,,,,,,,,,,,,,,,,,,,,
Sofá,7900288472571,,,,,,,,,,,,,,,,,,,,,,Não encontrado,,,,,,,,,,,,,,,,,,,,,,,,
Sofá,7900288476890,,,,,,,,,,,,,,,,,,,,,,Não encontrado,,,,,,,,,,,,,,,,,,,,,,,,
Sofá,7901017003844,,,,,,,,,,,,,,,,,,,,,,Não encontrado,,,,,,,,,,,,,,,,,,,,,,,,
Sofá,7901017008214,,,,,,,,,,,,,,,,,,,,,,Não encontrado,,,,,,,,,,,,,,,,,,,,,,,,
Sofá,7901017065088,,,,,,,,,,,,,,,,,,,,,,Não encontrado,,,,,,,,,,,,,,,,,,,,,,,,
Sofá,7901056011428,,,,,,,,,,,,,,,,,,,,,,Não encontrado,,,,,,,,,,,,,,,,,,,,,,,,
Sofá,7901061939748,,,,,,,,,,,,,,,,,,,,,,Não encontrado,,,,,,,,,,,,,,,,,,,,,,,,
Sofá,7901130765452,,,,,,,,,,,,,,,,,,,,,,Não encontrado,,,,,,,,,,,,,,,,,,,,,,,,
Sofá,7901132131453,,,,,,,,,,,,,,,,,,,,,,Não encontrado,,,,,,,,,,,,,,,,,,,,,,,,
Sofá,7901132161771,,,,,,,,,,,,,,,,,,,,,,Não encontrado,,,,,,,,,,,,,,,,,,,,,,,,
Sofá,7901151402329,,,,,,,,,,,,,,,,,,,,,,Não encontrado,,,,,,,,,,,,,,,,,,,,,,,,
Sofá,7901151406402,,,,,,,,,,,,,,,,,,,,,,Não encontrado,,,,,,,,,,,,,,,,,,,,,,,,
Sofá,7902307799683,,,,,,,,,,,,,,,,,,,,,,Não encontrado,,,,,,,,,,,,,,,,,,,,,,,,
Sofá,7908002490795,,,,,,,,,,,,,,,,,,,,,,Não encontrado,,,,,,,,,,,,,,,,,,,,,,,,
Sofá,7908007810703,,,,,,,,,,,,,,,,,,,,,,Não encontrado,,,,,,,,,,,,,,,,,,,,,,,,
Sofá,7908007821501,,,,,,,,,,,,,,,,,,,,,,Não encontrado,,,,,,,,,,,,,,,,,,,,,,,,
Sofá,7908007825837,,,,,,,,,,,,,,,,,,,,,,Não encontrado,,,,,,,,,,,,,,,,,,,,,,,,
Sofá,7908107758974,,,,,,,,,,,,,,,,,,,,,,Não encontrado,,,,,,,,,,,,,,,,,,,,,,,,
Sofá,7908107771621,,,,,,,,,,,,,,,,,,,,,,Não encontrado,,,,,,,,,,,,,,,,,,,,,,,,
Sofá,7908107772390,,,,,,,,,,,,,,,,,,,,,,Não encontrado,,,,,,,,,,,,,,,,,,,,,,,,
Sofá,7908107775728,,,,,,,,,,,,,,,,,,,,,,Não encontrado,,,,,,,,,,,,,,,,,,,,,,,,
Sofá,7908144084005,,,,,,,,,,,,,,,,,,,,,,Não encontrado,,,,,,,,,,,,,,,,,,,,,,,,
Sofá,7908144087822,,,,,,,,,,,,,,,,,,,,,,Não encontrado,,,,,,,,,,,,,,,,,,,,,,,,
Sofá,7908175329823,,,,,,,,,,,,,,,,,,,,,,Não encontrado,,,,,,,,,,,,,,,,,,,,,,,,
Sofá,7908175330478,,,,,,,,,,,,,,,,,,,,,,Não encontrado,,,,,,,,,,,,,,,,,,,,,,,,
Sofá,7908175332458,,,,,,,,,,,,,,,,,,,,,,Não encontrado,,,,,,,,,,,,,,,,,,,,,,,,
Sofá,7908175332922,,,,,,,,,,,,,,,,,,,,,,Não encontrado,,,,,,,,,,,,,,,,,,,,,,,,
Sofá,7908258576342,,,,,,,,,,,,,,,,,,,,,,Não encontrado,,,,,,,,,,,,,,,,,,,,,,,,
Sofá,7908265765838,,,,,,,,,,,,,,,,,,,,,,Não encontrado,,,,,,,,,,,,,,,,,,,,,,,,
Sofá,7908265767535,,,,,,,,,,,,,,,,,,,,,,Não encontrado,,,,,,,,,,,,,,,,,,,,,,,,
Sofá,7908265768938,,,,,,,,,,,,,,,,,,,,,,Não encontrado,,,,,,,,,,,,,,,,,,,,,,,,
Sofá,7908265775622,,,,,,,,,,,,,,,,,,,,,,Não encontrado,,,,,,,,,,,,,,,,,,,,,,,,
Sofá,7908277204554,,,,,,,,,,,,,,,,,,,,,,Não encontrado,,,,,,,,,,,,,,,,,,,,,,,,
Sofá,7908277208026,,,,,,,,,,,,,,,,,,,,,,Não encontrado,,,,,,,,,,,,,,,,,,,,,,,,
Sofá,7908277209917,,,,,,,,,,,,,,,,,,,,,,Não encontrado,,,,,,,,,,,,,,,,,,,,,,,,
Sofá,7908277226990,,,,,,,,,,,,,,,,,,,,,,Não encontrado,,,,,,,,,,,,,,,,,,,,,,,,
Sofá,7908277231130,,,,,,,,,,,,,,,,,,,,,,Não encontrado,,,,,,,,,,,,,,,,,,,,,,,,
Sofá,7908277232373,,,,,,,,,,,,,,,,,,,,,,Não encontrado,,,,,,,,,,,,,,,,,,,,,,,,
Sofá,7908277233547,,,,,,,,,,,,,,,,,,,,,,Não encontrado,,,,,,,,,,,,,,,,,,,,,,,,
Sofá,7908277234520,,,,,,,,,,,,,,,,,,,,,,Não encontrado,,,,,,,,,,,,,,,,,,,,,,,,
Sofá,7908277235589,,,,,,,,,,,,,,,,,,,,,,Não encontrado,,,,,,,,,,,,,,,,,,,,,,,,
Sofá,7908277238153,,,,,,,,,,,,,,,,,,,,,,Não encontrado,,,,,,,,,,,,,,,,,,,,,,,,
Sofá,7908277238825,,,,,,,,,,,,,,,,,,,,,,Não encontrado,,,,,,,,,,,,,,,,,,,,,,,,
Sofá,7908277268464,,,,,,,,,,,,,,,,,,,,,,Não encontrado,,,,,,,,,,,,,,,,,,,,,,,,
Sofá,7908277268945,,,,,,,,,,,,,,,,,,,,,,Não encontrado,,,,,,,,,,,,,,,,,,,,,,,,
Sofá,7908277269065,,,,,,,,,,,,,,,,,,,,,,Não encontrado,,,,,,,,,,,,,,,,,,,,,,,,
Sofá,7908308782167,,,,,,,,,,,,,,,,,,,,,,Não encontrado,,,,,,,,,,,,,,,,,,,,,,,,
Sofá,7908349704319,SOFA RET E REC BEST HOUSE AREZZO CAPUCCINO 4 LUGARES,7908349704319,,,,,,2021-09-05T11:23:19.000-03:00,2023-06-09T22:26:05.000-03:00,,,,0,0,7908349704319,Unidade,1,,,COSMOS,https://cosmos.bluesoft.com.br/products/barcode/F1257DDEE70A8E51319BD03C67070D17.png,,,,,,,,,,,,,,,,,,,,,,,,,
Sofá,7908439616003,,,,,,,,,,,,,,,,,,,,,,Não encontrado,,,,,,,,,,,,,,,,,,,,,,,,
Sofá,7908439643153,,,,,,,,,,,,,,,,,,,,,,Não encontrado,,,,,,,,,,,,,,,,,,,,,,,,
Sofá,7908449827727,,,,,,,,,,,,,,,,,,,,,,Não encontrado,,,,,,,,,,,,,,,,,,,,,,,,
Sofá,7908462242545,,,,,,,,,,,,,,,,,,,,,,Não encontrado,,,,,,,,,,,,,,,,,,,,,,,,
Sofá,7908478816761,,,,,,,,,,,,,,,,,,,,,,Não encontrado,,,,,,,,,,,,,,,,,,,,,,,,
Sofá,7908478820553,,,,,,,,,,,,,,,,,,,,,,Não encontrado,,,,,,,,,,,,,,,,,,,,,,,,
Sofá,7908478824148,,,,,,,,,,,,,,,,,,,,,,Não encontrado,,,,,,,,,,,,,,,,,,,,,,,,
Sofá,7908478826937,,,,,,,,,,,,,,,,,,,,,,Não encontrado,,,,,,,,,,,,,,,,,,,,,,,,
Sofá,7908478827521,,,,,,,,,,,,,,,,,,,,,,Não encontrado,,,,,,,,,,,,,,,,,,,,,,,,
Sofá,7908478834802,,,,,,,,,,,,,,,,,,,,,,Não encontrado,,,,,,,,,,,,,,,,,,,,,,,,
Sofá,7908478840469,,,,,,,,,,,,,,,,,,,,,,Não encontrado,,,,,,,,,,,,,,,,,,,,,,,,
Sofá,7908506235199,,,,,,,,,,,,,,,,,,,,,,Não encontrado,,,,,,,,,,,,,,,,,,,,,,,,
Sofá,7908516768175,,,,,,,,,,,,,,,,,,,,,,Não encontrado,,,,,,,,,,,,,,,,,,,,,,,,
Sofá,7908516771984,,,,,,,,,,,,,,,,,,,,,,Não encontrado,,,,,,,,,,,,,,,,,,,,,,,,
Sofá,7908516773216,,,,,,,,,,,,,,,,,,,,,,Não encontrado,,,,,,,,,,,,,,,,,,,,,,,,
Sofá,7908530816937,,,,,,,,,,,,,,,,,,,,,,Não encontrado,,,,,,,,,,,,,,,,,,,,,,,,
Sofá,7908542903984,,,,,,,,,,,,,,,,,,,,,,Não encontrado,,,,,,,,,,,,,,,,,,,,,,,,
Sofá,7908542942389,,,,,,,,,,,,,,,,,,,,,,Não encontrado,,,,,,,,,,,,,,,,,,,,,,,,
Sofá,7908542943737,,,,,,,,,,,,,,,,,,,,,,Não encontrado,,,,,,,,,,,,,,,,,,,,,,,,
Sofá,7908542955099,,,,,,,,,,,,,,,,,,,,,,Não encontrado,,,,,,,,,,,,,,,,,,,,,,,,
Sofá,7908542959134,,,,,,,,,,,,,,,,,,,,,,Não encontrado,,,,,,,,,,,,,,,,,,,,,,,,
Sofá,7908542962493,,,,,,,,,,,,,,,,,,,,,,Não encontrado,,,,,,,,,,,,,,,,,,,,,,,,
Sofá,7908542964190,,,,,,,,,,,,,,,,,,,,,,Não encontrado,,,,,,,,,,,,,,,,,,,,,,,,
Sofá,7908542965081,,,,,,,,,,,,,,,,,,,,,,Não encontrado,,,,,,,,,,,,,,,,,,,,,,,,
Sofá,7908542966149,,,,,,,,,,,,,,,,,,,,,,Não encontrado,,,,,,,,,,,,,,,,,,,,,,,,
Sofá,7908581122032,,,,,,,,,,,,,,,,,,,,,,Não encontrado,,,,,,,,,,,,,,,,,,,,,,,,
Sofá,7908581130563,,,,,,,,,,,,,,,,,,,,,,Não encontrado,,,,,,,,,,,,,,,,,,,,,,,,
Sofá,7908599306080,,,,,,,,,,,,,,,,,,,,,,Não encontrado,,,,,,,,,,,,,,,,,,,,,,,,
Sofá,7908599366893,,,,,,,,,,,,,,,,,,,,,,Não encontrado,,,,,,,,,,,,,,,,,,,,,,,,
Sofá,7908599379466,,,,,,,,,,,,,,,,,,,,,,Não encontrado,,,,,,,,,,,,,,,,,,,,,,,,
Sofá,7908599384859,,,,,,,,,,,,,,,,,,,,,,Não encontrado,,,,,,,,,,,,,,,,,,,,,,,,
Sofá,7908599397781,,,,,,,,,,,,,,,,,,,,,,Não encontrado,,,,,,,,,,,,,,,,,,,,,,,,
Sofá,7908611301116,,,,,,,,,,,,,,,,,,,,,,Não encontrado,,,,,,,,,,,,,,,,,,,,,,,,
Sofá,7908611304643,,,,,,,,,,,,,,,,,,,,,,Não encontrado,,,,,,,,,,,,,,,,,,,,,,,,
Sofá,7908615302133,,,,,,,,,,,,,,,,,,,,,,Não encontrado,,,,,,,,,,,,,,,,,,,,,,,,
Sofá,7908615316116,,,,,,,,,,,,,,,,,,,,,,Não encontrado,,,,,,,,,,,,,,,,,,,,,,,,
Sofá,7908615328270,,,,,,,,,,,,,,,,,,,,,,Não encontrado,,,,,,,,,,,,,,,,,,,,,,,,
Sofá,7908615328515,,,,,,,,,,,,,,,,,,,,,,Não encontrado,,,,,,,,,,,,,,,,,,,,,,,,
Sofá,7908615360812,,,,,,,,,,,,,,,,,,,,,,Não encontrado,,,,,,,,,,,,,,,,,,,,,,,,
Sofá,7908615367132,,,,,,,,,,,,,,,,,,,,,,Não encontrado,,,,,,,,,,,,,,,,,,,,,,,,
Sofá,7908615371771,,,,,,,,,,,,,,,,,,,,,,Não encontrado,,,,,,,,,,,,,,,,,,,,,,,,
Sofá,7908615379241,,,,,,,,,,,,,,,,,,,,,,Não encontrado,,,,,,,,,,,,,,,,,,,,,,,,
Sofá,7908615379647,,,,,,,,,,,,,,,,,,,,,,Não encontrado,,,,,,,,,,,,,,,,,,,,,,,,
Sofá,7908645523546,,,,,,,,,,,,,,,,,,,,,,Não encontrado,,,,,,,,,,,,,,,,,,,,,,,,
Sofá,7908645524963,,,,,,,,,,,,,,,,,,,,,,Não encontrado,,,,,,,,,,,,,,,,,,,,,,,,
Sofá,7908645530414,,,,,,,,,,,,,,,,,,,,,,Não encontrado,,,,,,,,,,,,,,,,,,,,,,,,
Sofá,7908645531251,,,,,,,,,,,,,,,,,,,,,,Não encontrado,,,,,,,,,,,,,,,,,,,,,,,,
Sofá,7908645531435,,,,,,,,,,,,,,,,,,,,,,Não encontrado,,,,,,,,,,,,,,,,,,,,,,,,
Sofá,7908670887453,,,,,,,,,,,,,,,,,,,,,,Não encontrado,,,,,,,,,,,,,,,,,,,,,,,,
Sofá,7908707549507,,,,,,,,,,,,,,,,,,,,,,Não encontrado,,,,,,,,,,,,,,,,,,,,,,,,
Sofá,7908729642187,,,,,,,,,,,,,,,,,,,,,,Não encontrado,,,,,,,,,,,,,,,,,,,,,,,,
Sofá,7908741629531,,,,,,,,,,,,,,,,,,,,,,Não encontrado,,,,,,,,,,,,,,,,,,,,,,,,
Sofá,7908741630025,,,,,,,,,,,,,,,,,,,,,,Não encontrado,,,,,,,,,,,,,,,,,,,,,,,,
Sofá,7908741630438,,,,,,,,,,,,,,,,,,,,,,Não encontrado,,,,,,,,,,,,,,,,,,,,,,,,
Sofá,7908741661524,,,,,,,,,,,,,,,,,,,,,,Não encontrado,,,,,,,,,,,,,,,,,,,,,,,,
Sofá,7908741668196,,,,,,,,,,,,,,,,,,,,,,Não encontrado,,,,,,,,,,,,,,,,,,,,,,,,
Sofá,7908741691248,,,,,,,,,,,,,,,,,,,,,,Não encontrado,,,,,,,,,,,,,,,,,,,,,,,,
Sofá,7908780339408,,,,,,,,,,,,,,,,,,,,,,Não encontrado,,,,,,,,,,,,,,,,,,,,,,,,
Sofá,7908780346963,,,,,,,,,,,,,,,,,,,,,,Não encontrado,,,,,,,,,,,,,,,,,,,,,,,,
Sofá,7908788225314,,,,,,,,,,,,,,,,,,,,,,Não encontrado,,,,,,,,,,,,,,,,,,,,,,,,
Sofá,7908788226946,,,,,,,,,,,,,,,,,,,,,,Não encontrado,,,,,,,,,,,,,,,,,,,,,,,,
Sofá,7908788227073,,,,,,,,,,,,,,,,,,,,,,Não encontrado,,,,,,,,,,,,,,,,,,,,,,,,
Sofá,7908791256121,,,,,,,,,,,,,,,,,,,,,,Não encontrado,,,,,,,,,,,,,,,,,,,,,,,,
Sofá,7908816338375,,,,,,,,,,,,,,,,,,,,,,Não encontrado,,,,,,,,,,,,,,,,,,,,,,,,
Sofá,7908816338474,,,,,,,,,,,,,,,,,,,,,,Não encontrado,,,,,,,,,,,,,,,,,,,,,,,,
Sofá,7908816339433,,,,,,,,,,,,,,,,,,,,,,Não encontrado,,,,,,,,,,,,,,,,,,,,,,,,
Sofá,7908816371358,,,,,,,,,,,,,,,,,,,,,,Não encontrado,,,,,,,,,,,,,,,,,,,,,,,,
Sofá,7908826410917,,,,,,,,,,,,,,,,,,,,,,Não encontrado,,,,,,,,,,,,,,,,,,,,,,,,
Sofá,7908826420329,,,,,,,,,,,,,,,,,,,,,,Não encontrado,,,,,,,,,,,,,,,,,,,,,,,,
Sofá,7908826420701,,,,,,,,,,,,,,,,,,,,,,Não encontrado,,,,,,,,,,,,,,,,,,,,,,,,
Sofá,7908833400178,,,,,,,,,,,,,,,,,,,,,,Não encontrado,,,,,,,,,,,,,,,,,,,,,,,,
Sofá,7908847625161,,,,,,,,,,,,,,,,,,,,,,Não encontrado,,,,,,,,,,,,,,,,,,,,,,,,
Sofá,7908847629398,,,,,,,,,,,,,,,,,,,,,,Não encontrado,,,,,,,,,,,,,,,,,,,,,,,,
Sofá,7908863411168,,,,,,,,,,,,,,,,,,,,,,Não encontrado,,,,,,,,,,,,,,,,,,,,,,,,
Sofá,7908863421976,,,,,,,,,,,,,,,,,,,,,,Não encontrado,,,,,,,,,,,,,,,,,,,,,,,,
Sofá,7908863422485,,,,,,,,,,,,,,,,,,,,,,Não encontrado,,,,,,,,,,,,,,,,,,,,,,,,
Sofá,7908863422683,,,,,,,,,,,,,,,,,,,,,,Não encontrado,,,,,,,,,,,,,,,,,,,,,,,,
Sofá,7908863428111,,,,,,,,,,,,,,,,,,,,,,Não encontrado,,,,,,,,,,,,,,,,,,,,,,,,
Sofá,7908863434082,,,,,,,,,,,,,,,,,,,,,,Não encontrado,,,,,,,,,,,,,,,,,,,,,,,,
Sofá,7908863435553,,,,,,,,,,,,,,,,,,,,,,Não encontrado,,,,,,,,,,,,,,,,,,,,,,,,
Sofá,7908863437656,,,,,,,,,,,,,,,,,,,,,,Não encontrado,,,,,,,,,,,,,,,,,,,,,,,,
Sofá,7908863438028,,,,,,,,,,,,,,,,,,,,,,Não encontrado,,,,,,,,,,,,,,,,,,,,,,,,
Sofá,7908863441301,,,,,,,,,,,,,,,,,,,,,,Não encontrado,,,,,,,,,,,,,,,,,,,,,,,,
Sofá,7908863441356,,,,,,,,,,,,,,,,,,,,,,Não encontrado,,,,,,,,,,,,,,,,,,,,,,,,
Sofá,7908863442537,,,,,,,,,,,,,,,,,,,,,,Não encontrado,,,,,,,,,,,,,,,,,,,,,,,,
Sofá,7908863442605,,,,,,,,,,,,,,,,,,,,,,Não encontrado,,,,,,,,,,,,,,,,,,,,,,,,
Sofá,7908863443671,,,,,,,,,,,,,,,,,,,,,,Não encontrado,,,,,,,,,,,,,,,,,,,,,,,,
Sofá,7908863451300,,,,,,,,,,,,,,,,,,,,,,Não encontrado,,,,,,,,,,,,,,,,,,,,,,,,
Sofá,7908863452253,,,,,,,,,,,,,,,,,,,,,,Não encontrado,,,,,,,,,,,,,,,,,,,,,,,,
Sofá,7908863456749,,,,,,,,,,,,,,,,,,,,,,Não encontrado,,,,,,,,,,,,,,,,,,,,,,,,
Sofá,7908863463150,,,,,,,,,,,,,,,,,,,,,,Não encontrado,,,,,,,,,,,,,,,,,,,,,,,,
Sofá,7908863472398,,,,,,,,,,,,,,,,,,,,,,Não encontrado,,,,,,,,,,,,,,,,,,,,,,,,
Sofá,7908863491849,,,,,,,,,,,,,,,,,,,,,,Não encontrado,,,,,,,,,,,,,,,,,,,,,,,,
Sofá,7908870823237,,,,,,,,,,,,,,,,,,,,,,Não encontrado,,,,,,,,,,,,,,,,,,,,,,,,
Sofá,7908899000527,,,,,,,,,,,,,,,,,,,,,,Não encontrado,,,,,,,,,,,,,,,,,,,,,,,,
Sofá,7908899007519,,,,,,,,,,,,,,,,,,,,,,Não encontrado,,,,,,,,,,,,,,,,,,,,,,,,
Sofá,7908899015262,,,,,,,,,,,,,,,,,,,,,,Não encontrado,,,,,,,,,,,,,,,,,,,,,,,,
Sofá,7908899025735,,,,,,,,,,,,,,,,,,,,,,Não encontrado,,,,,,,,,,,,,,,,,,,,,,,,
Sofá,7908899034386,,,,,,,,,,,,,,,,,,,,,,Não encontrado,,,,,,,,,,,,,,,,,,,,,,,,
Sofá,7908899055664,,,,,,,,,,,,,,,,,,,,,,Não encontrado,,,,,,,,,,,,,,,,,,,,,,,,
Sofá,7908899078502,,,,,,,,,,,,,,,,,,,,,,Não encontrado,,,,,,,,,,,,,,,,,,,,,,,,
Sofá,7908899079097,,,,,,,,,,,,,,,,,,,,,,Não encontrado,,,,,,,,,,,,,,,,,,,,,,,,
Sofá,7908899093772,,,,,,,,,,,,,,,,,,,,,,Não encontrado,,,,,,,,,,,,,,,,,,,,,,,,
Sofá,7908899098265,,,,,,,,,,,,,,,,,,,,,,Não encontrado,,,,,,,,,,,,,,,,,,,,,,,,
Sofá,7908899098357,,,,,,,,,,,,,,,,,,,,,,Não encontrado,,,,,,,,,,,,,,,,,,,,,,,,
Sofá,7908940000452,,,,,,,,,,,,,,,,,,,,,,Não encontrado,,,,,,,,,,,,,,,,,,,,,,,,
Sofá,7908940001183,,,,,,,,,,,,,,,,,,,,,,Não encontrado,,,,,,,,,,,,,,,,,,,,,,,,
Sofá,7908940005648,,,,,,,,,,,,,,,,,,,,,,Não encontrado,,,,,,,,,,,,,,,,,,,,,,,,
Sofá,7908940010529,,,,,,,,,,,,,,,,,,,,,,Não encontrado,,,,,,,,,,,,,,,,,,,,,,,,
Sofá,7908940027565,,,,,,,,,,,,,,,,,,,,,,Não encontrado,,,,,,,,,,,,,,,,,,,,,,,,
Sofá,7909659029321,,,,,,,,,,,,,,,,,,,,,,Não encontrado,,,,,,,,,,,,,,,,,,,,,,,,
Sofá,7909659030150,,,,,,,,,,,,,,,,,,,,,,Não encontrado,,,,,,,,,,,,,,,,,,,,,,,,
Sofá,7909659102550,,,,,,,,,,,,,,,,,,,,,,Não encontrado,,,,,,,,,,,,,,,,,,,,,,,,
Sofá,7909659117820,,,,,,,,,,,,,,,,,,,,,,Não encontrado,,,,,,,,,,,,,,,,,,,,,,,,
Sofá,7909659143492,,,,,,,,,,,,,,,,,,,,,,Não encontrado,,,,,,,,,,,,,,,,,,,,,,,,
Sofá,7909875370320,,,,,,,,,,,,,,,,,,,,,,Não encontrado,,,,,,,,,,,,,,,,,,,,,,,,
Sofá,7909903076903,,,,,,,,,,,,,,,,,,,,,,Não encontrado,,,,,,,,,,,,,,,,,,,,,,,,
Sofá,7909903166215,,,,,,,,,,,,,,,,,,,,,,Não encontrado,,,,,,,,,,,,,,,,,,,,,,,,
Sofá,7909903294802,,,,,,,,,,,,,,,,,,,,,,Não encontrado,,,,,,,,,,,,,,,,,,,,,,,,
Sofá,7909903319925,,,,,,,,,,,,,,,,,,,,,,Não encontrado,,,,,,,,,,,,,,,,,,,,,,,,
Sofá,7909903335154,,,,,,,,,,,,,,,,,,,,,,Não encontrado,,,,,,,,,,,,,,,,,,,,,,,,
Sofá,7909903369616,,,,,,,,,,,,,,,,,,,,,,Não encontrado,,,,,,,,,,,,,,,,,,,,,,,,
Sofá,7909903390580,,,,,,,,,,,,,,,,,,,,,,Não encontrado,,,,,,,,,,,,,,,,,,,,,,,,
Sofá,7909903417997,,,,,,,,,,,,,,,,,,,,,,Não encontrado,,,,,,,,,,,,,,,,,,,,,,,,
Sofá,7909903578117,,,,,,,,,,,,,,,,,,,,,,Não encontrado,,,,,,,,,,,,,,,,,,,,,,,,
Sofá,7909903609897,,,,,,,,,,,,,,,,,,,,,,Não encontrado,,,,,,,,,,,,,,,,,,,,,,,,
Sofá,7909903647028,,,,,,,,,,,,,,,,,,,,,,Não encontrado,,,,,,,,,,,,,,,,,,,,,,,,
Sofá,7909903702895,,,,,,,,,,,,,,,,,,,,,,Não encontrado,,,,,,,,,,,,,,,,,,,,,,,,
Sofá,7909903805817,,,,,,,,,,,,,,,,,,,,,,Não encontrado,,,,,,,,,,,,,,,,,,,,,,,,
Sofá,7909903855157,,,,,,,,,,,,,,,,,,,,,,Não encontrado,,,,,,,,,,,,,,,,,,,,,,,,
Sofá,7909903858301,,,,,,,,,,,,,,,,,,,,,,Não encontrado,,,,,,,,,,,,,,,,,,,,,,,,
Sofá,7909903861578,,,,,,,,,,,,,,,,,,,,,,Não encontrado,,,,,,,,,,,,,,,,,,,,,,,,
Sofá,7909903905500,,,,,,,,,,,,,,,,,,,,,,Não encontrado,,,,,,,,,,,,,,,,,,,,,,,,
Sofá,7909903905562,,,,,,,,,,,,,,,,,,,,,,Não encontrado,,,,,,,,,,,,,,,,,,,,,,,,
Sofá,7909903924150,,,,,,,,,,,,,,,,,,,,,,Não encontrado,,,,,,,,,,,,,,,,,,,,,,,,
TV,0019992515782,,,,,,,,,,,,,,,,,,,,,,Não encontrado,,,,,,,,,,,,,,,,,,,,,,,,
TV,2108360364423,,,,,,,,,,,,,,,,,,,,,,Não encontrado,,,,,,,,,,,,,,,,,,,,,,,,
TV,5047032047462,,,,,,,,,,,,,,,,,,,,,,Não encontrado,,,,,,,,,,,,,,,,,,,,,,,,
TV,7890309154398,,,,,,,,,,,,,,,,,,,,,,Não encontrado,,,,,,,,,,,,,,,,,,,,,,,,
TV,7891096876630,,,,,,,,,,,,,,,,,,,,,,Não encontrado,,,,,,,,,,,,,,,,,,,,,,,,
TV,7891356086489,,,,,,,,,,,,,,,,,,,,,,Não encontrado,,,,,,,,,,,,,,,,,,,,,,,,
TV,7891356113888,TV SMART PHILCO DOULBY LED BIV,7891356113888,,,,,,2023-06-17T14:15:48.000-03:00,2023-09-17T12:27:17.000-03:00,,,,0,0,7891356113888,Unidade,1,,,COSMOS,https://cosmos.bluesoft.com.br/products/barcode/F6328E5D08A103819843FDD06459AA7E.png,,,PHILCO,/assets/brand-placeholder-7080174fbd24025783105a607811edad.png,,,,,,,,,,327,Televisores,401,,,,,,,,,
TV,7891356113956,PTV43 TELEVISOR LED 43 SMARTHDMIR PHILCO,7891356113956,,,,,,2023-08-13T15:03:17.000-03:00,2024-02-29T10:41:16.000-03:00,,,,0,0,7891356113956,Unidade,1,,,COSMOS,https://cosmos.bluesoft.com.br/products/barcode/F6328E5D08A10381C1F537779D12B98B.png,,,,,,,,,,,,,,,,,,,,,,,,,
TV,7891356121777,TV 43P PHILCO PTV43VA4REGB,7891356121777,,,,,,2025-02-19T20:36:35.000-03:00,2025-09-06T19:14:22.000-03:00,,,,0,0,7891356121777,Unidade,1,,,COSMOS,https://cosmos.bluesoft.com.br/products/barcode/F6328E5D08A103817EF1C2FFCAFD97DC.png,,,PHILCO,/assets/brand-placeholder-7080174fbd24025783105a607811edad.png,,,,,,,,,,327,Televisores,401,,,,,,,,,
TV,7891356123818,TV PHILCO LED P32CRA 32 C C DIG+INT,7891356123818,,,,,,2025-09-03T15:42:47.000-03:00,2026-04-28T20:07:23.000-03:00,,,,0,0,7891356123818,Unidade,1,,,COSMOS,https://cosmos.bluesoft.com.br/products/barcode/F6328E5D08A1038131B1C2F8B78D7BAF.png,,,,,,,,,,,,,,,,,,,,,,,,,
TV,7891356127991,,,,,,,,,,,,,,,,,,,,,,Não encontrado,,,,,,,,,,,,,,,,,,,,,,,,
TV,7891356128059,,,,,,,,,,,,,,,,,,,,,,Não encontrado,,,,,,,,,,,,,,,,,,,,,,,,
TV,7891986149301,,,,,,,,,,,,,,,,,,,,,,Não encontrado,,,,,,,,,,,,,,,,,,,,,,,,
TV,7892509092098,TV SAMSUNG 65 QLED UHD SM 4K QN65Q8CAM,7892509092098,,,,,,2020-10-14T07:04:30.000-03:00,2023-03-14T03:42:48.000-03:00,,,,0,0,7892509092098,Unidade,1,,,COSMOS,https://cosmos.bluesoft.com.br/products/barcode/F71A9C31DA1BB70584EA6E98FBEEAA79.png,,,,,,,,,,,,,,,,,,,,,,,,,
TV,7892509133883,TELEVISOR COM TELA DE CRISTAL LIQUIDO 65 - EAN: 7892509133883,7892509133883,,,,,,2024-06-22T05:30:36.000-03:00,2026-02-16T02:09:50.000-03:00,,,,0,0,7892509133883,Unidade,1,,,COSMOS,https://cosmos.bluesoft.com.br/products/barcode/A44747C82FC8A71483AA24EA82AB00E2.png,,,,,85287200,"Outros, em cores","Máquinas, aparelhos e materiais elétricos, e suas partes; aparelhos de gravação ou de reprodução de som, aparelhos de gravação ou de reprodução de imagens e de som em televisão, e suas partes e acessórios - Monitores e projetores, que não incorporem aparelho receptor de televisão; aparelhos receptores de televisão, mesmo que incorporem um aparelho receptor de radiodifusão ou um aparelho de gravação ou de reprodução de som ou de imagens - Aparelhos receptores de televisão, mesmo que incorporem um aparelho receptor de radiodifusão ou um aparelho de gravação ou reprodução de som ou de imagens: - Outros, em cores",,,,,,,,,,,,,,,,,,
TV,7892509136280,TV SAMSUNG SMART 4K 50 LH50BEDHVGGXZD,7892509136280,,,,,,2024-10-23T20:56:09.000-03:00,2025-07-07T08:47:47.000-03:00,,,,0,0,7892509136280,Unidade,1,,,COSMOS,https://cosmos.bluesoft.com.br/products/barcode/A44747C82FC8A714D323FA213DBF0BB9.png,,,,,,,,,,,,,,,,,,,,,,,,,
TV,7892509140836,TV 55 SAMS SMART 4K UN55U8600FGXZD,7892509140836,,,,,,2025-05-19T12:37:53.000-03:00,2026-08-10T16:33:03.000-03:00,,,,0,0,7892509140836,Unidade,1,,,COSMOS,https://cosmos.bluesoft.com.br/products/barcode/A44747C82FC8A714642C9932780847F7.png,,,,,85287200,"Outros, em cores","Máquinas, aparelhos e materiais elétricos, e suas partes; aparelhos de gravação ou de reprodução de som, aparelhos de gravação ou de reprodução de imagens e de som em televisão, e suas partes e acessórios - Monitores e projetores, que não incorporem aparelho receptor de televisão; aparelhos receptores de televisão, mesmo que incorporem um aparelho receptor de radiodifusão ou um aparelho de gravação ou de reprodução de som ou de imagens - Aparelhos receptores de televisão, mesmo que incorporem um aparelho receptor de radiodifusão ou um aparelho de gravação ou reprodução de som ou de imagens: - Outros, em cores",,,,,,,,,,,,,,,,,,
TV,7892509140867,TV SAMSUN 55 UN55U8100 ST 4K,7892509140867,,,,,,2025-09-03T16:47:30.000-03:00,2026-06-02T08:08:24.000-03:00,,,,0,0,7892509140867,Unidade,1,,,COSMOS,https://cosmos.bluesoft.com.br/products/barcode/A44747C82FC8A7147D9EC69380E4AD7E.png,,,,,85287200,"Outros, em cores","Máquinas, aparelhos e materiais elétricos, e suas partes; aparelhos de gravação ou de reprodução de som, aparelhos de gravação ou de reprodução de imagens e de som em televisão, e suas partes e acessórios - Monitores e projetores, que não incorporem aparelho receptor de televisão; aparelhos receptores de televisão, mesmo que incorporem um aparelho receptor de radiodifusão ou um aparelho de gravação ou de reprodução de som ou de imagens - Aparelhos receptores de televisão, mesmo que incorporem um aparelho receptor de radiodifusão ou um aparelho de gravação ou reprodução de som ou de imagens: - Outros, em cores",,,,,,,,,,,,,,,,,,
TV,7892509141666,TV 75 SAMS SMART 4K QN75Q7FAAGXZD,7892509141666,,,,,,2025-05-19T14:38:17.000-03:00,2026-02-08T20:56:05.000-03:00,,,,0,0,7892509141666,Unidade,1,,,COSMOS,https://cosmos.bluesoft.com.br/products/barcode/A44747C82FC8A71484D77A7561D0EC05.png,,,,,85287200,"Outros, em cores","Máquinas, aparelhos e materiais elétricos, e suas partes; aparelhos de gravação ou de reprodução de som, aparelhos de gravação ou de reprodução de imagens e de som em televisão, e suas partes e acessórios - Monitores e projetores, que não incorporem aparelho receptor de televisão; aparelhos receptores de televisão, mesmo que incorporem um aparelho receptor de radiodifusão ou um aparelho de gravação ou de reprodução de som ou de imagens - Aparelhos receptores de televisão, mesmo que incorporem um aparelho receptor de radiodifusão ou um aparelho de gravação ou reprodução de som ou de imagens: - Outros, em cores",,,,,,,,,,,,,,,,,,
TV,7892509141840,,,,,,,,,,,,,,,,,,,,,,Não encontrado,,,,,,,,,,,,,,,,,,,,,,,,
TV,7892509143448,Y62GHX5Y700094B TELEVISOR COM TELA DE CRISTAL LIQUIDO 32 EAN: 7892509143448,7892509143448,0,0,0,,,2025-09-03T16:56:16.000-03:00,2026-05-27T06:21:52.000-03:00,,,,0,0,7892509143448,Unidade,1,,,COSMOS,https://cosmos.bluesoft.com.br/products/barcode/A44747C82FC8A714D2A61ECC6B45950B.png,,,,,85287200,"Outros, em cores","Máquinas, aparelhos e materiais elétricos, e suas partes; aparelhos de gravação ou de reprodução de som, aparelhos de gravação ou de reprodução de imagens e de som em televisão, e suas partes e acessórios - Monitores e projetores, que não incorporem aparelho receptor de televisão; aparelhos receptores de televisão, mesmo que incorporem um aparelho receptor de radiodifusão ou um aparelho de gravação ou de reprodução de som ou de imagens - Aparelhos receptores de televisão, mesmo que incorporem um aparelho receptor de radiodifusão ou um aparelho de gravação ou reprodução de som ou de imagens: - Outros, em cores",,,,,,,,,,,,,,,,,,
TV,7892509144049,SMART TV SAMSUNG LED 55 LH55BEFH4GGXZD LED CRYSTAL PROCESSOR,7892509144049,,,,,,2025-12-30T12:36:51.000-03:00,2025-12-30T12:36:52.000-03:00,,,,0,0,7892509144049,Unidade,1,,,COSMOS,https://cosmos.bluesoft.com.br/products/barcode/A44747C82FC8A71438AFF06810E35B04.png,,,,,,,,,,,,,,,,,,,,,,,,,
TV,7892509146883,,,,,,,,,,,,,,,,,,,,,,Não encontrado,,,,,,,,,,,,,,,,,,,,,,,,
TV,7892509147064,,,,,,,,,,,,,,,,,,,,,,Não encontrado,,,,,,,,,,,,,,,,,,,,,,,,
TV,7892509147187,,,,,,,,,,,,,,,,,,,,,,Não encontrado,,,,,,,,,,,,,,,,,,,,,,,,
TV,7892509147286,,,,,,,,,,,,,,,,,,,,,,Não encontrado,,,,,,,,,,,,,,,,,,,,,,,,
TV,7892509148870,,,,,,,,,,,,,,,,,,,,,,Não encontrado,,,,,,,,,,,,,,,,,,,,,,,,
TV,7892509148979,,,,,,,,,,,,,,,,,,,,,,Não encontrado,,,,,,,,,,,,,,,,,,,,,,,,
TV,7892509149105,,,,,,,,,,,,,,,,,,,,,,Não encontrado,,,,,,,,,,,,,,,,,,,,,,,,
TV,7892865818196,,,,,,,,,,,,,,,,,,,,,,Não encontrado,,,,,,,,,,,,,,,,,,,,,,,,
TV,7892873017444,,,,,,,,,,,,,,,,,,,,,,Não encontrado,,,,,,,,,,,,,,,,,,,,,,,,
TV,7893050087151,,,,,,,,,,,,,,,,,,,,,,Não encontrado,,,,,,,,,,,,,,,,,,,,,,,,
TV,7893299000096,TV 50 LG SMART 4K NANO 50NANO80ASA,7893299000096,,,,,,2025-09-03T17:17:35.000-03:00,2025-09-17T19:08:56.000-03:00,,,,0,0,7893299000096,Unidade,1,,,COSMOS,https://cosmos.bluesoft.com.br/products/barcode/10A355FBB2FB9E2EE9AE9B638B42EB9B.png,,,,,,,,,,,,,,,,,,,,,,,,,
TV,7893299000249,,,,,,,,,,,,,,,,,,,,,,Não encontrado,,,,,,,,,,,,,,,,,,,,,,,,
TV,7893299905704,LOJA SMART TV LG LED 49,7893299905704,0,0,0,0,0,2016-05-31T15:19:52.000-03:00,2026-07-27T03:34:34.000-03:00,,,,0,0,7893299905704,Peça,1,,,COSMOS,https://cosmos.bluesoft.com.br/products/barcode/3961E01131613FC3BF6A7CD44353E341.png,,,,,85287200,"Outros, em cores","Máquinas, aparelhos e materiais elétricos, e suas partes; aparelhos de gravação ou de reprodução de som, aparelhos de gravação ou de reprodução de imagens e de som em televisão, e suas partes e acessórios - Monitores e projetores, que não incorporem aparelho receptor de televisão; aparelhos receptores de televisão, mesmo que incorporem um aparelho receptor de radiodifusão ou um aparelho de gravação ou de reprodução de som ou de imagens - Aparelhos receptores de televisão, mesmo que incorporem um aparelho receptor de radiodifusão ou um aparelho de gravação ou reprodução de som ou de imagens: - Outros, em cores",,,,,,,,,,,,,,,,,,
TV,7893299913419,LG SMART TV 65 OLED,7893299913419,,,,,,2021-12-21T18:36:29.000-03:00,2023-04-14T14:57:36.000-03:00,,,,0,0,7893299913419,Unidade,1,,,COSMOS,https://cosmos.bluesoft.com.br/products/barcode/3961E01131613FC37B80F24F847BDFCF.png,,,,,,,,,,,,,,,,,,,,,,,,,
TV,7893299913433,TV 65O OLED 4K LG OLED65CXPSA SMART WIFI/BT/HDMI .,7893299913433,,,,,,2020-11-19T04:09:13.000-03:00,2023-03-15T01:16:48.000-03:00,,,,0,0,7893299913433,Unidade,1,,,COSMOS,https://cosmos.bluesoft.com.br/products/barcode/3961E01131613FC3CEC53E69C6BFBF04.png,,,,,,,,,,,,,,,,,,,,,,,,,
TV,7893299916632,TV LED 43 LG 43LM6370 FHD SMART,7893299916632,,,,,,2021-07-28T20:18:18.000-03:00,2023-06-27T17:36:40.000-03:00,,,,0,0,7893299916632,Unidade,1,,,COSMOS,https://cosmos.bluesoft.com.br/products/barcode/3961E01131613FC32836F43DF1C9619B.png,,,LG,https://cdn-cosmos.bluesoft.com.br/brands/brand_lg,85287200,"Outros, em cores","Máquinas, aparelhos e materiais elétricos, e suas partes; aparelhos de gravação ou de reprodução de som, aparelhos de gravação ou de reprodução de imagens e de som em televisão, e suas partes e acessórios - Monitores e projetores, que não incorporem aparelho receptor de televisão; aparelhos receptores de televisão, mesmo que incorporem um aparelho receptor de radiodifusão ou um aparelho de gravação ou de reprodução de som ou de imagens - Aparelhos receptores de televisão, mesmo que incorporem um aparelho receptor de radiodifusão ou um aparelho de gravação ou reprodução de som ou de imagens: - Outros, em cores",,,,,,,327,Televisores,401,,,,,,,,,
TV,7893299930614,TV LCD 55P SMART,7893299930614,,,,,,2023-07-02T15:56:52.000-03:00,2024-04-18T16:57:44.000-03:00,,,,0,0,7893299930614,Unidade,1,,,COSMOS,https://cosmos.bluesoft.com.br/products/barcode/3961E01131613FC3D63B006B82B473E2.png,,,,,,,,,,,,,,,,,,,,,,,,,
TV,7893299933103,,,,,,,,,,,,,,,,,,,,,,Não encontrado,,,,,,,,,,,,,,,,,,,,,,,,
TV,7893299951855,TV 43O LG 4K UHD 43UT8000PSA SMART WIFI/BT/HDMI,7893299951855,,,,,,2024-09-29T19:50:26.000-03:00,2026-01-17T20:47:28.000-03:00,,,,0,0,7893299951855,Unidade,1,,,COSMOS,https://cosmos.bluesoft.com.br/products/barcode/3961E01131613FC32709E0FBB438CBBA.png,,,,,,,,,,,,,,,,,,,,,,,,,
TV,7893299955402,SMART TV LG 43 LR671C0SA FULL HD PROCESSADOR AI A5 GE THINQ AI HDR 10 OTIMIZADOR DE GAMES MODO HOTEL AIRPLAY,7893299955402,,,,,,2025-01-09T22:37:44.000-03:00,2026-05-30T05:22:25.000-03:00,,,,0,0,7893299955402,Unidade,1,,,COSMOS,https://cosmos.bluesoft.com.br/products/barcode/3961E01131613FC32A3D4DDCB6F5BF18.png,,,,,85287200,"Outros, em cores","Máquinas, aparelhos e materiais elétricos, e suas partes; aparelhos de gravação ou de reprodução de som, aparelhos de gravação ou de reprodução de imagens e de som em televisão, e suas partes e acessórios - Monitores e projetores, que não incorporem aparelho receptor de televisão; aparelhos receptores de televisão, mesmo que incorporem um aparelho receptor de radiodifusão ou um aparelho de gravação ou de reprodução de som ou de imagens - Aparelhos receptores de televisão, mesmo que incorporem um aparelho receptor de radiodifusão ou um aparelho de gravação ou reprodução de som ou de imagens: - Outros, em cores",,,,,,,,,,,,,,,,,,
TV,7893299959028,SMART TV LG 50 4K 50TU801C0SA THINQ AI ALEXA APPLE AIRPLAY 2 HDR 10 OTIMIZADOR DE GAMES AI SOUND,7893299959028,,,,,,2025-10-21T11:46:05.000-03:00,2025-10-21T11:46:06.000-03:00,,,,0,0,7893299959028,Unidade,1,,,COSMOS,https://cosmos.bluesoft.com.br/products/barcode/3961E01131613FC3707A93B651733B2A.png,,,,,,,,,,,,,,,,,,,,,,,,,
TV,7893299966149,SMART LG 60UA8550,7893299966149,,,,,,2025-09-22T22:46:05.000-03:00,2025-12-30T22:59:22.000-03:00,,,,0,0,7893299966149,Unidade,1,,,COSMOS,https://cosmos.bluesoft.com.br/products/barcode/3961E01131613FC378F86B73735F81E7.png,,https://cdn-cosmos.bluesoft.com.br/products/7893299966149,,,85287200,"Outros, em cores","Máquinas, aparelhos e materiais elétricos, e suas partes; aparelhos de gravação ou de reprodução de som, aparelhos de gravação ou de reprodução de imagens e de som em televisão, e suas partes e acessórios - Monitores e projetores, que não incorporem aparelho receptor de televisão; aparelhos receptores de televisão, mesmo que incorporem um aparelho receptor de radiodifusão ou um aparelho de gravação ou de reprodução de som ou de imagens - Aparelhos receptores de televisão, mesmo que incorporem um aparelho receptor de radiodifusão ou um aparelho de gravação ou reprodução de som ou de imagens: - Outros, em cores",,,,,,,,,,,,,,,,,,
TV,7893299966408,,,,,,,,,,,,,,,,,,,,,,Não encontrado,,,,,,,,,,,,,,,,,,,,,,,,
TV,7893299968389,,,,,,,,,,,,,,,,,,,,,,Não encontrado,,,,,,,,,,,,,,,,,,,,,,,,
TV,7893299969706,,,,,,,,,,,,,,,,,,,,,,Não encontrado,,,,,,,,,,,,,,,,,,,,,,,,
TV,7893299969843,,,,,,,,,,,,,,,,,,,,,,Não encontrado,,,,,,,,,,,,,,,,,,,,,,,,
TV,7893299969850,,,,,,,,,,,,,,,,,,,,,,Não encontrado,,,,,,,,,,,,,,,,,,,,,,,,
TV,7893299969881,,,,,,,,,,,,,,,,,,,,,,Não encontrado,,,,,,,,,,,,,,,,,,,,,,,,
TV,7893299971839,,,,,,,,,,,,,,,,,,,,,,Não encontrado,,,,,,,,,,,,,,,,,,,,,,,,
TV,7893436871343,,,,,,,,,,,,,,,,,,,,,,Não encontrado,,,,,,,,,,,,,,,,,,,,,,,,
TV,7894597954418,,,,,,,,,,,,,,,,,,,,,,Não encontrado,,,,,,,,,,,,,,,,,,,,,,,,
TV,7894720124480,,,,,,,,,,,,,,,,,,,,,,Não encontrado,,,,,,,,,,,,,,,,,,,,,,,,
TV,7896059958903,,,,,,,,,,,,,,,,,,,,,,Não encontrado,,,,,,,,,,,,,,,,,,,,,,,,
TV,7896484424592,,,,,,,,,,,,,,,,,,,,,,Não encontrado,,,,,,,,,,,,,,,,,,,,,,,,
TV,7896523767246,,,,,,,,,,,,,,,,,,,,,,Não encontrado,,,,,,,,,,,,,,,,,,,,,,,,
TV,7896532694779,,,,,,,,,,,,,,,,,,,,,,Não encontrado,,,,,,,,,,,,,,,,,,,,,,,,
TV,7896563541530,,,,,,,,,,,,,,,,,,,,,,Não encontrado,,,,,,,,,,,,,,,,,,,,,,,,
TV,7896750204705,,,,,,,,,,,,,,,,,,,,,,Não encontrado,,,,,,,,,,,,,,,,,,,,,,,,
TV,7897016375221,,,,,,,,,,,,,,,,,,,,,,Não encontrado,,,,,,,,,,,,,,,,,,,,,,,,
TV,7897314260434,,,,,,,,,,,,,,,,,,,,,,Não encontrado,,,,,,,,,,,,,,,,,,,,,,,,
TV,7897612169477,,,,,,,,,,,,,,,,,,,,,,Não encontrado,,,,,,,,,,,,,,,,,,,,,,,,
TV,7897839623110,,,,,,,,,,,,,,,,,,,,,,Não encontrado,,,,,,,,,,,,,,,,,,,,,,,,
TV,7898322572939,,,,,,,,,,,,,,,,,,,,,,Não encontrado,,,,,,,,,,,,,,,,,,,,,,,,
TV,7898545840051,CCE STILE D32LED LED PLANA 32 POLEGADAS,7898545840051,0,0,0,,,2014-04-24T11:07:34.000-03:00,2026-08-03T00:19:23.000-03:00,,,,0,0,7898545840051,Unidade,1,,,COSMOS,https://cosmos.bluesoft.com.br/products/barcode/47DE12A2591A4D4248149D238F4B58C6.png,,https://cdn-cosmos.bluesoft.com.br/products/cce-stile-d32led-led-plana-32-polegadas_300x300-PU5533b_1.jpg,,,85287200,"Outros, em cores","Máquinas, aparelhos e materiais elétricos, e suas partes; aparelhos de gravação ou de reprodução de som, aparelhos de gravação ou de reprodução de imagens e de som em televisão, e suas partes e acessórios - Monitores e projetores, que não incorporem aparelho receptor de televisão; aparelhos receptores de televisão, mesmo que incorporem um aparelho receptor de radiodifusão ou um aparelho de gravação ou de reprodução de som ou de imagens - Aparelhos receptores de televisão, mesmo que incorporem um aparelho receptor de radiodifusão ou um aparelho de gravação ou reprodução de som ou de imagens: - Outros, em cores",,,,,,,,,,,,,,,,,,
TV,7898620272395,TV PHILIPS 32 32PHG6909 LED SMART GOOGLE TV,7898620272395,,,,,,2025-09-05T00:21:22.000-03:00,2025-11-19T12:29:11.000-03:00,,,,0,0,7898620272395,Unidade,1,,,COSMOS,https://cosmos.bluesoft.com.br/products/barcode/9E5FB845C4B7CC802632129A1E094958.png,,,,,,,,,,,,,,,,,,,,,,,,,
TV,7898620272500,TELEVISOR PHILIPS 32 32PHG6910 78 PTRO BIV,7898620272500,,,,,,2025-12-23T08:23:28.000-03:00,2025-12-23T08:23:29.000-03:00,,,,0,0,7898620272500,Unidade,1,,,COSMOS,https://cosmos.bluesoft.com.br/products/barcode/9E5FB845C4B7CC809163D6147E083828.png,,,,,,,,,,,,,,,,,,,,,,,,,
TV,7898620272616,TV LED 50 SMART 4K 50U7045 AOC ROKU,7898620272616,,,,,,2025-09-05T01:31:48.000-03:00,2026-07-31T14:25:52.000-03:00,,,,0,0,7898620272616,Unidade,1,,,COSMOS,https://cosmos.bluesoft.com.br/products/barcode/9E5FB845C4B7CC8042998FC6AE183219.png,,,,,85287200,"Outros, em cores","Máquinas, aparelhos e materiais elétricos, e suas partes; aparelhos de gravação ou de reprodução de som, aparelhos de gravação ou de reprodução de imagens e de som em televisão, e suas partes e acessórios - Monitores e projetores, que não incorporem aparelho receptor de televisão; aparelhos receptores de televisão, mesmo que incorporem um aparelho receptor de radiodifusão ou um aparelho de gravação ou de reprodução de som ou de imagens - Aparelhos receptores de televisão, mesmo que incorporem um aparelho receptor de radiodifusão ou um aparelho de gravação ou reprodução de som ou de imagens: - Outros, em cores",,,,,,,,,,,,,,,,,,
TV,7898620272746,,,,,,,,,,,,,,,,,,,,,,Não encontrado,,,,,,,,,,,,,,,,,,,,,,,,
TV,7898620272791,,,,,,,,,,,,,,,,,,,,,,Não encontrado,,,,,,,,,,,,,,,,,,,,,,,,
TV,7898620272838,TV LED 32 SMART 32S5155 AOC ROKU,7898620272838,,,,,,2025-09-05T00:54:08.000-03:00,2026-06-15T15:51:01.000-03:00,,,,0,0,7898620272838,Unidade,1,,,COSMOS,https://cosmos.bluesoft.com.br/products/barcode/9E5FB845C4B7CC80A21B7C482AD85173.png,,,,,,,,,,,,,,,,,,,,,,,,,
TV,7898620272845,TV LED 43 SMART 43S5155 AOC ROKU,7898620272845,,,,,,2025-10-26T01:56:44.000-03:00,2026-07-17T07:25:22.000-03:00,,,,0,0,7898620272845,Unidade,1,,,COSMOS,https://cosmos.bluesoft.com.br/products/barcode/9E5FB845C4B7CC80DF94ABC9B3A947BF.png,,,,,,,,,,,,,,,,,,,,,,,,,
TV,7898680986423,,,,,,,,,,,,,,,,,,,,,,Não encontrado,,,,,,,,,,,,,,,,,,,,,,,,
TV,7899548538471,,,,,,,,,,,,,,,,,,,,,,Não encontrado,,,,,,,,,,,,,,,,,,,,,,,,
TV,7899882315912,TV AIWA ANDROID HD SMART 32 POLEGADAS UN,7899882315912,,,,,,2023-03-30T18:22:06.000-03:00,2026-06-10T15:23:42.000-03:00,,,,0,0,7899882315912,Unidade,1,,,COSMOS,https://cosmos.bluesoft.com.br/products/barcode/CB4AAE86613B03798757985002C74887.png,,,,,85287200,"Outros, em cores","Máquinas, aparelhos e materiais elétricos, e suas partes; aparelhos de gravação ou de reprodução de som, aparelhos de gravação ou de reprodução de imagens e de som em televisão, e suas partes e acessórios - Monitores e projetores, que não incorporem aparelho receptor de televisão; aparelhos receptores de televisão, mesmo que incorporem um aparelho receptor de radiodifusão ou um aparelho de gravação ou de reprodução de som ou de imagens - Aparelhos receptores de televisão, mesmo que incorporem um aparelho receptor de radiodifusão ou um aparelho de gravação ou reprodução de som ou de imagens: - Outros, em cores",,,,,,,,,,,,,,,,,,
TV,7899882315936,TV LED AWS-TV43 SMART AIWA 4K,7899882315936,,,,,,2023-05-07T07:55:49.000-03:00,2026-06-01T12:05:15.000-03:00,,,,0,0,7899882315936,Unidade,1,,,COSMOS,https://cosmos.bluesoft.com.br/products/barcode/CB4AAE86613B037941AA8DCCE2184E8D.png,,,,,85287200,"Outros, em cores","Máquinas, aparelhos e materiais elétricos, e suas partes; aparelhos de gravação ou de reprodução de som, aparelhos de gravação ou de reprodução de imagens e de som em televisão, e suas partes e acessórios - Monitores e projetores, que não incorporem aparelho receptor de televisão; aparelhos receptores de televisão, mesmo que incorporem um aparelho receptor de radiodifusão ou um aparelho de gravação ou de reprodução de som ou de imagens - Aparelhos receptores de televisão, mesmo que incorporem um aparelho receptor de radiodifusão ou um aparelho de gravação ou reprodução de som ou de imagens: - Outros, em cores",,,,,,,,,,,,,,,,,,
TV,7899963902406,TV 50 PHILCO SMART,7899963902406,,,,14000,1000,2020-08-16T01:55:50.000-03:00,2024-08-02T11:26:01.000-03:00,,,,0,0,7899963902406,Unidade,1,,,COSMOS,https://cosmos.bluesoft.com.br/products/barcode/FA56506A6F29B9855E86B9740AB1CF2F.png,,,,,85287200,"Outros, em cores","Máquinas, aparelhos e materiais elétricos, e suas partes; aparelhos de gravação ou de reprodução de som, aparelhos de gravação ou de reprodução de imagens e de som em televisão, e suas partes e acessórios - Monitores e projetores, que não incorporem aparelho receptor de televisão; aparelhos receptores de televisão, mesmo que incorporem um aparelho receptor de radiodifusão ou um aparelho de gravação ou de reprodução de som ou de imagens - Aparelhos receptores de televisão, mesmo que incorporem um aparelho receptor de radiodifusão ou um aparelho de gravação ou reprodução de som ou de imagens: - Outros, em cores",,,,,,,,,,,,,,,,,,
TV,7899968300788,TV LED 55 55SK6200 SMART UHD 4K BIVOLT SEMP TCL 1713251 CASSOL,7899968300788,0,0,0,,,2024-06-25T17:02:23.000-03:00,2024-06-25T17:02:23.000-03:00,,,,0,0,7899968300788,Unidade,1,,,COSMOS,https://cosmos.bluesoft.com.br/products/barcode/3F01F463FA4F94E2FEB937F0AE1A985C.png,,,,,85287200,"Outros, em cores","Máquinas, aparelhos e materiais elétricos, e suas partes; aparelhos de gravação ou de reprodução de som, aparelhos de gravação ou de reprodução de imagens e de som em televisão, e suas partes e acessórios - Monitores e projetores, que não incorporem aparelho receptor de televisão; aparelhos receptores de televisão, mesmo que incorporem um aparelho receptor de radiodifusão ou um aparelho de gravação ou de reprodução de som ou de imagens - Aparelhos receptores de televisão, mesmo que incorporem um aparelho receptor de radiodifusão ou um aparelho de gravação ou reprodução de som ou de imagens: - Outros, em cores",,,,,,,,,,,,,,,,,,
TV,7899968301334,,,,,,,,,,,,,,,,,,,,,,Não encontrado,,,,,,,,,,,,,,,,,,,,,,,,
TV,7899968301389,TV 32P TCL LED SMART ROKU TV WIFI HD 32RS,7899968301389,,,,,,2023-05-07T08:31:53.000-03:00,2025-12-07T18:11:39.000-03:00,,,,0,0,7899968301389,Unidade,1,,,COSMOS,https://cosmos.bluesoft.com.br/products/barcode/3F01F463FA4F94E2DB18F5FA4D0A2DB2.png,,,,,85287200,"Outros, em cores","Máquinas, aparelhos e materiais elétricos, e suas partes; aparelhos de gravação ou de reprodução de som, aparelhos de gravação ou de reprodução de imagens e de som em televisão, e suas partes e acessórios - Monitores e projetores, que não incorporem aparelho receptor de televisão; aparelhos receptores de televisão, mesmo que incorporem um aparelho receptor de radiodifusão ou um aparelho de gravação ou de reprodução de som ou de imagens - Aparelhos receptores de televisão, mesmo que incorporem um aparelho receptor de radiodifusão ou um aparelho de gravação ou reprodução de som ou de imagens: - Outros, em cores",,,,,,,,,,,,,,,,,,
TV,7899968301549,TV LED 32 SEMP 32R6610 CD. EAN: 7899968301549 - O.C. 1 FAT,7899968301549,,,,,,2024-07-09T19:47:15.000-03:00,2026-01-27T16:15:00.000-03:00,,,,0,0,7899968301549,Unidade,1,,,COSMOS,https://cosmos.bluesoft.com.br/products/barcode/3F01F463FA4F94E235462F0050D253D6.png,,,,,85287200,"Outros, em cores","Máquinas, aparelhos e materiais elétricos, e suas partes; aparelhos de gravação ou de reprodução de som, aparelhos de gravação ou de reprodução de imagens e de som em televisão, e suas partes e acessórios - Monitores e projetores, que não incorporem aparelho receptor de televisão; aparelhos receptores de televisão, mesmo que incorporem um aparelho receptor de radiodifusão ou um aparelho de gravação ou de reprodução de som ou de imagens - Aparelhos receptores de televisão, mesmo que incorporem um aparelho receptor de radiodifusão ou um aparelho de gravação ou reprodução de som ou de imagens: - Outros, em cores",,,,,,,,,,,,,,,,,,
TV,7899968301754,TV 65O TCL MINI LED 65C6K 4K GOOGLE TV 144HZ,7899968301754,,,,,,2025-09-07T07:07:57.000-03:00,2026-08-29T10:43:27.000-03:00,,,,0,0,7899968301754,Unidade,1,,,COSMOS,https://cosmos.bluesoft.com.br/products/barcode/3F01F463FA4F94E28F56A9D1624ACA95.png,,,,,,,,,,,,,,,,,,,,,,,,,
TV,7899968301808,TV 55 TCL QLED 4K GOOGLE TV 55P7K,7899968301808,,,,,,2025-07-01T10:56:17.000-03:00,2026-02-16T20:07:31.000-03:00,,,,0,0,7899968301808,Unidade,1,,,COSMOS,https://cosmos.bluesoft.com.br/products/barcode/3F01F463FA4F94E2CAF964D864F44FA2.png,,,,,85287200,"Outros, em cores","Máquinas, aparelhos e materiais elétricos, e suas partes; aparelhos de gravação ou de reprodução de som, aparelhos de gravação ou de reprodução de imagens e de som em televisão, e suas partes e acessórios - Monitores e projetores, que não incorporem aparelho receptor de televisão; aparelhos receptores de televisão, mesmo que incorporem um aparelho receptor de radiodifusão ou um aparelho de gravação ou de reprodução de som ou de imagens - Aparelhos receptores de televisão, mesmo que incorporem um aparelho receptor de radiodifusão ou um aparelho de gravação ou reprodução de som ou de imagens: - Outros, em cores",,,,,,,,,,,,,,,,,,
TV,7899968301846,TV 65 TCL QD MINI LED 65C7K 4K 144HZ,7899968301846,,,,,,2025-12-01T03:07:15.000-03:00,2025-12-01T03:07:16.000-03:00,,,,0,0,7899968301846,Unidade,1,,,COSMOS,https://cosmos.bluesoft.com.br/products/barcode/3F01F463FA4F94E26A85C2FE42A1C8CB.png,,,,,,,,,,,,,,,,,,,,,,,,,
TV,7899968301891,TV 50 SEMP SMART GOOGLE 50S62 4K UHD,7899968301891,,,,,,2025-08-30T09:31:07.000-03:00,2026-04-22T19:08:23.000-03:00,,,,0,0,7899968301891,Unidade,1,,,COSMOS,https://cosmos.bluesoft.com.br/products/barcode/3F01F463FA4F94E2FB98FCE991F5DCF1.png,,,,,85287200,"Outros, em cores","Máquinas, aparelhos e materiais elétricos, e suas partes; aparelhos de gravação ou de reprodução de som, aparelhos de gravação ou de reprodução de imagens e de som em televisão, e suas partes e acessórios - Monitores e projetores, que não incorporem aparelho receptor de televisão; aparelhos receptores de televisão, mesmo que incorporem um aparelho receptor de radiodifusão ou um aparelho de gravação ou de reprodução de som ou de imagens - Aparelhos receptores de televisão, mesmo que incorporem um aparelho receptor de radiodifusão ou um aparelho de gravação ou reprodução de som ou de imagens: - Outros, em cores",,,,,,,,,,,,,,,,,,
TV,7899968302058,TV QLED 4K 65P SMART,7899968302058,,,,,,2025-10-26T10:38:26.000-03:00,2025-10-26T10:38:27.000-03:00,,,,0,0,7899968302058,Unidade,1,,,COSMOS,https://cosmos.bluesoft.com.br/products/barcode/3F01F463FA4F94E2BB040CB4AF299FA0.png,,,,,,,,,,,,,,,,,,,,,,,,,
TV,7899968303642,,,,,,,,,,,,,,,,,,,,,,Não encontrado,,,,,,,,,,,,,,,,,,,,,,,,
TV,7899968303666,,,,,,,,,,,,,,,,,,,,,,Não encontrado,,,,,,,,,,,,,,,,,,,,,,,,
TV,7899968303680,,,,,,,,,,,,,,,,,,,,,,Não encontrado,,,,,,,,,,,,,,,,,,,,,,,,
TV,7899968303697,,,,,,,,,,,,,,,,,,,,,,Não encontrado,,,,,,,,,,,,,,,,,,,,,,,,
TV,7899968303703,,,,,,,,,,,,,,,,,,,,,,Não encontrado,,,,,,,,,,,,,,,,,,,,,,,,
TV,7900104543201,,,,,,,,,,,,,,,,,,,,,,Não encontrado,,,,,,,,,,,,,,,,,,,,,,,,
TV,7903500042415,,,,,,,,,,,,,,,,,,,,,,Não encontrado,,,,,,,,,,,,,,,,,,,,,,,,
TV,7903837119965,,,,,,,,,,,,,,,,,,,,,,Não encontrado,,,,,,,,,,,,,,,,,,,,,,,,
TV,7904012044607,,,,,,,,,,,,,,,,,,,,,,Não encontrado,,,,,,,,,,,,,,,,,,,,,,,,
TV,7904054032013,,,,,,,,,,,,,,,,,,,,,,Não encontrado,,,,,,,,,,,,,,,,,,,,,,,,
TV,7904500324648,,,,,,,,,,,,,,,,,,,,,,Não encontrado,,,,,,,,,,,,,,,,,,,,,,,,
TV,7904536104252,,,,,,,,,,,,,,,,,,,,,,Não encontrado,,,,,,,,,,,,,,,,,,,,,,,,
TV,7904910717818,,,,,,,,,,,,,,,,,,,,,,Não encontrado,,,,,,,,,,,,,,,,,,,,,,,,
TV,7905304406424,,,,,,,,,,,,,,,,,,,,,,Não encontrado,,,,,,,,,,,,,,,,,,,,,,,,
TV,7908685678305,TV MULTI 43 FHD ANDROID TL066M,7908685678305,,,,,,2025-09-07T14:19:21.000-03:00,2025-09-07T14:19:23.000-03:00,,,,0,0,7908685678305,Unidade,1,,,COSMOS,https://cosmos.bluesoft.com.br/products/barcode/1B06E0E680D6A81690AAEA76D063814C.png,,,,,,,,,,,,,,,,,,,,,,,,,
TV,7908685680445,TV LED 32 TOSHIBA UN,7908685680445,,,,,,2025-09-16T21:32:27.000-03:00,2025-09-16T21:32:29.000-03:00,,,,0,0,7908685680445,Unidade,1,,,COSMOS,https://cosmos.bluesoft.com.br/products/barcode/1B06E0E680D6A81614CAC3D0E26E236C.png,,,,,,,,,,,,,,,,,,,,,,,,,
TV,7908685681411,TV MULTI 32 HD ROKU TL052M,7908685681411,,,,,,2025-09-07T14:18:38.000-03:00,2026-02-11T08:51:17.000-03:00,,,,0,0,7908685681411,Unidade,1,,,COSMOS,https://cosmos.bluesoft.com.br/products/barcode/1B06E0E680D6A81643C35F12FFB31EEF.png,,,,,,,,,,,,,,,,,,,,,,,,,
TV,7908842813419,,,,,,,,,,,,,,,,,,,,,,Não encontrado,,,,,,,,,,,,,,,,,,,,,,,,
TV,7908842831307,,,,,,,,,,,,,,,,,,,,,,Não encontrado,,,,,,,,,,,,,,,,,,,,,,,,
TV,7908842843263,TV 4K QLED 100P SMART,7908842843263,,,,,,2025-12-14T07:19:08.000-03:00,2026-07-17T19:13:46.000-03:00,,,,0,0,7908842843263,Unidade,1,,,COSMOS,https://cosmos.bluesoft.com.br/products/barcode/4641BBDC92413994E888327B2403CFDB.png,,,,,,,,,,,,,,,,,,,,,,,,,
TV,7908842843317,TV 43 TOSHIBA SMART,7908842843317,,,,,,2025-11-07T23:00:39.000-03:00,2026-06-05T08:02:30.000-03:00,,,,0,0,7908842843317,Unidade,1,,,COSMOS,https://cosmos.bluesoft.com.br/products/barcode/4641BBDC92413994DD18383005E21E22.png,,,,,,,,,,,,,,,,,,,,,,,,,
TV,7908842843331,,,,,,,,,,,,,,,,,,,,,,Não encontrado,,,,,,,,,,,,,,,,,,,,,,,,
TV,7908842853842,,,,,,,,,,,,,,,,,,,,,,Não encontrado,,,,,,,,,,,,,,,,,,,,,,,,
TV,7908842853859,,,,,,,,,,,,,,,,,,,,,,Não encontrado,,,,,,,,,,,,,,,,,,,,,,,,
TV,7908842853903,,,,,,,,,,,,,,,,,,,,,,Não encontrado,,,,,,,,,,,,,,,,,,,,,,,,
TV,7908842853965,,,,,,,,,,,,,,,,,,,,,,Não encontrado,,,,,,,,,,,,,,,,,,,,,,,,
TV,7908842854009,,,,,,,,,,,,,,,,,,,,,,Não encontrado,,,,,,,,,,,,,,,,,,,,,,,,
TV,7908842866699,,,,,,,,,,,,,,,,,,,,,,Não encontrado,,,,,,,,,,,,,,,,,,,,,,,,
TV,7908842866729,TV QLED 4K 55P SMART,7908842866729,,,,,,2025-12-14T07:21:39.000-03:00,2025-12-14T07:21:40.000-03:00,,,,0,0,7908842866729,Unidade,1,,,COSMOS,https://cosmos.bluesoft.com.br/products/barcode/4641BBDC92413994A5137206F6DD36C2.png,,,,,,,,,,,,,,,,,,,,,,,,,
TV,7908842866934,,,,,,,,,,,,,,,,,,,,,,Não encontrado,,,,,,,,,,,,,,,,,,,,,,,,
TV,8806094336368,,,,,,,,,,,,,,,,,,,,,,Não encontrado,,,,,,,,,,,,,,,,,,,,,,,,
TV,8806097212829,,,,,,,,,,,,,,,,,,,,,,Não encontrado,,,,,,,,,,,,,,,,,,,,,,,,
TV,8806099442316,,,,,,,,,,,,,,,,,,,,,,Não encontrado,,,,,,,,,,,,,,,,,,,,,,,,
Tablet,0195949964183,,,,,,,,,,,,,,,,,,,,,,Não encontrado,,,,,,,,,,,,,,,,,,,,,,,,
Tablet,0197532686656,"LENOVO TAB M11, 11” DISPLAY, MEDIATEK HELIO G88 OCTA-CORE, 4GB RAM, 128GB SSD, 1920X1200 PX, AMBIENT LIGHT-SENSOR, 10 HOUR BATTERY, COMES W/FOLIO CASE, LUNA GREY",197532686656,25.4,0.7112,16.6116,467,467,2024-04-07T22:14:15.000-03:00,2024-04-07T22:18:46.000-03:00,,,,0,0,197532686656,Unidade,1,,,COSMOS,https://cosmos.bluesoft.com.br/products/barcode/DBB4E752B5A3F40A03DC57FDF9732BA5.png,,https://cdn-cosmos.bluesoft.com.br/products/197532686656,LENOVO,/assets/brand-placeholder-7080174fbd24025783105a607811edad.png,,,,,,,,,,,,,,,,,,,,,
Tablet,0198158677103,,,,,,,,,,,,,,,,,,,,,,Não encontrado,,,,,,,,,,,,,,,,,,,,,,,,
Tablet,0504843168212,,,,,,,,,,,,,,,,,,,,,,Não encontrado,,,,,,,,,,,,,,,,,,,,,,,,
Tablet,3166682488981,,,,,,,,,,,,,,,,,,,,,,Não encontrado,,,,,,,,,,,,,,,,,,,,,,,,
Tablet,6238423250571,,,,,,,,,,,,,,,,,,,,,,Não encontrado,,,,,,,,,,,,,,,,,,,,,,,,
Tablet,7890000377713,ABS MILI REGULAR COM ABAS SUAVE C 8UN,7890000377713,,,,,,2026-01-05T19:54:39.000-03:00,2026-01-05T19:54:40.000-03:00,,,,0,0,7890000377713,Unidade,1,,,COSMOS,https://cosmos.bluesoft.com.br/products/barcode/26962AA47DD0B55F2DEE5E7866C1A62E.png,,,,,,,,,,,,,,,,,,,,,,,,,
Tablet,7890000539005,,,,,,,,,,,,,,,,,,,,,,Não encontrado,,,,,,,,,,,,,,,,,,,,,,,,
Tablet,7890024982702,,,,,,,,,,,,,,,,,,,,,,Não encontrado,,,,,,,,,,,,,,,,,,,,,,,,
Tablet,7890113399091,,,,,,,,,,,,,,,,,,,,,,Não encontrado,,,,,,,,,,,,,,,,,,,,,,,,
Tablet,7890559883215,,,,,,,,,,,,,,,,,,,,,,Não encontrado,,,,,,,,,,,,,,,,,,,,,,,,
Tablet,7890743331232,,,,,,,,,,,,,,,,,,,,,,Não encontrado,,,,,,,,,,,,,,,,,,,,,,,,
Tablet,7890834499636,,,,,,,,,,,,,,,,,,,,,,Não encontrado,,,,,,,,,,,,,,,,,,,,,,,,
Tablet,7891325200250,,,,,,,,,,,,,,,,,,,,,,Não encontrado,,,,,,,,,,,,,,,,,,,,,,,,
Tablet,7891327496002,,,,,,,,,,,,,,,,,,,,,,Não encontrado,,,,,,,,,,,,,,,,,,,,,,,,
Tablet,7891691092725,,,,,,,,,,,,,,,,,,,,,,Não encontrado,,,,,,,,,,,,,,,,,,,,,,,,
Tablet,7892387113786,,,,,,,,,,,,,,,,,,,,,,Não encontrado,,,,,,,,,,,,,,,,,,,,,,,,
Tablet,7892509135313,TABLET SAMSUNG X306 GALAXY TAB ACTIVE5,7892509135313,,,,,,2024-11-11T20:09:24.000-03:00,2026-05-26T09:18:57.000-03:00,,,,0,0,7892509135313,Unidade,1,,,COSMOS,https://cosmos.bluesoft.com.br/products/barcode/A44747C82FC8A71474047A98F65D1B14.png,,,,,,,,,,,,,,,,,,,,,,,,,
Tablet,7892509143752,TABLET S10FEP 128GB 131P CNZ,7892509143752,,,,,,2025-09-03T16:53:20.000-03:00,2025-09-03T16:53:21.000-03:00,,,,0,0,7892509143752,Unidade,1,,,COSMOS,https://cosmos.bluesoft.com.br/products/barcode/A44747C82FC8A7145335653693F28ABD.png,,,,,,,,,,,,,,,,,,,,,,,,,
Tablet,7893079430938,,,,,,,,,,,,,,,,,,,,,,Não encontrado,,,,,,,,,,,,,,,,,,,,,,,,
Tablet,7893510103698,,,,,,,,,,,,,,,,,,,,,,Não encontrado,,,,,,,,,,,,,,,,,,,,,,,,
Tablet,7893519874001,,,,,,,,,,,,,,,,,,,,,,Não encontrado,,,,,,,,,,,,,,,,,,,,,,,,
Tablet,7893790105214,,,,,,,,,,,,,,,,,,,,,,Não encontrado,,,,,,,,,,,,,,,,,,,,,,,,
Tablet,7893852799801,,,,,,,,,,,,,,,,,,,,,,Não encontrado,,,,,,,,,,,,,,,,,,,,,,,,
Tablet,7894110808204,,,,,,,,,,,,,,,,,,,,,,Não encontrado,,,,,,,,,,,,,,,,,,,,,,,,
Tablet,7894270166817,,,,,,,,,,,,,,,,,,,,,,Não encontrado,,,,,,,,,,,,,,,,,,,,,,,,
Tablet,7895571612607,,,,,,,,,,,,,,,,,,,,,,Não encontrado,,,,,,,,,,,,,,,,,,,,,,,,
Tablet,7895836913203,,,,,,,,,,,,,,,,,,,,,,Não encontrado,,,,,,,,,,,,,,,,,,,,,,,,
Tablet,7895966263292,,,,,,,,,,,,,,,,,,,,,,Não encontrado,,,,,,,,,,,,,,,,,,,,,,,,
Tablet,7896622810089,,,,,,,,,,,,,,,,,,,,,,Não encontrado,,,,,,,,,,,,,,,,,,,,,,,,
Tablet,7896732359942,,,,,,,,,,,,,,,,,,,,,,Não encontrado,,,,,,,,,,,,,,,,,,,,,,,,
Tablet,7896798402460,,,,,,,,,,,,,,,,,,,,,,Não encontrado,,,,,,,,,,,,,,,,,,,,,,,,
Tablet,7897029950293,,,,,,,,,,,,,,,,,,,,,,Não encontrado,,,,,,,,,,,,,,,,,,,,,,,,
Tablet,7897585485987,,,,,,,,,,,,,,,,,,,,,,Não encontrado,,,,,,,,,,,,,,,,,,,,,,,,
Tablet,7897896134710,,,,,,,,,,,,,,,,,,,,,,Não encontrado,,,,,,,,,,,,,,,,,,,,,,,,
Tablet,7899000405259,,,,,,,,,,,,,,,,,,,,,,Não encontrado,,,,,,,,,,,,,,,,,,,,,,,,
Tablet,7899000405488,,,,,,,,,,,,,,,,,,,,,,Não encontrado,,,,,,,,,,,,,,,,,,,,,,,,
Tablet,7899000405693,,,,,,,,,,,,,,,,,,,,,,Não encontrado,,,,,,,,,,,,,,,,,,,,,,,,
Tablet,7899105056264,,,,,,,,,,,,,,,,,,,,,,Não encontrado,,,,,,,,,,,,,,,,,,,,,,,,
Tablet,7899419798409,,,,,,,,,,,,,,,,,,,,,,Não encontrado,,,,,,,,,,,,,,,,,,,,,,,,
Tablet,7900899752468,,,,,,,,,,,,,,,,,,,,,,Não encontrado,,,,,,,,,,,,,,,,,,,,,,,,
Tablet,7903215406946,,,,,,,,,,,,,,,,,,,,,,Não encontrado,,,,,,,,,,,,,,,,,,,,,,,,
Tablet,7903215407035,,,,,,,,,,,,,,,,,,,,,,Não encontrado,,,,,,,,,,,,,,,,,,,,,,,,
Tablet,7903215407141,,,,,,,,,,,,,,,,,,,,,,Não encontrado,,,,,,,,,,,,,,,,,,,,,,,,
Tablet,7903215407257,,,,,,,,,,,,,,,,,,,,,,Não encontrado,,,,,,,,,,,,,,,,,,,,,,,,
Tablet,7903215407295,,,,,,,,,,,,,,,,,,,,,,Não encontrado,,,,,,,,,,,,,,,,,,,,,,,,
Tablet,7903962024417,,,,,,,,,,,,,,,,,,,,,,Não encontrado,,,,,,,,,,,,,,,,,,,,,,,,
Tablet,7903962024479,,,,,,,,,,,,,,,,,,,,,,Não encontrado,,,,,,,,,,,,,,,,,,,,,,,,
Tablet,7903962024509,,,,,,,,,,,,,,,,,,,,,,Não encontrado,,,,,,,,,,,,,,,,,,,,,,,,
Tablet,7903962024516,,,,,,,,,,,,,,,,,,,,,,Não encontrado,,,,,,,,,,,,,,,,,,,,,,,,
Tablet,7903962024547,,,,,,,,,,,,,,,,,,,,,,Não encontrado,,,,,,,,,,,,,,,,,,,,,,,,
Tablet,7903962024653,,,,,,,,,,,,,,,,,,,,,,Não encontrado,,,,,,,,,,,,,,,,,,,,,,,,
Tablet,7903962024790,,,,,,,,,,,,,,,,,,,,,,Não encontrado,,,,,,,,,,,,,,,,,,,,,,,,
Tablet,7903962025391,,,,,,,,,,,,,,,,,,,,,,Não encontrado,,,,,,,,,,,,,,,,,,,,,,,,
Tablet,7903962025797,,,,,,,,,,,,,,,,,,,,,,Não encontrado,,,,,,,,,,,,,,,,,,,,,,,,
Tablet,7903962025858,,,,,,,,,,,,,,,,,,,,,,Não encontrado,,,,,,,,,,,,,,,,,,,,,,,,
Tablet,7903962025889,,,,,,,,,,,,,,,,,,,,,,Não encontrado,,,,,,,,,,,,,,,,,,,,,,,,
Tablet,7903962026343,,,,,,,,,,,,,,,,,,,,,,Não encontrado,,,,,,,,,,,,,,,,,,,,,,,,
Tablet,7903962026503,,,,,,,,,,,,,,,,,,,,,,Não encontrado,,,,,,,,,,,,,,,,,,,,,,,,
Tablet,7903962026510,,,,,,,,,,,,,,,,,,,,,,Não encontrado,,,,,,,,,,,,,,,,,,,,,,,,
Tablet,7903962026725,,,,,,,,,,,,,,,,,,,,,,Não encontrado,,,,,,,,,,,,,,,,,,,,,,,,
Tablet,7903962027036,,,,,,,,,,,,,,,,,,,,,,Não encontrado,,,,,,,,,,,,,,,,,,,,,,,,
Tablet,7904210031607,,,,,,,,,,,,,,,,,,,,,,Não encontrado,,,,,,,,,,,,,,,,,,,,,,,,
Tablet,7905281867560,,,,,,,,,,,,,,,,,,,,,,Não encontrado,,,,,,,,,,,,,,,,,,,,,,,,
Tablet,7905372223268,,,,,,,,,,,,,,,,,,,,,,Não encontrado,,,,,,,,,,,,,,,,,,,,,,,,
Tablet,7905372224142,,,,,,,,,,,,,,,,,,,,,,Não encontrado,,,,,,,,,,,,,,,,,,,,,,,,
Tablet,7905372224258,,,,,,,,,,,,,,,,,,,,,,Não encontrado,,,,,,,,,,,,,,,,,,,,,,,,
Tablet,7905372224333,,,,,,,,,,,,,,,,,,,,,,Não encontrado,,,,,,,,,,,,,,,,,,,,,,,,
Tablet,7905372224340,,,,,,,,,,,,,,,,,,,,,,Não encontrado,,,,,,,,,,,,,,,,,,,,,,,,
Tablet,7905372224548,,,,,,,,,,,,,,,,,,,,,,Não encontrado,,,,,,,,,,,,,,,,,,,,,,,,
Tablet,7905372226085,,,,,,,,,,,,,,,,,,,,,,Não encontrado,,,,,,,,,,,,,,,,,,,,,,,,
Tablet,7905372226177,,,,,,,,,,,,,,,,,,,,,,Não encontrado,,,,,,,,,,,,,,,,,,,,,,,,
Tablet,7905372226269,,,,,,,,,,,,,,,,,,,,,,Não encontrado,,,,,,,,,,,,,,,,,,,,,,,,
Tablet,7905372226818,,,,,,,,,,,,,,,,,,,,,,Não encontrado,,,,,,,,,,,,,,,,,,,,,,,,
Tablet,7905372226917,,,,,,,,,,,,,,,,,,,,,,Não encontrado,,,,,,,,,,,,,,,,,,,,,,,,
Tablet,7906424402006,,,,,,,,,,,,,,,,,,,,,,Não encontrado,,,,,,,,,,,,,,,,,,,,,,,,
Tablet,7906424417468,,,,,,,,,,,,,,,,,,,,,,Não encontrado,,,,,,,,,,,,,,,,,,,,,,,,
Tablet,7906424417475,,,,,,,,,,,,,,,,,,,,,,Não encontrado,,,,,,,,,,,,,,,,,,,,,,,,
Tablet,7906424420536,,,,,,,,,,,,,,,,,,,,,,Não encontrado,,,,,,,,,,,,,,,,,,,,,,,,
Tablet,7906424420901,,,,,,,,,,,,,,,,,,,,,,Não encontrado,,,,,,,,,,,,,,,,,,,,,,,,
Tablet,7906424421519,,,,,,,,,,,,,,,,,,,,,,Não encontrado,,,,,,,,,,,,,,,,,,,,,,,,
Tablet,7906424424961,,,,,,,,,,,,,,,,,,,,,,Não encontrado,,,,,,,,,,,,,,,,,,,,,,,,
Tablet,7906424426545,,,,,,,,,,,,,,,,,,,,,,Não encontrado,,,,,,,,,,,,,,,,,,,,,,,,
Tablet,7906424426712,,,,,,,,,,,,,,,,,,,,,,Não encontrado,,,,,,,,,,,,,,,,,,,,,,,,
Tablet,7906424426842,,,,,,,,,,,,,,,,,,,,,,Não encontrado,,,,,,,,,,,,,,,,,,,,,,,,
Tablet,7906424427177,,,,,,,,,,,,,,,,,,,,,,Não encontrado,,,,,,,,,,,,,,,,,,,,,,,,
Tablet,7906424427238,,,,,,,,,,,,,,,,,,,,,,Não encontrado,,,,,,,,,,,,,,,,,,,,,,,,
Tablet,7906424440039,,,,,,,,,,,,,,,,,,,,,,Não encontrado,,,,,,,,,,,,,,,,,,,,,,,,
Tablet,7906424440121,,,,,,,,,,,,,,,,,,,,,,Não encontrado,,,,,,,,,,,,,,,,,,,,,,,,
Tablet,7906424440169,,,,,,,,,,,,,,,,,,,,,,Não encontrado,,,,,,,,,,,,,,,,,,,,,,,,
Tablet,7906424440206,,,,,,,,,,,,,,,,,,,,,,Não encontrado,,,,,,,,,,,,,,,,,,,,,,,,
Tablet,7906424440220,,,,,,,,,,,,,,,,,,,,,,Não encontrado,,,,,,,,,,,,,,,,,,,,,,,,
Tablet,7906424440237,,,,,,,,,,,,,,,,,,,,,,Não encontrado,,,,,,,,,,,,,,,,,,,,,,,,
Tablet,7906750313908,,,,,,,,,,,,,,,,,,,,,,Não encontrado,,,,,,,,,,,,,,,,,,,,,,,,
Tablet,7908414419988,TABLET MULTILASER M10 NB359 ANDROID 13 OCTA CORE 128GB WI FI TELA 10 CINZA,7908414419988,,,,,,2025-09-07T13:32:22.000-03:00,2026-02-24T20:04:51.000-03:00,,,,0,0,7908414419988,Unidade,1,,,COSMOS,https://cosmos.bluesoft.com.br/products/barcode/9DCC0F3676CC1833FF031989D54A3230.png,,,,,,,,,,,,,,,,,,,,,,,,,
Tablet,7908426308652,TABLET XIAOMI REDMI PAD SE 4/128GB CZ,7908426308652,,,,,,2023-12-12T02:50:39.000-03:00,2024-10-27T23:08:44.000-03:00,,,,0,0,7908426308652,Unidade,1,,,COSMOS,https://cosmos.bluesoft.com.br/products/barcode/EE45BAFAC7DE4BC2DA18B1C90F9733F0.png,,,,,,,,,,,,,,,,,,,,,,,,,
Tablet,7908426312413,,,,,,,,,,,,,,,,,,,,,,Não encontrado,,,,,,,,,,,,,,,,,,,,,,,,
Tablet,7908685679609,MULTILASER TAB KID PAD WIFI 64GB NB411 ROSA .,7908685679609,,,,,,2023-12-17T16:27:37.000-03:00,2023-12-17T16:27:38.000-03:00,,,,0,0,7908685679609,Unidade,1,,,COSMOS,https://cosmos.bluesoft.com.br/products/barcode/1B06E0E680D6A816F7A950E44B5AFCC8.png,,,,,,,,,,,,,,,,,,,,,,,,,
Tablet,7908685679692,TABLET MULTI PEPPA PIG NB420 64GB,7908685679692,,,,,,2025-10-26T15:13:51.000-03:00,2025-10-26T15:13:52.000-03:00,,,,0,0,7908685679692,Unidade,1,,,COSMOS,https://cosmos.bluesoft.com.br/products/barcode/1B06E0E680D6A816DB540592437D2929.png,,,,,,,,,,,,,,,,,,,,,,,,,
Tablet,7908685680100,TABLET MULTILASER M8 NB426 ANDROID 13 OCTA CORE 1 8 64GB WI FI TELA 8 GRAFITE,7908685680100,,,,,,2025-09-07T14:48:12.000-03:00,2026-02-27T20:01:04.000-03:00,,,,0,0,7908685680100,Unidade,1,,,COSMOS,https://cosmos.bluesoft.com.br/products/barcode/1B06E0E680D6A816E1EB2F94679ACFE3.png,,,,,,,,,,,,,,,,,,,,,,,,,